#VRML V2.0 utf8
# 3D model generated by easyeda2kicad.py (https://github.com/uPesy/easyeda2kicad.py)

Shape{
    appearance Appearance {
        material  Material 	{
            diffuseColor 0.8509803921568627 0.8509803921568627 0.8509803921568627
            specularColor 0.4235294117647059 0.4235294117647059 0.4235294117647059
            ambientIntensity 0.851
            transparency 0.0
            shininess 0.5
        }
    }
    geometry IndexedFaceSet {
        ccw TRUE
        solid FALSE
        coord DEF co Coordinate {
            point [
                5.1793 -5.0 0.9488, 5.5906 -5.0 0.9488, 5.5906 -4.434 0.9488, -5.5906 -5.0 0.9488, -0.6474 -5.0 0.9488, -0.6474 -4.434 0.9488, 4.1967 -4.3702 0.9488, 4.1928 -4.3706 0.9488, 4.2316 -4.3706 0.9488, 3.7202 -4.0798 0.9488, 3.7511 -4.1059 0.9488, 3.8592 -3.9537 0.9488, 3.8592 -4.1165 0.9488, 3.5686 -3.9372 0.9488, 3.5932 -3.9537 0.9488, 3.6194 -3.9713 0.9488, 3.657 -4.0148 0.9488, 3.6809 -4.0612 0.9488, 3.6863 -4.0631 0.9488, 3.5115 -3.917 0.9488, 3.8592 -0.0931 0.9488, 3.4645 -3.9121 0.9488, 3.4082 -3.919 0.9488, 3.3557 -3.9393 0.9488, -0.6474 -0.0931 0.9488, 3.3324 -3.9537 0.9488, -0.6474 -3.9537 0.9488, 3.3279 -3.9565 0.9488, 3.2067 -4.0099 0.9488, 3.2516 -4.0043 0.9488, 3.3012 -3.9794 0.9488, 3.2647 -4.005 0.9488, 3.2778 -4.0066 0.9488, 3.1207 -4.059 0.9488, 3.1283 -4.0517 0.9488, 3.1645 -4.0263 0.9488, -0.6474 -4.1165 0.9488, -0.6474 -4.1635 0.9488, 3.0701 -4.1635 0.9488, 3.0751 -4.1352 0.9488, 3.0833 -4.1165 0.9488, 3.0932 -4.0942 0.9488, 3.1504 -4.3431 0.9488, 3.115 -4.3129 0.9488, -0.6474 -4.3706 0.9488, 3.0891 -4.2759 0.9488, 3.1916 -4.3632 0.9488, 3.2075 -4.3706 0.9488, 3.2061 -4.3675 0.9488, 3.0727 -4.2335 0.9488, 3.0672 -4.1888 0.9488, 3.0675 -4.178 0.9488, 3.2568 -4.4297 0.9488, 3.2345 -4.413 0.9488, 3.2176 -4.3921 0.9488, 3.3614 -4.434 0.9488, 3.3419 -4.4415 0.9488, 3.8592 -5.0 0.9488, 3.3142 -4.4449 0.9488, 3.31 -4.4449 0.9488, 3.2831 -4.4407 0.9488, 3.2672 -4.434 0.9488, 3.4209 -4.3706 0.9488, 3.4207 -4.3714 0.9488, 3.8592 -4.434 0.9488, 3.4071 -4.3967 0.9488, 3.39 -4.4159 0.9488, 3.3673 -4.4317 0.9488, 3.7883 -4.1731 0.9488, 3.7936 -4.2104 0.9488, 3.8592 -4.1635 0.9488, 3.5663 -4.3034 0.9488, 3.5741 -4.3003 0.9488, 3.5875 -4.2354 0.9488, 3.3996 -4.2548 0.9488, 3.5522 -4.1751 0.9488, 3.383 -4.2391 0.9488, 3.3595 -4.2253 0.9488, 3.5593 -4.3084 0.9488, 3.7884 -4.2509 0.9488, 3.8592 -4.3706 0.9488, 3.7741 -4.287 0.9488, 3.7515 -4.3186 0.9488, 3.5829 -4.2992 0.9488, 3.5841 -4.2993 0.9488, 3.5875 -4.3 0.9488, 3.1486 -4.2322 0.9488, 3.1619 -4.2549 0.9488, 3.2197 -4.2669 0.9488, 3.1823 -4.2759 0.9488, 3.2072 -4.2912 0.9488, 3.2618 -4.2291 0.9488, 3.1418 -4.1635 0.9488, 3.2385 -4.2453 0.9488, 3.1389 -4.1865 0.9488, 3.1403 -4.2044 0.9488, 3.2869 -4.2195 0.9488, 3.3142 -4.2161 0.9488, 3.3324 -4.2175 0.9488, 3.7205 -4.3447 0.9488, 3.6858 -4.3618 0.9488, 3.6478 -4.3698 0.9488, 3.5477 -4.3345 0.9488, 3.5479 -4.33 0.9488, 3.4281 -4.3197 0.9488, 3.5502 -4.3213 0.9488, 3.5546 -4.3136 0.9488, 3.5807 -4.3698 0.9488, 3.5743 -4.3688 0.9488, 3.5667 -4.3658 0.9488, 3.5593 -4.3606 0.9488, 3.5567 -4.3579 0.9488, 3.5517 -4.3507 0.9488, 3.5487 -4.343 0.9488, 3.4274 -4.3433 0.9488, 3.4281 -4.3311 0.9488, 3.7011 -4.2704 0.9488, 3.7132 -4.2524 0.9488, 3.7207 -4.232 0.9488, 3.723 -4.2115 0.9488, 3.7225 -4.2025 0.9488, 3.5898 -4.3003 0.9488, 3.641 -4.3003 0.9488, 3.6562 -4.2979 0.9488, 3.6769 -4.2899 0.9488, 3.6946 -4.2771 0.9488, 3.6342 -4.1227 0.9488, 3.6251 -4.1227 0.9488, 3.7084 -4.1635 0.9488, 3.6544 -4.125 0.9488, 3.7174 -4.1805 0.9488, 3.1423 -4.1588 0.9488, 3.1521 -4.1334 0.9488, 3.707 -4.1607 0.9488, 3.6922 -4.1443 0.9488, 3.6743 -4.1323 0.9488, 3.6003 -4.054 0.9488, 3.5745 -4.0234 0.9488, 3.3131 -4.0897 0.9488, 3.5721 -4.0211 0.9488, 3.5401 -3.9989 0.9488, 3.3306 -4.0536 0.9488, 3.1639 -4.1165 0.9488, 3.3054 -4.0855 0.9488, 3.6237 -4.1165 0.9488, 3.618 -4.0906 0.9488, 3.2799 -4.0761 0.9488, 3.2528 -4.0726 0.9488, 3.2405 -4.0733 0.9488, 3.3561 -4.0231 0.9488, 3.5044 -3.9852 0.9488, 3.3865 -4.0009 0.9488, 3.4657 -3.9804 0.9488, 3.4237 -3.9858 0.9488, 3.2124 -4.0801 0.9488, 3.1871 -4.0936 0.9488, 3.1679 -4.1108 0.9488, 3.7587 -4.1165 0.9488, 3.7744 -4.1383 0.9488, 3.7845 -4.1635 0.9488, 4.4507 -4.2275 0.9488, 4.4544 -4.351 0.9488, 4.4695 -4.1635 0.9488, 4.4695 -4.3706 0.9488, 4.4544 -4.3692 0.9488, 4.4189 -4.3706 0.9488, 4.3889 -4.2971 0.9488, 4.3889 -4.351 0.9488, 4.4189 -4.2971 0.9488, 4.4189 -4.351 0.9488, 4.4462 -4.2971 0.9488, 4.4462 -4.2788 0.9488, 4.4189 -4.2788 0.9488, 4.4189 -4.2275 0.9488, 4.3889 -4.2788 0.9488, 4.3889 -4.2275 0.9488, 4.4189 -4.3692 0.9488, 4.3682 -4.3692 0.9488, 4.3574 -4.3706 0.9488, 4.3682 -4.2091 0.9488, 4.157 -4.3494 0.9488, 4.1584 -4.3499 0.9488, 4.1584 -4.3074 0.9488, 4.155 -4.3038 0.9488, 4.1523 -4.2996 0.9488, 4.1491 -4.3445 0.9488, 4.1501 -4.2935 0.9488, 4.1493 -4.2857 0.9488, 4.1424 -4.1635 0.9488, 4.1501 -4.2786 0.9488, 4.1582 -4.3073 0.9488, 4.1491 -4.3652 0.9488, 4.1424 -4.3706 0.9488, 4.1584 -4.3685 0.9488, 4.1584 -4.3706 0.9488, 4.1635 -4.3702 0.9488, 4.167 -4.3706 0.9488, 4.2209 -4.2573 0.9488, 4.2209 -4.2768 0.9488, 4.1621 -4.2613 0.9488, 4.168 -4.2578 0.9488, 4.1584 -4.1635 0.9488, 4.2254 -4.3462 0.9488, 4.223 -4.3525 0.9488, 4.2192 -4.3578 0.9488, 4.1524 -4.2721 0.9488, 4.1562 -4.2667 0.9488, 4.1584 -4.2647 0.9488, 4.179 -4.2539 0.9488, 4.1938 -4.2523 0.9488, 4.2316 -4.1635 0.9488, 4.2049 -4.253 0.9488, 4.2197 -4.3192 0.9488, 4.2234 -4.3247 0.9488, 4.2256 -4.3307 0.9488, 4.2264 -4.3381 0.9488, 4.2135 -4.3629 0.9488, 4.2077 -4.3663 0.9488, 4.1918 -4.2685 0.9488, 4.1859 -4.269 0.9488, 4.1699 -4.2839 0.9488, 4.1805 -4.2704 0.9488, 4.176 -4.2728 0.9488, 4.1701 -4.2866 0.9488, 4.1709 -4.2897 0.9488, 4.1724 -4.2924 0.9488, 4.1743 -4.2946 0.9488, 4.1814 -4.299 0.9488, 4.205 -4.27 0.9488, 4.1938 -4.3044 0.9488, 4.2163 -4.2742 0.9488, 4.2016 -4.3075 0.9488, 4.2149 -4.315 0.9488, 4.173 -4.2755 0.9488, 4.1713 -4.278 0.9488, 4.1703 -4.2807 0.9488, 4.1696 -4.3541 0.9488, 4.1796 -4.319 0.9488, 4.1677 -4.3135 0.9488, 4.1821 -4.3556 0.9488, 4.183 -4.3556 0.9488, 4.1928 -4.3245 0.9488, 4.1933 -4.3544 0.9488, 4.2058 -4.3401 0.9488, 4.2056 -4.3376 0.9488, 4.1985 -4.3525 0.9488, 4.2003 -4.3514 0.9488, 4.2026 -4.3494 0.9488, 4.2044 -4.3468 0.9488, 4.2054 -4.3439 0.9488, 4.2047 -4.3345 0.9488, 4.2031 -4.3318 0.9488, 4.2006 -4.3292 0.9488, 4.6194 -4.1165 0.9488, 4.5674 -4.1152 0.9488, 4.5446 -4.1152 0.9488, 4.5282 -4.0714 0.9488, 4.4695 -4.0714 0.9488, 4.4695 -4.1165 0.9488, 4.5064 -3.9551 0.9488, 4.6194 -3.9537 0.9488, 4.4695 -3.9537 0.9488, 4.4616 -4.0714 0.9488, 4.4462 -4.1152 0.9488, 4.4189 -4.1165 0.9488, 4.4233 -4.1152 0.9488, 4.4189 -3.9537 0.9488, 4.4695 -3.994 0.9488, 4.4843 -3.9551 0.9488, 4.2841 -4.1152 0.9488, 4.2841 -3.9551 0.9488, 4.2502 -3.9735 0.9488, 4.2502 -3.9551 0.9488, 4.3298 -3.9551 0.9488, 4.3574 -3.9537 0.9488, 4.2316 -3.9537 0.9488, 4.2316 -3.9551 0.9488, 4.2316 -4.1165 0.9488, 4.3574 -4.1165 0.9488, 4.2538 -4.1152 0.9488, 4.3517 -4.1128 0.9488, 4.3281 -4.1152 0.9488, 4.2538 -4.0969 0.9488, 4.3965 -3.9824 0.9488, 4.4063 -3.9966 0.9488, 4.4102 -4.0615 0.9488, 4.4025 -4.0782 0.9488, 4.3903 -4.0928 0.9488, 4.3903 -3.9763 0.9488, 4.3865 -4.0961 0.9488, 4.3707 -4.1062 0.9488, 4.3574 -4.1108 0.9488, 4.3546 -3.9579 0.9488, 4.3574 -3.9589 0.9488, 4.3739 -3.965 0.9488, 4.412 -4.012 0.9488, 4.4144 -4.0331 0.9488, 4.414 -4.0427 0.9488, 4.1884 -4.0431 0.9488, 4.1884 -4.0969 0.9488, 4.2316 -4.0431 0.9488, 4.2316 -4.0969 0.9488, 4.2456 -4.0431 0.9488, 4.2456 -4.0247 0.9488, 4.2316 -4.0247 0.9488, 4.2316 -3.9735 0.9488, 4.1884 -4.0247 0.9488, 4.1884 -3.9735 0.9488, 4.1677 -3.9551 0.9488, 4.1584 -3.9537 0.9488, 4.1677 -4.1152 0.9488, 4.0943 -4.0995 0.9488, 4.101 -4.0993 0.9488, 4.1288 -3.9778 0.9488, 4.0527 -3.9905 0.9488, 4.0451 -4.0017 0.9488, 4.0399 -4.0158 0.9488, 4.0979 -3.971 0.9488, 4.0908 -3.9714 0.9488, 4.0543 -3.9888 0.9488, 4.077 -3.9742 0.9488, 4.0645 -3.9802 0.9488, 4.0374 -4.0369 0.9488, 4.0374 -4.0384 0.9488, 4.04 -4.0581 0.9488, 4.0571 -4.0864 0.9488, 4.0677 -4.0936 0.9488, 4.0793 -4.0978 0.9488, 4.1179 -3.9734 0.9488, 4.045 -4.0711 0.9488, 4.0532 -4.0826 0.9488, 4.1141 -3.9537 0.9488, 4.1199 -3.9542 0.9488, 4.1288 -3.9537 0.9488, 4.1288 -3.9569 0.9488, 4.1424 -3.9537 0.9488, 4.1356 -3.9589 0.9488, 4.1356 -3.9805 0.9488, 4.0992 -3.9524 0.9488, 4.1288 -0.0931 0.9488, 4.0977 -3.9524 0.9488, 4.0133 -0.0931 0.9488, 4.0857 -3.9537 0.9488, 4.0133 -3.9537 0.9488, 4.0591 -3.961 0.9488, 4.0761 -3.9548 0.9488, 4.0272 -3.9912 0.9488, 4.0389 -3.9759 0.9488, 4.0434 -3.9716 0.9488, 4.077 -4.1165 0.9488, 4.0634 -4.1136 0.9488, 4.0133 -4.1165 0.9488, 4.0484 -4.1063 0.9488, 4.0363 -4.096 0.9488, 4.0334 -4.0927 0.9488, 4.0242 -4.0787 0.9488, 4.0182 -4.0613 0.9488, 4.0157 -4.0382 0.9488, 4.016 -4.03 0.9488, 4.0196 -4.0091 0.9488, 4.0806 -4.1173 0.9488, 4.0133 -4.1635 0.9488, 4.0913 -4.1179 0.9488, 4.1288 -4.1635 0.9488, 4.105 -4.1165 0.9488, 4.1356 -4.0888 0.9488, 4.1356 -4.1086 0.9488, 4.1424 -4.1165 0.9488, 4.1333 -4.1097 0.9488, 4.1288 -4.1165 0.9488, 4.1288 -4.1112 0.9488, 4.1163 -4.1154 0.9488, 4.0109 -4.351 0.9488, 4.0109 -4.3692 0.9488, 4.0133 -4.3706 0.9488, 3.9247 -4.3692 0.9488, 4.01 -4.3706 0.9488, 4.01 -4.3692 0.9488, 3.9247 -4.2091 0.9488, 4.0072 -4.2091 0.9488, 4.0072 -4.2275 0.9488, 4.01 -4.1635 0.9488, 4.01 -4.351 0.9488, 3.9454 -4.2971 0.9488, 3.9454 -4.351 0.9488, 4.0027 -4.2971 0.9488, 4.0027 -4.2788 0.9488, 3.9454 -4.2788 0.9488, 3.9454 -4.2275 0.9488, 4.0547 -4.3706 0.9488, 4.0543 -4.3706 0.9488, 4.0412 -4.2629 0.9488, 4.0412 -4.2824 0.9488, 4.122 -4.2956 0.9488, 4.122 -4.3692 0.9488, 4.1288 -4.3706 0.9488, 4.1019 -4.3692 0.9488, 4.0466 -4.3677 0.9488, 4.0399 -4.3629 0.9488, 4.0376 -4.3607 0.9488, 4.1011 -4.2559 0.9488, 4.1078 -4.2597 0.9488, 4.0927 -4.2533 0.9488, 4.0335 -4.3545 0.9488, 4.0311 -4.3477 0.9488, 4.0301 -4.3386 0.9488, 4.1019 -4.3516 0.9488, 4.1014 -4.3516 0.9488, 4.0982 -4.3563 0.9488, 4.0919 -4.3631 0.9488, 4.0301 -4.3361 0.9488, 4.0314 -4.3274 0.9488, 4.0342 -4.3204 0.9488, 4.0382 -4.3146 0.9488, 4.0444 -4.3093 0.9488, 4.053 -4.305 0.9488, 4.0541 -4.2741 0.9488, 4.068 -4.3013 0.9488, 4.0855 -4.2693 0.9488, 4.0787 -4.2685 0.9488, 4.0666 -4.2698 0.9488, 4.0455 -4.2604 0.9488, 4.0605 -4.2547 0.9488, 4.0806 -4.2523 0.9488, 4.1132 -4.2648 0.9488, 4.1173 -4.2713 0.9488, 4.1204 -4.2804 0.9488, 4.1019 -4.2965 0.9488, 4.1012 -4.2877 0.9488, 4.0991 -4.2805 0.9488, 4.0968 -4.2764 0.9488, 4.0937 -4.2732 0.9488, 4.0902 -4.2709 0.9488, 4.0663 -4.3719 0.9488, 4.0133 -4.434 0.9488, 4.0767 -4.3708 0.9488, 4.1288 -4.434 0.9488, 4.0772 -4.3706 0.9488, 4.3258 -4.2549 0.9488, 4.3466 -4.2549 0.9488, 4.3574 -4.1635 0.9488, 4.4189 -4.1635 0.9488, 4.4189 -4.2091 0.9488, 4.4507 -4.2091 0.9488, 4.2817 -4.369 0.9488, 4.2368 -4.2549 0.9488, 4.2593 -4.2549 0.9488, 4.2891 -4.3408 0.9488, 4.2946 -4.341 0.9488, 4.2916 -4.3502 0.9488, 4.2921 -4.3502 0.9488, 4.2931 -4.3463 0.9488, 4.1802 -4.3719 0.9488, 4.1584 -4.434 0.9488, 4.2316 -4.434 0.9488, 4.241 -4.4036 0.9488, 4.269 -4.397 0.9488, 4.2729 -4.3898 0.9488, 4.281 -4.3706 0.9488, 4.2539 -4.4231 0.9488, 4.262 -4.4222 0.9488, 4.3574 -4.434 0.9488, 4.2495 -4.423 0.9488, 4.241 -4.4215 0.9488, 4.301 -4.3706 0.9488, 4.2947 -4.3865 0.9488, 4.2856 -4.4042 0.9488, 4.2783 -4.413 0.9488, 4.2769 -4.4143 0.9488, 4.2699 -4.4192 0.9488, 4.2451 -4.405 0.9488, 4.2523 -4.4059 0.9488, 4.2572 -4.4054 0.9488, 4.2616 -4.4037 0.9488, 4.2652 -4.4012 0.9488, 5.1793 -4.434 0.9488, 4.6194 -5.0 0.9488, 4.6194 -4.434 0.9488, 4.4695 -5.0 0.9488, 4.4695 -4.434 0.9488, 4.4189 -5.0 0.9488, 4.4189 -4.434 0.9488, 4.3574 -5.0 0.9488, 4.2316 -5.0 0.9488, 4.1584 -5.0 0.9488, 4.1424 -5.0 0.9488, 4.1424 -4.434 0.9488, 4.1288 -5.0 0.9488, 4.0133 -5.0 0.9488, 4.01 -5.0 0.9488, 4.01 -4.434 0.9488, 4.0848 -4.3679 0.9488, 5.1793 -4.3706 0.9488, 4.6194 -4.3706 0.9488, 4.6108 -4.3156 0.9488, 4.603 -4.3322 0.9488, 4.5744 -4.2191 0.9488, 4.5908 -4.2303 0.9488, 4.6194 -4.1635 0.9488, 4.5971 -4.2365 0.9488, 4.6068 -4.2506 0.9488, 4.6126 -4.2661 0.9488, 4.615 -4.2871 0.9488, 4.6146 -4.2968 0.9488, 4.5908 -4.3468 0.9488, 4.5871 -4.3501 0.9488, 4.5712 -4.3603 0.9488, 4.5303 -4.2091 0.9488, 4.5552 -4.2119 0.9488, 4.5523 -4.3668 0.9488, 4.5287 -4.3692 0.9488, 4.4846 -4.3692 0.9488, 4.4846 -4.2091 0.9488, 4.6467 -4.3692 0.9488, 4.6239 -4.3692 0.9488, 4.7451 -4.3692 0.9488, 4.7288 -4.3254 0.9488, 4.6621 -4.3254 0.9488, 4.6849 -4.2091 0.9488, 4.707 -4.2091 0.9488, 4.01 -4.1165 0.9488, 4.1584 -4.1165 0.9488, 4.0092 -4.0969 0.9488, 4.0092 -4.1152 0.9488, 3.9247 -4.1152 0.9488, 3.9454 -3.9551 0.9488, 4.01 -3.9537 0.9488, 3.9247 -3.9551 0.9488, 3.9454 -4.0969 0.9488, 4.2316 -4.1152 0.9488, 4.1288 -4.0918 0.9488, 4.1192 -4.096 0.9488, 4.768 -4.3692 0.9488, 5.1793 -4.1635 0.9488, 5.1793 -4.1165 0.9488, 5.1793 -3.9537 0.9488, 5.5906 -4.3706 0.9488, 5.5906 -4.1635 0.9488, 5.5906 -4.1165 0.9488, 5.5906 -3.9537 0.9488, 4.01 -0.0931 0.9488, 5.5906 -0.0931 0.9488, 5.1793 -0.0931 0.9488, 4.6194 -0.0931 0.9488, 4.4695 -0.0931 0.9488, 4.4189 -0.0931 0.9488, 4.3574 -0.0931 0.9488, 4.2316 -0.0931 0.9488, 4.1584 -0.0931 0.9488, 4.1424 -0.0931 0.9488, -4.5831 3.736 0.9488, -4.6603 3.7259 0.9488, -5.5906 -0.0931 0.9488, -4.3722 3.947 0.9488, -4.402 3.875 0.9488, -4.4494 3.8132 0.9488, -4.5112 3.7658 0.9488, -4.7376 3.736 0.9488, -4.8095 3.7658 0.9488, -4.8713 3.8132 0.9488, -5.5906 -4.434 0.9488, -5.5906 -4.3706 0.9488, -5.5906 -4.1635 0.9488, -5.5906 -4.1165 0.9488, -5.5906 -3.9537 0.9488, -4.9187 3.875 0.9488, -4.9485 3.947 0.9488, -5.5906 5.0 0.9488, -4.9587 4.0242 0.9488, -4.9485 4.1014 0.9488, -4.9187 4.1733 0.9488, -4.8713 4.2351 0.9488, -4.8095 4.2825 0.9488, -4.5831 4.3123 0.9488, -0.6474 5.0 0.9488, -4.5112 4.2825 0.9488, -4.4494 4.2351 0.9488, -4.402 4.1733 0.9488, -4.3722 4.1014 0.9488, -4.362 4.0242 0.9488, -4.7376 4.3123 0.9488, -4.6603 4.3225 0.9488, 5.5906 5.0 0.9488, 5.1793 5.0 0.9488, 4.6194 5.0 0.9488, 4.4695 5.0 0.9488, 4.4189 5.0 0.9488, 4.3574 5.0 0.9488, 4.2316 5.0 0.9488, 4.1584 5.0 0.9488, 4.1424 5.0 0.9488, 4.1288 5.0 0.9488, 4.0133 5.0 0.9488, 4.01 5.0 0.9488, 3.8592 5.0 0.9488
            ]
        }
        coordIndex [
            0,1,2,-1,3,4,5,-1,6,7,8,-1,9,10,11,-1,11,10,12,-1,13,14,11,-1,11,14,15,-1,11,15,16,-1,16,17,11,-1,11,17,18,-1,11,18,9,-1,19,20,21,-1,21,20,22,-1,22,20,23,-1,23,20,24,-1,23,24,25,-1,25,24,26,-1,25,26,27,-1,26,28,27,-1,27,28,29,-1,27,29,30,-1,30,29,31,-1,30,31,32,-1,33,34,26,-1,26,34,35,-1,26,35,28,-1,36,37,38,-1,38,39,36,-1,36,39,40,-1,36,40,26,-1,26,40,41,-1,26,41,33,-1,42,43,44,-1,44,43,45,-1,42,44,46,-1,46,44,47,-1,46,47,48,-1,45,49,44,-1,44,49,50,-1,44,50,37,-1,37,50,51,-1,37,51,38,-1,52,53,44,-1,44,53,54,-1,44,54,47,-1,55,56,57,-1,56,58,57,-1,57,58,59,-1,57,59,60,-1,52,44,61,-1,61,44,5,-1,61,5,60,-1,60,5,4,-1,60,4,57,-1,62,63,64,-1,63,65,64,-1,64,65,66,-1,64,66,67,-1,68,69,70,-1,71,72,73,-1,74,75,76,-1,76,75,77,-1,71,73,78,-1,69,79,80,-1,80,79,81,-1,80,81,82,-1,72,83,73,-1,73,83,84,-1,73,84,85,-1,86,87,88,-1,88,87,89,-1,88,89,90,-1,91,92,93,-1,93,92,94,-1,93,94,88,-1,88,94,95,-1,88,95,86,-1,91,96,92,-1,92,96,97,-1,92,97,75,-1,75,97,98,-1,75,98,77,-1,82,99,80,-1,80,99,100,-1,80,100,101,-1,102,103,104,-1,104,103,105,-1,104,105,73,-1,73,105,106,-1,73,106,78,-1,107,108,62,-1,108,109,62,-1,62,109,110,-1,62,110,111,-1,111,112,62,-1,62,112,113,-1,62,113,114,-1,114,113,102,-1,114,102,115,-1,115,102,104,-1,116,117,73,-1,73,117,118,-1,73,118,75,-1,75,118,119,-1,75,119,120,-1,85,121,73,-1,73,121,122,-1,73,122,123,-1,123,124,73,-1,73,124,125,-1,73,125,116,-1,126,127,128,-1,126,128,129,-1,120,130,75,-1,75,130,128,-1,75,128,92,-1,92,128,127,-1,92,127,131,-1,131,127,132,-1,133,134,128,-1,128,134,135,-1,128,135,129,-1,136,137,138,-1,137,139,138,-1,138,139,140,-1,138,140,141,-1,142,138,143,-1,132,127,142,-1,142,127,144,-1,142,144,138,-1,138,144,145,-1,138,145,136,-1,143,146,142,-1,142,146,147,-1,142,147,148,-1,141,140,149,-1,149,140,150,-1,149,150,151,-1,151,150,152,-1,151,152,153,-1,154,155,148,-1,148,155,156,-1,148,156,142,-1,10,157,12,-1,12,157,158,-1,12,158,70,-1,70,158,159,-1,70,159,68,-1,160,161,162,-1,162,161,163,-1,163,161,164,-1,163,164,165,-1,166,167,168,-1,168,167,169,-1,168,169,170,-1,170,169,161,-1,170,161,171,-1,171,161,160,-1,171,160,172,-1,172,160,173,-1,172,173,174,-1,174,173,175,-1,164,176,165,-1,165,176,177,-1,165,177,178,-1,178,177,179,-1,180,181,182,-1,183,184,185,-1,184,186,185,-1,185,186,187,-1,185,187,188,-1,188,187,189,-1,180,182,185,-1,185,182,190,-1,185,190,183,-1,191,192,193,-1,193,192,194,-1,193,194,195,-1,195,194,196,-1,197,198,8,-1,199,200,201,-1,202,203,8,-1,8,203,204,-1,189,205,188,-1,188,205,206,-1,188,206,201,-1,201,206,207,-1,201,207,199,-1,200,208,201,-1,201,208,209,-1,201,209,210,-1,210,209,211,-1,210,211,197,-1,212,213,198,-1,198,213,214,-1,198,214,8,-1,8,214,215,-1,8,215,202,-1,204,216,8,-1,8,216,217,-1,8,217,6,-1,218,219,220,-1,220,219,221,-1,220,221,222,-1,220,223,218,-1,218,223,224,-1,218,224,225,-1,225,226,218,-1,218,226,227,-1,218,227,228,-1,228,227,229,-1,228,229,230,-1,230,229,231,-1,230,231,198,-1,198,231,232,-1,198,232,212,-1,233,234,222,-1,222,234,235,-1,222,235,220,-1,236,237,181,-1,181,237,238,-1,181,238,182,-1,236,239,237,-1,237,239,240,-1,237,240,241,-1,241,240,242,-1,241,243,244,-1,242,245,241,-1,241,245,246,-1,241,246,247,-1,247,248,241,-1,241,248,249,-1,241,249,243,-1,244,250,241,-1,241,250,251,-1,241,251,252,-1,253,254,255,-1,256,257,255,-1,255,257,258,-1,255,258,253,-1,254,253,259,-1,259,253,260,-1,259,260,261,-1,257,262,258,-1,258,262,263,-1,258,263,264,-1,264,263,265,-1,264,265,266,-1,266,265,267,-1,266,267,261,-1,261,267,268,-1,261,268,259,-1,269,270,271,-1,271,270,272,-1,273,274,270,-1,270,274,275,-1,270,275,272,-1,272,275,276,-1,277,278,279,-1,280,281,278,-1,278,281,269,-1,278,269,279,-1,279,269,282,-1,283,284,266,-1,285,286,264,-1,264,286,287,-1,283,266,288,-1,287,289,264,-1,264,289,290,-1,264,290,278,-1,278,290,291,-1,278,291,280,-1,273,292,274,-1,274,292,293,-1,274,293,266,-1,266,293,294,-1,266,294,288,-1,284,295,266,-1,266,295,296,-1,266,296,264,-1,264,296,297,-1,264,297,285,-1,298,299,300,-1,300,299,301,-1,300,301,302,-1,301,282,302,-1,302,282,269,-1,302,269,303,-1,303,269,271,-1,303,271,304,-1,304,271,305,-1,304,305,306,-1,306,305,307,-1,276,275,308,-1,308,275,309,-1,308,309,310,-1,311,312,313,-1,314,315,313,-1,313,315,316,-1,317,318,319,-1,319,318,320,-1,319,320,321,-1,316,322,313,-1,313,322,323,-1,313,323,324,-1,325,326,313,-1,313,326,327,-1,313,327,311,-1,314,313,319,-1,319,313,328,-1,319,328,317,-1,324,329,313,-1,313,329,330,-1,313,330,325,-1,331,332,333,-1,333,332,334,-1,333,334,335,-1,335,334,336,-1,335,336,337,-1,338,339,340,-1,340,339,341,-1,340,341,342,-1,343,344,345,-1,346,347,343,-1,343,347,348,-1,343,348,344,-1,349,350,351,-1,351,350,352,-1,351,352,353,-1,353,354,351,-1,351,354,355,-1,351,355,356,-1,357,358,343,-1,343,358,359,-1,343,359,346,-1,360,361,362,-1,362,361,363,-1,362,363,364,-1,365,366,367,-1,367,366,368,-1,367,368,369,-1,369,368,370,-1,369,370,371,-1,372,373,374,-1,375,80,376,-1,374,373,376,-1,376,373,377,-1,376,377,375,-1,69,80,70,-1,70,80,375,-1,70,375,378,-1,379,380,381,-1,381,380,382,-1,381,382,361,-1,383,384,385,-1,385,384,382,-1,385,382,386,-1,386,382,380,-1,386,380,387,-1,387,380,388,-1,374,389,390,-1,382,372,361,-1,361,372,374,-1,361,374,391,-1,391,374,392,-1,393,394,395,-1,395,394,396,-1,390,397,374,-1,374,397,398,-1,374,398,399,-1,400,401,363,-1,400,363,402,-1,399,403,374,-1,374,403,404,-1,374,404,405,-1,406,407,396,-1,396,407,408,-1,396,408,409,-1,405,410,374,-1,374,410,411,-1,374,411,392,-1,392,411,412,-1,392,412,413,-1,413,414,392,-1,392,414,415,-1,392,415,416,-1,416,415,417,-1,418,419,417,-1,417,419,420,-1,417,420,416,-1,391,421,361,-1,361,421,422,-1,361,422,363,-1,363,422,423,-1,363,423,402,-1,401,424,363,-1,363,424,425,-1,363,425,426,-1,427,428,417,-1,417,428,429,-1,417,429,430,-1,430,431,417,-1,417,431,432,-1,417,432,418,-1,433,434,435,-1,435,434,436,-1,435,436,437,-1,438,439,440,-1,439,178,440,-1,440,178,179,-1,440,179,441,-1,441,179,442,-1,441,442,162,-1,162,442,443,-1,162,443,160,-1,444,445,8,-1,197,8,210,-1,210,8,445,-1,210,445,440,-1,440,445,446,-1,440,446,438,-1,438,446,447,-1,438,447,448,-1,449,450,447,-1,447,450,451,-1,447,451,448,-1,452,453,7,-1,7,453,454,-1,7,454,8,-1,8,454,455,-1,456,457,8,-1,8,457,458,-1,8,458,444,-1,459,454,460,-1,460,454,461,-1,459,462,454,-1,454,462,463,-1,454,463,455,-1,464,465,461,-1,461,465,466,-1,461,466,467,-1,467,468,461,-1,461,468,469,-1,461,469,460,-1,455,470,8,-1,8,470,471,-1,8,471,472,-1,472,473,8,-1,8,473,474,-1,8,474,456,-1,0,475,476,-1,476,475,477,-1,476,477,478,-1,478,477,479,-1,478,479,480,-1,480,479,481,-1,480,481,482,-1,482,481,461,-1,482,461,483,-1,483,461,454,-1,483,454,484,-1,484,454,453,-1,484,453,485,-1,485,453,486,-1,485,486,487,-1,487,486,436,-1,487,436,488,-1,488,436,434,-1,488,434,489,-1,489,434,490,-1,489,490,57,-1,57,490,64,-1,57,64,55,-1,55,64,67,-1,433,389,434,-1,434,389,374,-1,434,374,490,-1,490,374,376,-1,490,376,64,-1,64,376,80,-1,64,80,62,-1,62,80,101,-1,62,101,107,-1,452,196,453,-1,453,196,194,-1,453,194,486,-1,486,194,192,-1,486,192,436,-1,436,192,395,-1,436,395,437,-1,437,395,396,-1,437,396,491,-1,491,396,409,-1,475,492,477,-1,477,492,493,-1,477,493,479,-1,479,493,163,-1,479,163,481,-1,481,163,165,-1,481,165,461,-1,461,165,178,-1,461,178,464,-1,464,178,439,-1,191,185,192,-1,192,185,188,-1,192,188,395,-1,395,188,363,-1,395,363,393,-1,393,363,426,-1,494,495,493,-1,496,497,498,-1,498,497,499,-1,498,499,500,-1,500,501,498,-1,498,501,502,-1,498,502,493,-1,493,502,503,-1,493,503,494,-1,495,504,493,-1,493,504,505,-1,493,505,506,-1,162,507,498,-1,498,507,508,-1,498,508,496,-1,506,509,493,-1,493,509,510,-1,493,510,163,-1,163,510,511,-1,163,511,162,-1,162,511,512,-1,162,512,507,-1,513,514,493,-1,515,516,517,-1,493,514,498,-1,498,514,518,-1,498,518,519,-1,360,349,361,-1,361,349,351,-1,361,351,381,-1,381,351,520,-1,498,253,162,-1,162,253,258,-1,162,258,441,-1,441,258,264,-1,441,264,440,-1,440,264,278,-1,440,278,210,-1,210,278,277,-1,210,277,201,-1,201,277,521,-1,201,521,188,-1,188,521,367,-1,188,367,363,-1,363,367,369,-1,363,369,364,-1,364,369,371,-1,522,523,520,-1,520,523,524,-1,525,526,527,-1,527,526,11,-1,527,11,524,-1,524,11,12,-1,524,12,520,-1,520,12,70,-1,520,70,381,-1,381,70,378,-1,381,378,379,-1,356,357,351,-1,351,357,343,-1,351,343,520,-1,520,343,526,-1,520,526,522,-1,522,526,525,-1,522,525,528,-1,279,529,277,-1,277,529,310,-1,277,310,521,-1,521,310,309,-1,521,309,367,-1,367,309,335,-1,367,335,365,-1,365,335,337,-1,365,337,530,-1,530,337,313,-1,530,313,531,-1,531,313,312,-1,517,513,515,-1,515,513,493,-1,515,493,532,-1,532,493,492,-1,532,492,519,-1,519,492,533,-1,519,533,498,-1,498,533,534,-1,498,534,253,-1,253,534,535,-1,253,535,260,-1,0,2,475,-1,475,2,536,-1,475,536,492,-1,492,536,537,-1,492,537,533,-1,533,537,538,-1,533,538,534,-1,534,538,539,-1,534,539,535,-1,345,342,343,-1,343,342,341,-1,343,341,526,-1,526,341,540,-1,526,540,11,-1,11,540,20,-1,11,20,13,-1,13,20,19,-1,539,541,535,-1,535,541,542,-1,535,542,260,-1,260,542,543,-1,260,543,261,-1,261,543,544,-1,261,544,266,-1,266,544,545,-1,266,545,274,-1,274,545,546,-1,274,546,275,-1,275,546,547,-1,275,547,309,-1,309,547,548,-1,309,548,335,-1,335,548,549,-1,335,549,333,-1,333,549,339,-1,333,339,331,-1,331,339,338,-1,550,551,552,-1,553,554,24,-1,24,554,555,-1,24,555,556,-1,551,557,552,-1,552,557,558,-1,552,558,559,-1,3,5,560,-1,560,5,44,-1,560,44,561,-1,561,44,37,-1,561,37,562,-1,562,37,36,-1,562,36,563,-1,563,36,26,-1,563,26,564,-1,564,26,24,-1,564,24,552,-1,552,24,556,-1,552,556,550,-1,559,565,552,-1,552,565,566,-1,552,566,567,-1,567,566,568,-1,567,568,569,-1,569,570,567,-1,567,570,571,-1,567,571,572,-1,567,573,574,-1,574,573,575,-1,574,575,576,-1,576,577,574,-1,574,577,578,-1,574,578,579,-1,572,580,567,-1,567,580,581,-1,567,581,573,-1,541,582,542,-1,542,582,583,-1,542,583,543,-1,543,583,584,-1,543,584,544,-1,544,584,585,-1,544,585,545,-1,545,585,586,-1,545,586,546,-1,546,586,587,-1,546,587,547,-1,547,587,588,-1,547,588,548,-1,548,588,589,-1,548,589,549,-1,549,589,590,-1,549,590,339,-1,339,590,591,-1,339,591,341,-1,341,591,592,-1,341,592,540,-1,540,592,593,-1,540,593,20,-1,20,593,594,-1,20,594,24,-1,24,594,574,-1,24,574,553,-1,553,574,579,-1,
        ]
    }
}
Shape{
    appearance Appearance {
        material  Material 	{
            diffuseColor 0.0 0.6549019607843137 0.4392156862745098
            specularColor 0.0 0.32941176470588235 0.2196078431372549
            ambientIntensity 0.4345
            transparency 0.0
            shininess 0.5
        }
    }
    geometry IndexedFaceSet {
        ccw TRUE
        solid FALSE
        coord DEF co Coordinate {
            point [
                -6.0984 4.2913 0.3189, -6.0984 4.3505 0.3189, -6.1024 4.3504 0.3189, 6.0984 3.5827 0.3189, 6.0984 3.5235 0.3189, 6.1024 3.5236 0.3189, -6.1024 3.8386 0.3189, -6.1024 3.5236 0.3189, -6.0984 3.5827 0.3189, -6.0984 3.5235 0.3189, 6.1024 4.0354 0.3189, 6.1024 4.3504 0.3189, 6.0984 4.2913 0.3189, 6.0984 4.3505 0.3189, 6.1024 4.5472 0.3189, 6.1024 4.8622 0.3189, 6.0984 4.8031 0.3189, 6.0984 4.8623 0.3189, -6.0984 4.8031 0.3189, -6.0984 4.8623 0.3189, -6.1024 4.8622 0.3189, -6.0984 -3.5827 0.3189, -6.0984 -3.5235 0.3189, -6.1024 -3.5236 0.3189, -6.1024 4.0354 0.3189, -6.0984 4.0354 0.3189, -6.0984 4.0945 0.3189, -5.9896 4.3388 0.3189, -6.0213 4.3137 0.3189, -6.0584 4.2975 0.3189, -6.1024 -3.0118 0.3189, -6.1024 -3.3268 0.3189, -6.0984 -3.2677 0.3189, -6.0984 -3.3269 0.3189, -6.0984 -4.0945 0.3189, -6.0984 -4.0354 0.3189, -6.1024 -4.0354 0.3189, -6.0984 -4.6063 0.3189, -6.0984 -4.5472 0.3189, -6.1024 -4.5472 0.3189, -6.1024 -3.8386 0.3189, -6.0984 -3.8387 0.3189, -6.0984 -3.7795 0.3189, -6.0213 -3.5603 0.3189, -5.9896 -3.5352 0.3189, -5.9653 -3.5028 0.3189, -6.0584 -3.5765 0.3189, -6.1024 -4.3504 0.3189, -6.0984 -4.3505 0.3189, -6.0984 -4.2913 0.3189, -6.0213 -4.0721 0.3189, -5.9896 -4.047 0.3189, -5.9653 -4.0146 0.3189, -6.0584 -4.0883 0.3189, 6.0984 -4.8031 0.3189, 6.0984 -4.8623 0.3189, 6.1024 -4.8622 0.3189, -6.1024 -4.8622 0.3189, -6.0984 -4.8623 0.3189, -6.0984 -4.8031 0.3189, -6.0213 -4.5839 0.3189, -5.9896 -4.5588 0.3189, -5.9653 -4.5264 0.3189, -6.0584 -4.6001 0.3189, 6.0984 -4.2913 0.3189, 6.0984 -4.3505 0.3189, 6.1024 -4.3504 0.3189, 6.0984 -3.7795 0.3189, 6.0984 -3.8387 0.3189, 6.1024 -3.8386 0.3189, 6.1024 -4.5472 0.3189, 6.0984 -4.5472 0.3189, 6.0984 -4.6063 0.3189, 5.9896 -4.8506 0.3189, 6.0213 -4.8255 0.3189, 6.0584 -4.8094 0.3189, 6.0984 -3.2677 0.3189, 6.0984 -3.3269 0.3189, 6.1024 -3.3268 0.3189, 6.1024 -4.0354 0.3189, 6.0984 -4.0354 0.3189, 6.0984 -4.0945 0.3189, 5.9896 -4.3388 0.3189, 6.0213 -4.3137 0.3189, 6.0584 -4.2975 0.3189, 6.1024 -3.5236 0.3189, 6.0984 -3.5235 0.3189, 6.0984 -3.5827 0.3189, 6.0213 -3.8019 0.3189, 5.9896 -3.827 0.3189, 5.9653 -3.8594 0.3189, 6.0584 -3.7857 0.3189, -6.0984 1.0236 0.3189, -6.0984 1.0828 0.3189, -6.1024 1.0827 0.3189, 6.1024 3.8386 0.3189, 6.0984 3.8387 0.3189, 6.0984 3.7795 0.3189, 6.0213 3.5603 0.3189, 5.9896 3.5352 0.3189, 5.9653 3.5028 0.3189, 6.0584 3.5765 0.3189, -6.1024 1.7913 0.3189, -6.1024 1.2795 0.3189, -6.0984 1.3386 0.3189, -6.0984 1.2794 0.3189, -6.0984 0.5118 0.3189, -6.0984 0.5709 0.3189, -6.1024 0.5709 0.3189, -6.0984 -0.5118 0.3189, -6.0984 -0.4527 0.3189, -6.1024 -0.4528 0.3189, -6.1024 0.7677 0.3189, -6.0984 0.7676 0.3189, -6.0984 0.8268 0.3189, -5.9896 1.0711 0.3189, -6.0213 1.046 0.3189, -6.0984 -1.0236 0.3189, -6.0984 -0.9645 0.3189, -6.1024 -0.9646 0.3189, -6.0584 1.0298 0.3189, -6.0984 -1.5354 0.3189, -6.0984 -1.4763 0.3189, -6.1024 -1.4764 0.3189, 6.0984 -1.2205 0.3189, 6.0984 -1.2796 0.3189, 6.1024 -1.2795 0.3189, -6.1024 -1.2795 0.3189, -6.0984 -1.2796 0.3189, -6.0984 -1.2205 0.3189, -5.9896 -0.9761 0.3189, -6.0213 -1.0012 0.3189, -6.0584 -1.0174 0.3189, 6.1024 -1.7913 0.3189, 6.1024 -1.4764 0.3189, 6.0984 -1.5354 0.3189, 6.0984 -1.4763 0.3189, 6.0984 -0.7087 0.3189, 6.0984 -0.7678 0.3189, 6.1024 -0.7677 0.3189, 6.0984 0.8268 0.3189, 6.0984 0.7676 0.3189, 6.1024 0.7677 0.3189, 6.1024 -0.9646 0.3189, 6.0984 -0.9645 0.3189, 6.0984 -1.0236 0.3189, 5.9896 -1.268 0.3189, 6.0213 -1.2429 0.3189, 6.0984 1.3386 0.3189, 6.0984 1.2794 0.3189, 6.1024 1.2795 0.3189, 6.0584 -1.2267 0.3189, -6.0984 0.0 0.3189, -6.0984 0.0591 0.3189, -6.1024 0.0591 0.3189, 6.1024 1.0827 0.3189, 6.0984 1.0828 0.3189, 6.0984 1.0236 0.3189, 5.9896 0.7793 0.3189, 6.0213 0.8044 0.3189, 6.0984 -0.1969 0.3189, 6.0984 -0.256 0.3189, 6.1024 -0.2559 0.3189, 6.0584 0.8206 0.3189, 6.0984 0.315 0.3189, 6.0984 0.2558 0.3189, 6.1024 0.2559 0.3189, 6.0984 2.0472 0.3189, 6.0984 1.9881 0.3189, 6.1024 1.9882 0.3189, 6.1024 0.5709 0.3189, 6.0984 0.5709 0.3189, 6.0984 0.5118 0.3189, 5.9896 0.2675 0.3189, 6.0213 0.2926 0.3189, 6.0584 0.3088 0.3189, -6.1024 0.2559 0.3189, -6.0984 0.2558 0.3189, -6.0984 0.315 0.3189, -5.9896 0.5593 0.3189, -6.0213 0.5342 0.3189, -6.0584 0.518 0.3189, -6.1024 -0.2559 0.3189, -6.0984 -0.256 0.3189, -6.0984 -0.1969 0.3189, -5.9896 0.0475 0.3189, -6.0213 0.0224 0.3189, -6.0584 0.0062 0.3189, -6.1024 -0.7677 0.3189, -6.0984 -0.7678 0.3189, -6.0984 -0.7087 0.3189, -5.9896 -0.4643 0.3189, -6.0213 -0.4894 0.3189, -6.0584 -0.5056 0.3189, 6.1024 -0.4528 0.3189, 6.0984 -0.4527 0.3189, 6.0984 -0.5118 0.3189, 5.9896 -0.7562 0.3189, 6.0213 -0.731 0.3189, 6.0584 -0.7149 0.3189, 6.1024 0.0591 0.3189, 6.0984 0.0591 0.3189, 6.0984 0.0 0.3189, 5.9896 -0.2443 0.3189, 6.0213 -0.2192 0.3189, 6.0584 -0.2031 0.3189, 6.1024 1.7913 0.3189, 6.0984 1.7914 0.3189, 6.0984 1.7323 0.3189, 5.9896 1.2911 0.3189, 6.0213 1.3162 0.3189, 6.0984 3.0709 0.3189, 6.0984 3.0117 0.3189, 6.1024 3.0118 0.3189, 6.0584 1.3324 0.3189, 6.1024 2.3031 0.3189, 6.0984 2.3032 0.3189, 6.0984 2.2441 0.3189, 5.9896 1.9998 0.3189, 6.0213 2.0249 0.3189, 6.0584 2.041 0.3189, -6.0984 2.7559 0.3189, -6.0984 2.815 0.3189, -6.1024 2.815 0.3189, 6.0984 2.4999 0.3189, 6.1024 2.5 0.3189, 6.0984 2.5591 0.3189, 6.1024 2.815 0.3189, 6.0984 2.7559 0.3189, 6.0984 2.815 0.3189, -6.1024 3.3268 0.3189, -6.1024 3.0118 0.3189, -6.0984 3.0709 0.3189, -6.0984 3.0117 0.3189, 5.9896 2.5116 0.3189, 6.0213 2.5367 0.3189, 6.0584 2.5529 0.3189, -6.1024 2.5 0.3189, -6.0984 2.4999 0.3189, -6.0984 2.5591 0.3189, -5.9896 2.8034 0.3189, -6.0213 2.7783 0.3189, -6.0584 2.7621 0.3189, -6.0984 -2.0472 0.3189, -6.0984 -1.9881 0.3189, -6.1024 -1.9882 0.3189, -6.0984 2.3032 0.3189, -6.1024 2.3031 0.3189, -6.0984 2.2441 0.3189, -6.1024 1.9882 0.3189, -6.0984 2.0472 0.3189, -6.0984 1.9881 0.3189, -6.0984 -2.5591 0.3189, -6.0984 -2.4999 0.3189, -6.1024 -2.5 0.3189, -5.9896 2.2916 0.3189, -6.0213 2.2665 0.3189, -6.0584 2.2503 0.3189, -6.1024 -1.7913 0.3189, -6.0984 -1.7914 0.3189, -6.0984 -1.7323 0.3189, -5.9896 -1.4879 0.3189, -6.0213 -1.513 0.3189, -6.0584 -1.5292 0.3189, -6.0984 -3.0709 0.3189, -6.0984 -3.0117 0.3189, -6.1024 -2.3031 0.3189, -6.0984 -2.3032 0.3189, -6.0984 -2.2441 0.3189, -5.9896 -1.9998 0.3189, -6.0213 -2.0249 0.3189, -6.0584 -2.041 0.3189, 6.0984 -2.7559 0.3189, 6.0984 -2.815 0.3189, 6.1024 -2.815 0.3189, -6.1024 -2.815 0.3189, -6.0984 -2.815 0.3189, -6.0984 -2.7559 0.3189, -5.9896 -2.5116 0.3189, -6.0213 -2.5367 0.3189, -6.0584 -2.5529 0.3189, 6.0984 -2.2441 0.3189, 6.0984 -2.3032 0.3189, 6.1024 -2.3031 0.3189, 6.1024 -3.0118 0.3189, 6.0984 -3.0117 0.3189, 6.0984 -3.0709 0.3189, -6.0584 -3.2739 0.3189, -6.0213 -3.2901 0.3189, 6.0584 -3.2739 0.3189, 6.0213 -3.2901 0.3189, 6.1024 -2.5 0.3189, 6.0984 -2.4999 0.3189, 6.0984 -2.5591 0.3189, 5.9896 -2.8034 0.3189, 6.0213 -2.7783 0.3189, 6.0584 -2.7621 0.3189, 6.0984 4.6063 0.3189, 6.0984 4.5472 0.3189, 6.1024 -1.9882 0.3189, 6.0984 -1.9881 0.3189, 6.0984 -2.0472 0.3189, 5.9896 -2.2916 0.3189, 6.0213 -2.2665 0.3189, 6.0584 -2.2503 0.3189, -6.0984 3.2677 0.3189, -6.0984 3.3269 0.3189, 6.1024 3.3268 0.3189, 6.0984 3.3269 0.3189, 6.0984 3.2677 0.3189, 5.9896 3.0234 0.3189, 6.0213 3.0485 0.3189, 6.0584 3.0647 0.3189, -6.1024 4.5472 0.3189, -6.0984 4.5472 0.3189, -6.0984 4.6063 0.3189, -6.0584 4.8094 0.3189, -6.0213 4.8255 0.3189, -1.6142 -5.5118 0.3189, -1.2992 -5.5118 0.3189, -1.3583 -5.5079 0.3189, -1.2991 -5.5079 0.3189, 6.0584 4.8094 0.3189, 6.0213 4.8255 0.3189, 5.9653 4.883 0.3189, 5.95 4.9205 0.3189, 5.7087 5.0 0.3189, 5.9896 4.8506 0.3189, -1.1024 -5.5079 0.3189, -1.1024 -5.5118 0.3189, -1.0433 -5.5079 0.3189, -0.7874 -5.5118 0.3189, -0.8465 -5.5079 0.3189, -0.7873 -5.5079 0.3189, -1.1232 -5.3747 0.3189, -1.0908 -5.399 0.3189, -1.0657 -5.4308 0.3189, -1.0495 -5.4679 0.3189, -0.5906 -5.5079 0.3189, -0.5906 -5.5118 0.3189, -0.5315 -5.5079 0.3189, -0.2756 -5.5118 0.3189, -0.3346 -5.5079 0.3189, -0.2755 -5.5079 0.3189, -0.6114 -5.3747 0.3189, -0.579 -5.399 0.3189, -0.5539 -5.4308 0.3189, -0.5377 -5.4679 0.3189, 0.433 -5.5079 0.3189, 0.4331 -5.5118 0.3189, 0.4921 -5.5079 0.3189, 0.748 -5.5118 0.3189, 0.689 -5.5079 0.3189, 0.7481 -5.5079 0.3189, 0.4123 -5.3747 0.3189, 0.4446 -5.399 0.3189, 0.4697 -5.4308 0.3189, 0.4859 -5.4679 0.3189, 0.9448 -5.5079 0.3189, 0.9449 -5.5118 0.3189, 1.0039 -5.5079 0.3189, 1.2598 -5.5118 0.3189, 1.2008 -5.5079 0.3189, 1.2599 -5.5079 0.3189, 0.9241 -5.3747 0.3189, 0.9564 -5.399 0.3189, 0.9815 -5.4308 0.3189, 0.9977 -5.4679 0.3189, -0.0788 -5.5079 0.3189, -0.0787 -5.5118 0.3189, -0.0197 -5.5079 0.3189, 0.2362 -5.5118 0.3189, 0.1772 -5.5079 0.3189, 0.2363 -5.5079 0.3189, -0.0995 -5.3747 0.3189, -0.0672 -5.399 0.3189, 1.4566 -5.5079 0.3189, 1.4567 -5.5118 0.3189, 1.5157 -5.5079 0.3189, 1.7717 -5.5118 0.3189, 1.7126 -5.5079 0.3189, 1.7717 -5.5079 0.3189, 1.4359 -5.3747 0.3189, 1.4683 -5.399 0.3189, -0.0421 -5.4308 0.3189, -0.0259 -5.4679 0.3189, 1.4934 -5.4308 0.3189, 1.5095 -5.4679 0.3189, 1.9684 -5.5079 0.3189, 1.9685 -5.5118 0.3189, 2.0276 -5.5079 0.3189, 2.2835 -5.5118 0.3189, 2.2244 -5.5079 0.3189, 2.2835 -5.5079 0.3189, 1.9477 -5.3747 0.3189, 1.9801 -5.399 0.3189, 2.0052 -5.4308 0.3189, 2.0214 -5.4679 0.3189, 2.4802 -5.5079 0.3189, 2.4803 -5.5118 0.3189, 2.5394 -5.5079 0.3189, 2.7953 -5.5118 0.3189, 2.7362 -5.5079 0.3189, 2.7954 -5.5079 0.3189, 2.4595 -5.3747 0.3189, 2.4919 -5.399 0.3189, 2.517 -5.4308 0.3189, 2.5332 -5.4679 0.3189, 2.992 -5.5079 0.3189, 2.9921 -5.5118 0.3189, 3.0512 -5.5079 0.3189, 3.3071 -5.5118 0.3189, 3.248 -5.5079 0.3189, 3.3072 -5.5079 0.3189, 2.9713 -5.3747 0.3189, 3.0037 -5.399 0.3189, 3.0288 -5.4308 0.3189, 3.045 -5.4679 0.3189, 3.5039 -5.5079 0.3189, 3.5039 -5.5118 0.3189, 3.563 -5.5079 0.3189, 3.8189 -5.5118 0.3189, 3.7598 -5.5079 0.3189, 3.819 -5.5079 0.3189, 3.4831 -5.3747 0.3189, 3.5155 -5.399 0.3189, 3.5406 -5.4308 0.3189, 3.5568 -5.4679 0.3189, 4.0157 -5.5079 0.3189, 4.0157 -5.5118 0.3189, 4.0748 -5.5079 0.3189, 4.3307 -5.5118 0.3189, 4.2717 -5.5079 0.3189, 4.3308 -5.5079 0.3189, 3.9949 -5.3747 0.3189, 4.0273 -5.399 0.3189, 4.0524 -5.4308 0.3189, 4.0686 -5.4679 0.3189, 4.5275 -5.5079 0.3189, 4.5276 -5.5118 0.3189, 4.5866 -5.5079 0.3189, 4.8425 -5.5118 0.3189, 4.7835 -5.5079 0.3189, 4.8426 -5.5079 0.3189, 4.5068 -5.3747 0.3189, 4.5391 -5.399 0.3189, 4.5642 -5.4308 0.3189, 4.5804 -5.4679 0.3189, -4.6851 -5.5079 0.3189, -4.685 -5.5118 0.3189, -4.626 -5.5079 0.3189, -4.3701 -5.5118 0.3189, -4.4291 -5.5079 0.3189, -4.37 -5.5079 0.3189, -4.7058 -5.3747 0.3189, -4.6735 -5.399 0.3189, -4.6484 -5.4308 0.3189, -4.6322 -5.4679 0.3189, -4.1733 -5.5079 0.3189, -4.1732 -5.5118 0.3189, -4.1142 -5.5079 0.3189, -3.8583 -5.5118 0.3189, -3.9173 -5.5079 0.3189, -3.8582 -5.5079 0.3189, -4.194 -5.3747 0.3189, -4.1617 -5.399 0.3189, -4.1366 -5.4308 0.3189, -4.1204 -5.4679 0.3189, -3.6615 -5.5079 0.3189, -3.6614 -5.5118 0.3189, -3.6024 -5.5079 0.3189, -3.3465 -5.5118 0.3189, -3.4055 -5.5079 0.3189, -3.3464 -5.5079 0.3189, -3.6822 -5.3747 0.3189, -3.6499 -5.399 0.3189, -3.6247 -5.4308 0.3189, -3.6086 -5.4679 0.3189, -3.1497 -5.5079 0.3189, -3.1496 -5.5118 0.3189, -3.0906 -5.5079 0.3189, -2.8346 -5.5118 0.3189, -2.8937 -5.5079 0.3189, -2.8346 -5.5079 0.3189, -3.1704 -5.3747 0.3189, -3.138 -5.399 0.3189, -1.5551 -5.5079 0.3189, -1.6143 -5.5079 0.3189, -3.1129 -5.4308 0.3189, -3.0968 -5.4679 0.3189, -2.6379 -5.5079 0.3189, -2.6378 -5.5118 0.3189, -2.5787 -5.5079 0.3189, -2.3228 -5.5118 0.3189, -2.3819 -5.5079 0.3189, -2.3228 -5.5079 0.3189, -2.6586 -5.3747 0.3189, -2.6262 -5.399 0.3189, -2.3819 5.5079 0.3189, -2.3228 5.5079 0.3189, -2.3228 5.5118 0.3189, -2.6011 -5.4308 0.3189, -2.5849 -5.4679 0.3189, -2.1261 -5.5079 0.3189, -2.126 -5.5118 0.3189, -2.0669 -5.5079 0.3189, -1.811 -5.5118 0.3189, -1.8701 -5.5079 0.3189, -1.8109 -5.5079 0.3189, -2.1468 -5.3747 0.3189, -2.1144 -5.399 0.3189, -3.8583 5.5118 0.3189, -4.1732 5.5118 0.3189, -4.1142 5.5079 0.3189, -4.1733 5.5079 0.3189, -2.0893 -5.4308 0.3189, -2.0731 -5.4679 0.3189, 1.7717 5.5118 0.3189, 1.4567 5.5118 0.3189, 1.5157 5.5079 0.3189, 1.4566 5.5079 0.3189, 1.2599 5.5079 0.3189, 1.2598 5.5118 0.3189, 1.2008 5.5079 0.3189, 0.9449 5.5118 0.3189, 1.0039 5.5079 0.3189, 0.9448 5.5079 0.3189, 1.2806 5.3747 0.3189, 1.2483 5.399 0.3189, 1.2232 5.4308 0.3189, 1.207 5.4679 0.3189, 0.7481 5.5079 0.3189, 0.748 5.5118 0.3189, 0.689 5.5079 0.3189, 0.4331 5.5118 0.3189, 0.4921 5.5079 0.3189, 0.433 5.5079 0.3189, 0.7688 5.3747 0.3189, 0.7365 5.399 0.3189, 0.7114 5.4308 0.3189, 0.6952 5.4679 0.3189, -0.2755 5.5079 0.3189, -0.2756 5.5118 0.3189, -0.3346 5.5079 0.3189, -0.5906 5.5118 0.3189, -0.5315 5.5079 0.3189, -0.5906 5.5079 0.3189, -0.2548 5.3747 0.3189, -0.2872 5.399 0.3189, -0.3123 5.4308 0.3189, -0.3284 5.4679 0.3189, -0.7873 5.5079 0.3189, -0.7874 5.5118 0.3189, -0.8465 5.5079 0.3189, -1.1024 5.5118 0.3189, -1.0433 5.5079 0.3189, -1.1024 5.5079 0.3189, -0.7666 5.3747 0.3189, -0.799 5.399 0.3189, -0.8241 5.4308 0.3189, -0.8403 5.4679 0.3189, 0.2363 5.5079 0.3189, 0.2362 5.5118 0.3189, 0.1772 5.5079 0.3189, -0.0787 5.5118 0.3189, -0.0197 5.5079 0.3189, -0.0788 5.5079 0.3189, 0.257 5.3747 0.3189, 0.2247 5.399 0.3189, -1.2991 5.5079 0.3189, -1.2992 5.5118 0.3189, -1.3583 5.5079 0.3189, -1.6142 5.5118 0.3189, -1.5551 5.5079 0.3189, -1.6143 5.5079 0.3189, -1.2784 5.3747 0.3189, -1.3108 5.399 0.3189, 0.1996 5.4308 0.3189, 0.1834 5.4679 0.3189, -1.3359 5.4308 0.3189, -1.3521 5.4679 0.3189, -1.8109 5.5079 0.3189, -1.811 5.5118 0.3189, -1.8701 5.5079 0.3189, -2.126 5.5118 0.3189, -2.0669 5.5079 0.3189, -2.1261 5.5079 0.3189, -1.7902 5.3747 0.3189, -1.8226 5.399 0.3189, -2.6378 5.5118 0.3189, -2.6379 5.5079 0.3189, -2.5787 5.5079 0.3189, -1.8477 5.4308 0.3189, -1.8639 5.4679 0.3189, -2.302 5.3747 0.3189, -2.3344 5.399 0.3189, -2.3595 5.4308 0.3189, -2.3757 5.4679 0.3189, -3.3464 5.5079 0.3189, -3.3465 5.5118 0.3189, -3.4055 5.5079 0.3189, -3.6614 5.5118 0.3189, -3.6024 5.5079 0.3189, -3.6615 5.5079 0.3189, -3.3257 5.3747 0.3189, -3.358 5.399 0.3189, -3.3831 5.4308 0.3189, -3.3993 5.4679 0.3189, -4.37 5.5079 0.3189, -4.3701 5.5118 0.3189, -4.4291 5.5079 0.3189, -4.685 5.5118 0.3189, -4.626 5.5079 0.3189, -4.6851 5.5079 0.3189, -4.8818 5.5079 0.3189, -4.8819 5.5118 0.3189, -4.9409 5.5079 0.3189, -5.9055 5.5118 0.3189, -4.3816 5.399 0.3189, -4.4067 5.4308 0.3189, -4.4229 5.4679 0.3189, 4.8426 5.5079 0.3189, 4.8425 5.5118 0.3189, 4.7835 5.5079 0.3189, 4.5276 5.5118 0.3189, 4.5866 5.5079 0.3189, 4.5275 5.5079 0.3189, 4.8633 5.3747 0.3189, 4.831 5.399 0.3189, 4.8059 5.4308 0.3189, 4.7897 5.4679 0.3189, 4.3308 5.5079 0.3189, 4.3307 5.5118 0.3189, 4.2717 5.5079 0.3189, 4.0157 5.5118 0.3189, 4.0748 5.5079 0.3189, 4.0157 5.5079 0.3189, 4.3515 5.3747 0.3189, 4.3191 5.399 0.3189, 4.294 5.4308 0.3189, 4.2779 5.4679 0.3189, 3.819 5.5079 0.3189, 3.8189 5.5118 0.3189, 3.7598 5.5079 0.3189, 3.5039 5.5118 0.3189, 3.563 5.5079 0.3189, 3.5039 5.5079 0.3189, 3.8397 5.3747 0.3189, 3.8073 5.399 0.3189, 3.7822 5.4308 0.3189, 3.766 5.4679 0.3189, 3.3072 5.5079 0.3189, 3.3071 5.5118 0.3189, 3.248 5.5079 0.3189, 2.9921 5.5118 0.3189, 3.0512 5.5079 0.3189, 2.992 5.5079 0.3189, 3.3279 5.3747 0.3189, 3.2955 5.399 0.3189, 3.2704 5.4308 0.3189, 3.2542 5.4679 0.3189, 2.7954 5.5079 0.3189, 2.7953 5.5118 0.3189, 2.7362 5.5079 0.3189, 2.4803 5.5118 0.3189, 2.5394 5.5079 0.3189, 2.4802 5.5079 0.3189, 2.8161 5.3747 0.3189, 2.7837 5.399 0.3189, 2.7586 5.4308 0.3189, 2.7424 5.4679 0.3189, 2.2835 5.5079 0.3189, 2.2835 5.5118 0.3189, 2.2244 5.5079 0.3189, 1.9685 5.5118 0.3189, 2.0276 5.5079 0.3189, 1.9684 5.5079 0.3189, 2.3043 5.3747 0.3189, 2.2719 5.399 0.3189, 2.2468 5.4308 0.3189, 2.2306 5.4679 0.3189, -2.8346 5.5079 0.3189, -2.8346 5.5118 0.3189, -2.8937 5.5079 0.3189, -3.1496 5.5118 0.3189, -3.0906 5.5079 0.3189, -3.1497 5.5079 0.3189, 6.0584 4.6001 0.3189, -2.8462 5.399 0.3189, -2.8713 5.4308 0.3189, -2.8875 5.4679 0.3189, 5.0984 5.5079 0.3189, 5.6211 5.1141 0.3189, 5.6496 5.1023 0.3189, -5.6496 -5.1023 0.3189, -5.6741 -5.0835 0.3189, -5.9448 -4.9606 0.3189, 5.6211 -5.1141 0.3189, 6.1024 -5.5118 0.3189, 5.6496 -5.1023 0.3189, 5.6741 -5.0835 0.3189, -0.2173 -5.3595 0.3189, -0.1772 -5.3543 0.3189, -0.6488 -5.3595 0.3189, 5.9448 4.9606 0.3189, 5.95 5.0008 0.3189, 5.7046 5.0306 0.3189, 5.6928 5.0591 0.3189, 5.9653 2.991 0.3189, 6.0584 3.2739 0.3189, 5.95 2.9535 0.3189, 5.95 4.489 0.3189, 5.9653 4.5264 0.3189, 6.0584 -5.1119 0.3189, 6.0984 -5.1181 0.3189, 6.1024 -5.0591 0.3189, 6.0984 -5.059 0.3189, -0.7666 -5.3747 0.3189, -0.7291 -5.3595 0.3189, -1.1606 -5.3595 0.3189, 5.9653 5.0383 0.3189, 5.9896 5.0706 0.3189, -5.95 -5.0008 0.3189, -5.9653 -5.0383 0.3189, -4.9409 -5.5079 0.3189, -5.9896 -5.0706 0.3189, -5.6211 -5.1141 0.3189, 6.0584 4.0883 0.3189, 6.0213 4.3137 0.3189, 6.0213 4.0721 0.3189, 5.9896 4.3388 0.3189, 5.9896 4.5588 0.3189, 6.0213 4.5839 0.3189, 1.7925 -5.3747 0.3189, 1.8299 -5.3595 0.3189, 1.3984 -5.3595 0.3189, 5.6741 5.0835 0.3189, -4.9186 -5.4308 0.3189, -4.8935 -5.399 0.3189, -5.5906 -5.1181 0.3189, -4.8611 -5.3747 0.3189, -0.2548 -5.3747 0.3189, -2.8138 5.3747 0.3189, -3.0968 5.4679 0.3189, -2.7764 5.3595 0.3189, 2.422 5.3595 0.3189, 2.3819 5.3543 0.3189, 2.8536 5.3595 0.3189, 5.6928 -5.0591 0.3189, 5.7046 -5.0306 0.3189, 6.0213 -5.0957 0.3189, 5.9896 -5.0706 0.3189, 5.9896 4.047 0.3189, 5.9653 4.0146 0.3189, 6.0984 4.0354 0.3189, 6.0984 4.0945 0.3189, 6.0584 4.2975 0.3189, -4.9347 -5.4679 0.3189, -2.8138 -5.3747 0.3189, -2.7764 -5.3595 0.3189, -3.2079 -5.3595 0.3189, -1.2409 -5.3595 0.3189, -1.2008 -5.3543 0.3189, 1.3583 -5.3543 0.3189, 1.9102 -5.3595 0.3189, 5.5906 -5.1181 0.3189, 1.8701 -5.3543 0.3189, 6.0213 5.0957 0.3189, 6.0584 5.1119 0.3189, 6.0984 5.1181 0.3189, -6.0213 -5.0957 0.3189, -6.0584 -5.1119 0.3189, -6.0984 -5.1181 0.3189, 0.9241 5.3747 0.3189, 0.8866 5.3595 0.3189, 1.3181 5.3595 0.3189, 5.9653 4.3712 0.3189, 5.95 4.4087 0.3189, 5.9448 4.4488 0.3189, 6.0984 5.059 0.3189, 6.1024 5.0591 0.3189, 6.1024 5.5118 0.3189, 5.0394 5.5118 0.3189, 5.0393 5.5079 0.3189, -6.0984 -5.059 0.3189, -6.1024 -5.0591 0.3189, -6.1024 -5.5118 0.3189, -4.8819 -5.5118 0.3189, -4.8818 -5.5079 0.3189, -0.137 5.3595 0.3189, -0.1772 5.3543 0.3189, 0.2945 5.3595 0.3189, 5.9653 -5.0383 0.3189, 5.95 -5.0008 0.3189, 5.7087 -5.0 0.3189, 5.9448 -4.9606 0.3189, 5.95 -4.9205 0.3189, 6.0584 3.7857 0.3189, 6.0213 3.8019 0.3189, 5.95 3.4653 0.3189, 5.9896 3.827 0.3189, 5.9448 3.4252 0.3189, 5.9653 3.8594 0.3189, 5.95 3.8969 0.3189, 5.9448 3.937 0.3189, 5.95 3.9771 0.3189, -1.7902 -5.3747 0.3189, -1.7527 -5.3595 0.3189, -2.1843 -5.3595 0.3189, -1.7126 -5.3543 0.3189, -2.2244 -5.3543 0.3189, -2.3757 -5.4679 0.3189, -2.3595 -5.4308 0.3189, -2.6961 -5.3595 0.3189, -2.3344 -5.399 0.3189, -2.302 -5.3747 0.3189, -0.8403 -5.4679 0.3189, -0.8241 -5.4308 0.3189, -0.799 -5.399 0.3189, 1.2483 -5.399 0.3189, 0.8866 -5.3595 0.3189, 1.2232 -5.4308 0.3189, 1.207 -5.4679 0.3189, 0.8063 -5.3595 0.3189, 0.8465 -5.3543 0.3189, 2.8161 -5.3747 0.3189, 2.8536 -5.3595 0.3189, 2.422 -5.3595 0.3189, 3.9575 5.3595 0.3189, 3.9173 5.3543 0.3189, 4.389 5.3595 0.3189, 2.4595 5.3747 0.3189, 0.4123 5.3747 0.3189, 0.3748 5.3595 0.3189, 0.8063 5.3595 0.3189, 5.9653 -4.883 0.3189, 6.0584 -4.6001 0.3189, 6.0213 -4.5839 0.3189, 5.9896 -4.5588 0.3189, 5.9653 -4.5264 0.3189, 5.95 -4.489 0.3189, 5.9448 -4.4488 0.3189, 5.95 -4.4087 0.3189, -4.4229 -5.4679 0.3189, -4.4067 -5.4308 0.3189, -4.7433 -5.3595 0.3189, -4.3816 -5.399 0.3189, -4.3493 -5.3747 0.3189, -1.3108 -5.399 0.3189, -1.6725 -5.3595 0.3189, -1.635 -5.3747 0.3189, -1.6026 -5.399 0.3189, -1.5775 -5.4308 0.3189, -1.5613 -5.4679 0.3189, -1.3521 -5.4679 0.3189, -1.3359 -5.4308 0.3189, -1.8639 -5.4679 0.3189, -1.8477 -5.4308 0.3189, -1.8226 -5.399 0.3189, 0.257 -5.3747 0.3189, 0.2945 -5.3595 0.3189, -0.137 -5.3595 0.3189, 0.3346 -5.3543 0.3189, -0.3284 -5.4679 0.3189, -0.3123 -5.4308 0.3189, -0.2872 -5.399 0.3189, 1.2806 -5.3747 0.3189, 1.3181 -5.3595 0.3189, 1.7188 -5.4679 0.3189, 1.735 -5.4308 0.3189, 1.7601 -5.399 0.3189, 2.8937 -5.3543 0.3189, 2.9338 -5.3595 0.3189, 5.076 5.4308 0.3189, 5.0509 5.399 0.3189, 5.5906 5.1181 0.3189, 5.0186 5.3747 0.3189, 4.9811 5.3595 0.3189, 4.5068 5.3747 0.3189, 4.4693 5.3595 0.3189, 4.9008 5.3595 0.3189, 1.3984 5.3595 0.3189, 1.3583 5.3543 0.3189, -1.7126 5.3543 0.3189, -1.7527 5.3595 0.3189, -5.5906 5.1181 0.3189, 5.9653 -4.3712 0.3189, 6.0584 -4.0883 0.3189, 6.0213 -4.0721 0.3189, 5.9896 -4.047 0.3189, 5.9653 -4.0146 0.3189, -4.8236 -5.3595 0.3189, -4.7835 -5.3543 0.3189, -3.8375 -5.3747 0.3189, -3.8 -5.3595 0.3189, -4.2315 -5.3595 0.3189, -3.7598 -5.3543 0.3189, -4.2717 -5.3543 0.3189, -3.9111 -5.4679 0.3189, -3.8949 -5.4308 0.3189, -3.8698 -5.399 0.3189, -1.2784 -5.3747 0.3189, 0.7365 -5.399 0.3189, 0.3748 -5.3595 0.3189, 0.7114 -5.4308 0.3189, 0.6952 -5.4679 0.3189, 0.1834 -5.4679 0.3189, 0.1996 -5.4308 0.3189, 0.2247 -5.399 0.3189, 2.2306 -5.4679 0.3189, 2.2468 -5.4308 0.3189, 2.2719 -5.399 0.3189, 2.3043 -5.3747 0.3189, 5.0922 5.4679 0.3189, 3.9949 5.3747 0.3189, -0.0995 5.3747 0.3189, 5.95 -3.9771 0.3189, 5.9448 -3.937 0.3189, 5.95 -3.8969 0.3189, 6.0584 -3.5765 0.3189, 6.0213 -3.5603 0.3189, 5.9896 -3.5352 0.3189, 5.9653 -3.5028 0.3189, 5.95 -3.4653 0.3189, -2.2645 -5.3595 0.3189, -2.7362 -5.3543 0.3189, -3.248 -5.3543 0.3189, -2.8875 -5.4679 0.3189, -2.8713 -5.4308 0.3189, -2.8462 -5.399 0.3189, -3.3993 -5.4679 0.3189, -3.3831 -5.4308 0.3189, -3.7197 -5.3595 0.3189, -3.358 -5.399 0.3189, -3.3257 -5.3747 0.3189, -0.689 -5.3543 0.3189, 0.7688 -5.3747 0.3189, 2.3418 -5.3595 0.3189, 2.3819 -5.3543 0.3189, 0.9977 5.4679 0.3189, 0.9815 5.4308 0.3189, 0.9564 5.399 0.3189, 0.8465 5.3543 0.3189, -1.2008 5.3543 0.3189, -1.6725 5.3595 0.3189, -1.2409 5.3595 0.3189, -1.635 5.3747 0.3189, 5.9653 -0.7885 0.3189, 6.0584 -0.5056 0.3189, 5.95 -0.826 0.3189, 6.0984 -1.7914 0.3189, 6.0984 -1.7323 0.3189, 6.0584 -1.7385 0.3189, 6.0584 -1.5292 0.3189, 6.0213 -1.7547 0.3189, 6.0213 -1.513 0.3189, 5.9896 -1.4879 0.3189, 5.9653 -1.4556 0.3189, 5.95 -1.4181 0.3189, 5.9896 -1.7798 0.3189, 5.9448 -1.378 0.3189, 5.9653 -1.8121 0.3189, 2.7424 -5.4679 0.3189, 2.7586 -5.4308 0.3189, 2.7837 -5.399 0.3189, 3.8397 -5.3747 0.3189, 3.8772 -5.3595 0.3189, 3.4456 -5.3595 0.3189, 1.9477 5.3747 0.3189, 1.9102 5.3595 0.3189, 2.3418 5.3595 0.3189, 1.8701 5.3543 0.3189, 2.5332 5.4679 0.3189, 2.517 5.4308 0.3189, 2.4919 5.399 0.3189, -2.6586 5.3747 0.3189, -2.6961 5.3595 0.3189, -2.2645 5.3595 0.3189, 5.9653 -2.8358 0.3189, 6.0584 -2.5529 0.3189, 5.95 -2.8732 0.3189, 5.9653 -0.2767 0.3189, 6.0584 0.0062 0.3189, 5.95 -0.3142 0.3189, -3.2882 -5.3595 0.3189, -4.3118 -5.3595 0.3189, 3.9173 -5.3543 0.3189, 3.9575 -5.3595 0.3189, 4.5804 5.4679 0.3189, 4.5642 5.4308 0.3189, 4.5391 5.399 0.3189, 1.7601 5.399 0.3189, 1.4683 5.399 0.3189, 1.7925 5.3747 0.3189, 1.8299 5.3595 0.3189, 1.735 5.4308 0.3189, 1.7188 5.4679 0.3189, 1.4934 5.4308 0.3189, 1.7717 5.5079 0.3189, 1.7126 5.5079 0.3189, 1.5095 5.4679 0.3189, 2.0214 5.4679 0.3189, 2.0052 5.4308 0.3189, 1.9801 5.399 0.3189, 0.4859 5.4679 0.3189, 0.4697 5.4308 0.3189, 0.4446 5.399 0.3189, -1.5613 5.4679 0.3189, -1.5775 5.4308 0.3189, -1.6026 5.399 0.3189, -1.1606 5.3595 0.3189, 6.0213 -3.0485 0.3189, 5.95 -3.3851 0.3189, 6.0584 -3.0647 0.3189, 5.9653 -3.3476 0.3189, 5.9896 -3.3152 0.3189, 5.9896 -3.0234 0.3189, 5.9653 -2.991 0.3189, 5.95 -2.9535 0.3189, 5.9448 -2.9134 0.3189, 5.9653 -2.3239 0.3189, 6.0584 -2.041 0.3189, 5.95 -2.3614 0.3189, 5.9653 -1.3003 0.3189, 6.0584 -1.0174 0.3189, 5.95 -1.3378 0.3189, 6.0213 -0.4894 0.3189, 5.9896 -0.4643 0.3189, 5.9448 -0.8661 0.3189, 5.9653 -0.432 0.3189, 5.9448 -0.3543 0.3189, 5.95 0.1173 0.3189, 5.9448 0.1575 0.3189, 5.9653 0.2351 0.3189, 6.0584 0.518 0.3189, 5.95 0.1976 0.3189, 3.2542 -5.4679 0.3189, 3.2704 -5.4308 0.3189, 3.2955 -5.399 0.3189, 3.3279 -5.3747 0.3189, 4.9409 5.3543 0.3189, 4.4291 5.3543 0.3189, 4.0686 5.4679 0.3189, 4.0524 5.4308 0.3189, 4.0273 5.399 0.3189, 2.9338 5.3595 0.3189, 2.8937 5.3543 0.3189, 1.4359 5.3747 0.3189, -0.6114 5.3747 0.3189, -0.6488 5.3595 0.3189, -0.2173 5.3595 0.3189, -0.689 5.3543 0.3189, -0.0259 5.4679 0.3189, -0.0421 5.4308 0.3189, -0.0672 5.399 0.3189, -2.0731 5.4679 0.3189, -2.0893 5.4308 0.3189, -2.1144 5.399 0.3189, -2.1468 5.3747 0.3189, 5.95 -0.3945 0.3189, 5.9653 0.7469 0.3189, 6.0584 1.0298 0.3189, 5.95 0.7094 0.3189, 6.0584 1.7385 0.3189, 5.95 1.2212 0.3189, 5.9653 1.2587 0.3189, 3.3654 -5.3595 0.3189, 3.4055 -5.3543 0.3189, 3.4831 5.3747 0.3189, 3.4456 5.3595 0.3189, 3.8772 5.3595 0.3189, 3.4055 5.3543 0.3189, 3.0037 5.399 0.3189, 3.3654 5.3595 0.3189, 3.0288 5.4308 0.3189, 3.045 5.4679 0.3189, 3.5568 5.4679 0.3189, 3.5406 5.4308 0.3189, 3.5155 5.399 0.3189, -1.0908 5.399 0.3189, -0.7291 5.3595 0.3189, -1.0657 5.4308 0.3189, -1.0495 5.4679 0.3189, -0.5377 5.4679 0.3189, -0.5539 5.4308 0.3189, -0.579 5.399 0.3189, 5.9448 -3.4252 0.3189, 6.0213 -2.5367 0.3189, 5.9896 -2.5116 0.3189, 5.9653 -2.4792 0.3189, 5.95 -2.4417 0.3189, 5.9448 -2.4016 0.3189, 6.0213 0.0224 0.3189, 5.9896 0.0475 0.3189, 5.9653 0.0799 0.3189, 6.0213 0.5342 0.3189, 5.9896 0.5593 0.3189, 5.9653 0.5917 0.3189, 3.766 -5.4679 0.3189, 3.7822 -5.4308 0.3189, 3.8073 -5.399 0.3189, 2.9713 5.3747 0.3189, 0.3346 5.3543 0.3189, -1.1232 5.3747 0.3189, -2.5849 5.4679 0.3189, -2.6011 5.4308 0.3189, -2.6262 5.399 0.3189, -3.1704 5.3747 0.3189, -2.7362 5.3543 0.3189, -3.138 5.399 0.3189, -3.1129 5.4308 0.3189, 6.0213 -2.0249 0.3189, 5.9896 -1.9998 0.3189, 5.9653 -1.9674 0.3189, 6.0213 1.046 0.3189, 5.9896 1.0711 0.3189, 5.9448 0.6693 0.3189, 5.9653 1.1035 0.3189, 5.95 1.141 0.3189, 5.9448 1.1811 0.3189, 5.95 0.6292 0.3189, 5.9448 1.8898 0.3189, 5.95 1.8496 0.3189, 5.9653 1.9674 0.3189, 6.0584 2.2503 0.3189, 5.95 1.9299 0.3189, 5.9653 2.4792 0.3189, 6.0584 2.7621 0.3189, 5.95 2.4417 0.3189, -3.2079 5.3595 0.3189, -3.248 5.3543 0.3189, -3.2882 5.3595 0.3189, 6.0213 3.2901 0.3189, 5.9896 3.3152 0.3189, 5.9448 2.9134 0.3189, 5.9653 3.3476 0.3189, 5.95 3.3851 0.3189, 4.2779 -5.4679 0.3189, 4.294 -5.4308 0.3189, 4.3191 -5.399 0.3189, 4.3515 -5.3747 0.3189, -2.2244 5.3543 0.3189, -2.1843 5.3595 0.3189, 5.95 -1.9299 0.3189, 5.9448 -1.8898 0.3189, 5.95 -1.8496 0.3189, 6.0213 -1.0012 0.3189, 5.9896 -0.9761 0.3189, 5.9653 -0.9438 0.3189, 5.95 -0.9063 0.3189, 6.0213 1.7547 0.3189, 5.9896 1.7798 0.3189, 5.9653 1.8121 0.3189, 5.9448 2.4016 0.3189, 5.95 2.8732 0.3189, 4.8633 -5.3747 0.3189, 4.9008 -5.3595 0.3189, 4.4693 -5.3595 0.3189, 4.4291 -5.3543 0.3189, 4.389 -5.3595 0.3189, 4.9409 -5.3543 0.3189, 4.9811 -5.3595 0.3189, 5.0186 -5.3747 0.3189, -3.6086 5.4679 0.3189, -3.6247 5.4308 0.3189, -3.6499 5.399 0.3189, -3.6822 5.3747 0.3189, -3.7197 5.3595 0.3189, -3.7598 5.3543 0.3189, -3.8 5.3595 0.3189, -5.6168 5.1151 0.3189, -3.8375 5.3747 0.3189, -3.8698 5.399 0.3189, -4.3493 5.3747 0.3189, -4.6322 5.4679 0.3189, -4.3118 5.3595 0.3189, 5.9653 2.3239 0.3189, 5.9896 2.2916 0.3189, 6.0213 2.2665 0.3189, 6.0213 2.7783 0.3189, 5.9896 2.8034 0.3189, 5.9653 2.8358 0.3189, 4.7897 -5.4679 0.3189, 4.8059 -5.4308 0.3189, 4.831 -5.399 0.3189, 5.95 2.3614 0.3189, 5.0393 -5.5079 0.3189, 5.0394 -5.5118 0.3189, 5.0984 -5.5079 0.3189, 5.0922 -5.4679 0.3189, 5.076 -5.4308 0.3189, 5.0509 -5.399 0.3189, -3.8949 5.4308 0.3189, -4.1617 5.399 0.3189, -3.9111 5.4679 0.3189, -4.1366 5.4308 0.3189, -4.7433 5.3595 0.3189, -4.7835 5.3543 0.3189, -3.8582 5.5079 0.3189, -3.9173 5.5079 0.3189, -4.1204 5.4679 0.3189, -4.7058 5.3747 0.3189, -4.2717 5.3543 0.3189, -4.6735 5.399 0.3189, -4.6484 5.4308 0.3189, -4.8935 5.399 0.3189, -4.8611 5.3747 0.3189, -4.8236 5.3595 0.3189, -4.194 5.3747 0.3189, -4.2315 5.3595 0.3189, -4.9186 5.4308 0.3189, -4.9347 5.4679 0.3189, -6.0584 3.7857 0.3189, -6.0213 3.5603 0.3189, -6.0213 3.8019 0.3189, -5.9896 3.5352 0.3189, -5.7087 5.0 0.3189, -5.9896 4.5588 0.3189, -5.9653 4.5264 0.3189, -5.9896 3.0234 0.3189, -6.0213 3.2901 0.3189, -6.0584 3.2739 0.3189, -6.0984 3.8387 0.3189, -6.0984 3.7795 0.3189, -6.0584 3.5765 0.3189, -6.1024 5.315 0.3189, -6.0984 5.1181 0.3189, -6.1024 5.0591 0.3189, -6.0984 5.059 0.3189, -5.95 3.9771 0.3189, -5.9448 3.937 0.3189, -6.0584 3.0647 0.3189, -6.0213 3.0485 0.3189, -5.9448 4.9606 0.3189, -5.95 4.9205 0.3189, -6.0584 5.1119 0.3189, -6.0213 5.0957 0.3189, -5.9896 5.0706 0.3189, -5.9653 5.0383 0.3189, -6.0213 4.5839 0.3189, -6.0584 4.6001 0.3189, -5.9653 4.883 0.3189, -5.9896 4.8506 0.3189, -5.95 4.489 0.3189, -5.9448 4.4488 0.3189, -5.95 4.4087 0.3189, -5.9653 4.0146 0.3189, -5.6642 5.0923 0.3189, -5.6829 5.0736 0.3189, -5.95 5.0008 0.3189, -5.697 5.0512 0.3189, -5.7057 5.0263 0.3189, -5.9653 4.3712 0.3189, -6.0584 4.0883 0.3189, -6.0213 4.0721 0.3189, -5.9896 4.047 0.3189, -5.9448 2.9134 0.3189, -5.9896 3.3152 0.3189, -5.95 2.9535 0.3189, -5.9653 2.991 0.3189, -5.6418 5.1064 0.3189, -5.9653 2.8358 0.3189, -6.0584 2.5529 0.3189, -5.95 2.8732 0.3189, -5.95 0.7094 0.3189, -5.9448 0.6693 0.3189, -5.9448 1.1811 0.3189, -5.9653 3.5028 0.3189, -5.95 3.4653 0.3189, -5.9896 3.827 0.3189, -5.9448 3.4252 0.3189, -5.9653 3.8594 0.3189, -5.95 3.8969 0.3189, -5.9653 2.3239 0.3189, -6.0584 2.041 0.3189, -5.95 2.3614 0.3189, -5.9448 1.8898 0.3189, -5.7087 -5.0 0.3189, -5.95 1.8496 0.3189, -5.9653 1.8121 0.3189, -5.9653 -3.3476 0.3189, -5.95 -3.3851 0.3189, -6.0213 -3.0485 0.3189, -5.9896 2.5116 0.3189, -5.9653 2.4792 0.3189, -5.95 2.4417 0.3189, -5.9448 2.4016 0.3189, -5.9896 -3.3152 0.3189, -6.0584 -3.0647 0.3189, -6.0984 1.7914 0.3189, -6.0984 1.7323 0.3189, -6.0584 1.7385 0.3189, -6.0584 1.3324 0.3189, -6.0213 1.7547 0.3189, -6.0213 1.3162 0.3189, -5.9896 1.2911 0.3189, -5.9896 1.7798 0.3189, -5.95 1.2212 0.3189, -5.9653 1.2587 0.3189, -5.9653 1.1035 0.3189, -6.0584 0.8206 0.3189, -5.95 1.141 0.3189, -5.9653 0.5917 0.3189, -6.0584 0.3088 0.3189, -5.95 0.6292 0.3189, -6.0213 2.0249 0.3189, -5.9896 1.9998 0.3189, -5.9653 1.9674 0.3189, -5.95 1.9299 0.3189, -6.0213 0.8044 0.3189, -5.9896 0.7793 0.3189, -5.9653 0.7469 0.3189, -6.0584 -3.7857 0.3189, -6.0213 -3.8019 0.3189, -5.95 -3.4653 0.3189, -5.9896 -3.827 0.3189, -5.9448 -3.4252 0.3189, -5.9653 -3.8594 0.3189, -5.95 -3.8969 0.3189, -5.9448 -3.937 0.3189, -5.9896 -3.0234 0.3189, -6.0584 -4.2975 0.3189, -6.0213 -4.3137 0.3189, -5.95 -3.9771 0.3189, -5.9896 -4.3388 0.3189, -5.95 3.3851 0.3189, -5.9653 3.3476 0.3189, -5.9653 0.0799 0.3189, -6.0584 -0.2031 0.3189, -5.95 0.1173 0.3189, -5.9653 -0.432 0.3189, -6.0584 -0.7149 0.3189, -5.95 -0.3945 0.3189, -5.9653 -0.9438 0.3189, -6.0584 -1.2267 0.3189, -5.95 -0.9063 0.3189, -6.0584 -4.8094 0.3189, -6.0213 -4.8255 0.3189, -5.95 -4.489 0.3189, -5.9896 -4.8506 0.3189, -5.9448 -4.4488 0.3189, -5.95 -4.4087 0.3189, -5.9653 -4.3712 0.3189, -6.0213 0.2926 0.3189, -5.9896 0.2675 0.3189, -5.9653 0.2351 0.3189, -5.95 0.1976 0.3189, -5.9448 0.1575 0.3189, -5.9448 -0.3543 0.3189, -5.95 -0.826 0.3189, -5.9448 -0.8661 0.3189, -5.9653 -1.4556 0.3189, -6.0584 -1.7385 0.3189, -5.95 -1.4181 0.3189, -5.6928 -5.0591 0.3189, -5.7046 -5.0306 0.3189, -5.95 -4.9205 0.3189, -5.9653 -4.883 0.3189, -6.0213 2.5367 0.3189, -6.0213 -1.2429 0.3189, -5.9896 -1.268 0.3189, -5.9653 -1.3003 0.3189, -5.95 -1.3378 0.3189, -5.9448 -1.378 0.3189, -5.95 -0.3142 0.3189, -5.9653 -1.9674 0.3189, -6.0584 -2.2503 0.3189, -5.95 -1.9299 0.3189, -5.9448 -2.9134 0.3189, -5.95 -2.9535 0.3189, -5.9653 -2.991 0.3189, -6.0213 -0.2192 0.3189, -5.9896 -0.2443 0.3189, -5.9653 -0.2767 0.3189, -6.0213 -0.731 0.3189, -5.9896 -0.7562 0.3189, -5.9653 -0.7885 0.3189, -5.9448 -1.8898 0.3189, -5.95 -2.3614 0.3189, -5.9448 -2.4016 0.3189, -5.9653 -2.4792 0.3189, -6.0584 -2.7621 0.3189, -5.95 -2.4417 0.3189, -5.9653 -1.8121 0.3189, -5.9896 -1.7798 0.3189, -6.0213 -1.7547 0.3189, -5.95 -1.8496 0.3189, -5.95 -2.8732 0.3189, -6.0213 -2.2665 0.3189, -5.9896 -2.2916 0.3189, -5.9653 -2.3239 0.3189, -6.0213 -2.7783 0.3189, -5.9896 -2.8034 0.3189, -5.9653 -2.8358 0.3189
            ]
        }
        coordIndex [
            0,1,2,-1,3,4,5,-1,6,7,8,-1,8,7,9,-1,10,11,12,-1,12,11,13,-1,14,15,16,-1,16,15,17,-1,18,19,20,-1,21,22,23,-1,24,25,26,-1,27,28,26,-1,2,24,0,-1,0,24,26,-1,0,26,29,-1,29,26,28,-1,30,31,32,-1,32,31,33,-1,34,35,36,-1,37,38,39,-1,40,41,42,-1,43,42,44,-1,44,42,45,-1,23,40,21,-1,21,40,42,-1,21,42,46,-1,46,42,43,-1,47,48,49,-1,50,49,51,-1,51,49,52,-1,36,47,34,-1,34,47,49,-1,34,49,53,-1,53,49,50,-1,54,55,56,-1,57,58,59,-1,60,59,61,-1,61,59,62,-1,39,57,37,-1,37,57,59,-1,37,59,63,-1,63,59,60,-1,64,65,66,-1,67,68,69,-1,70,71,72,-1,73,74,72,-1,56,70,54,-1,54,70,72,-1,54,72,75,-1,75,72,74,-1,76,77,78,-1,79,80,81,-1,82,83,81,-1,66,79,64,-1,64,79,81,-1,64,81,84,-1,84,81,83,-1,85,86,87,-1,88,87,89,-1,89,87,90,-1,69,85,67,-1,67,85,87,-1,67,87,91,-1,91,87,88,-1,92,93,94,-1,95,96,97,-1,98,97,99,-1,99,97,100,-1,5,95,3,-1,3,95,97,-1,3,97,101,-1,101,97,98,-1,102,103,104,-1,104,103,105,-1,106,107,108,-1,109,110,111,-1,112,113,114,-1,115,116,114,-1,117,118,119,-1,94,112,92,-1,92,112,114,-1,92,114,120,-1,120,114,116,-1,121,122,123,-1,124,125,126,-1,127,128,129,-1,130,131,129,-1,119,127,117,-1,117,127,129,-1,117,129,132,-1,132,129,131,-1,133,134,135,-1,135,134,136,-1,137,138,139,-1,140,141,142,-1,143,144,145,-1,146,147,145,-1,148,149,150,-1,126,143,124,-1,124,143,145,-1,124,145,151,-1,151,145,147,-1,152,153,154,-1,155,156,157,-1,158,159,157,-1,160,161,162,-1,142,155,140,-1,140,155,157,-1,140,157,163,-1,163,157,159,-1,164,165,166,-1,167,168,169,-1,170,171,172,-1,173,174,172,-1,166,170,164,-1,164,170,172,-1,164,172,175,-1,175,172,174,-1,176,177,178,-1,179,180,178,-1,108,176,106,-1,106,176,178,-1,106,178,181,-1,181,178,180,-1,182,183,184,-1,185,186,184,-1,154,182,152,-1,152,182,184,-1,152,184,187,-1,187,184,186,-1,188,189,190,-1,191,192,190,-1,111,188,109,-1,109,188,190,-1,109,190,193,-1,193,190,192,-1,194,195,196,-1,197,198,196,-1,139,194,137,-1,137,194,196,-1,137,196,199,-1,199,196,198,-1,200,201,202,-1,203,204,202,-1,162,200,160,-1,160,200,202,-1,160,202,205,-1,205,202,204,-1,206,207,208,-1,209,210,208,-1,211,212,213,-1,150,206,148,-1,148,206,208,-1,148,208,214,-1,214,208,210,-1,215,216,217,-1,218,219,217,-1,169,215,167,-1,167,215,217,-1,167,217,220,-1,220,217,219,-1,221,222,223,-1,224,225,226,-1,226,225,227,-1,226,227,228,-1,228,227,229,-1,230,231,232,-1,232,231,233,-1,234,235,228,-1,228,235,236,-1,228,236,226,-1,237,238,239,-1,240,241,239,-1,223,237,221,-1,221,237,239,-1,221,239,242,-1,242,239,241,-1,243,244,245,-1,246,247,248,-1,248,247,249,-1,248,249,250,-1,250,249,251,-1,252,253,254,-1,255,256,250,-1,250,256,257,-1,250,257,248,-1,258,259,260,-1,261,262,260,-1,123,258,121,-1,121,258,260,-1,121,260,263,-1,263,260,262,-1,264,265,30,-1,266,267,268,-1,269,270,268,-1,245,266,243,-1,243,266,268,-1,243,268,271,-1,271,268,270,-1,272,273,274,-1,275,276,277,-1,278,279,277,-1,254,275,252,-1,252,275,277,-1,252,277,280,-1,280,277,279,-1,281,282,283,-1,284,285,286,-1,30,32,264,-1,264,32,287,-1,264,287,288,-1,78,284,76,-1,76,284,286,-1,76,286,289,-1,289,286,290,-1,291,292,293,-1,294,295,293,-1,274,291,272,-1,272,291,293,-1,272,293,296,-1,296,293,295,-1,297,298,14,-1,299,300,301,-1,302,303,301,-1,283,299,281,-1,281,299,301,-1,281,301,304,-1,304,301,303,-1,305,306,230,-1,307,308,309,-1,310,311,309,-1,213,307,211,-1,211,307,309,-1,211,309,312,-1,312,309,311,-1,313,314,315,-1,20,313,18,-1,18,313,315,-1,18,315,316,-1,316,315,317,-1,318,319,320,-1,320,319,321,-1,14,16,297,-1,297,16,322,-1,297,322,323,-1,324,325,326,-1,324,326,327,-1,328,329,330,-1,330,329,331,-1,330,331,332,-1,332,331,333,-1,332,334,335,-1,335,336,332,-1,332,336,337,-1,332,337,330,-1,338,339,340,-1,340,339,341,-1,340,341,342,-1,342,341,343,-1,342,344,345,-1,345,346,342,-1,342,346,347,-1,342,347,340,-1,348,349,350,-1,350,349,351,-1,350,351,352,-1,352,351,353,-1,352,354,355,-1,355,356,352,-1,352,356,357,-1,352,357,350,-1,358,359,360,-1,360,359,361,-1,360,361,362,-1,362,361,363,-1,362,364,365,-1,365,366,362,-1,362,366,367,-1,362,367,360,-1,368,369,370,-1,370,369,371,-1,370,371,372,-1,372,371,373,-1,372,374,375,-1,376,377,378,-1,378,377,379,-1,378,379,380,-1,380,379,381,-1,380,382,383,-1,375,384,372,-1,372,384,385,-1,372,385,370,-1,383,386,380,-1,380,386,387,-1,380,387,378,-1,388,389,390,-1,390,389,391,-1,390,391,392,-1,392,391,393,-1,392,394,395,-1,395,396,392,-1,392,396,397,-1,392,397,390,-1,398,399,400,-1,400,399,401,-1,400,401,402,-1,402,401,403,-1,402,404,405,-1,405,406,402,-1,402,406,407,-1,402,407,400,-1,408,409,410,-1,410,409,411,-1,410,411,412,-1,412,411,413,-1,412,414,415,-1,415,416,412,-1,412,416,417,-1,412,417,410,-1,418,419,420,-1,420,419,421,-1,420,421,422,-1,422,421,423,-1,422,424,425,-1,425,426,422,-1,422,426,427,-1,422,427,420,-1,428,429,430,-1,430,429,431,-1,430,431,432,-1,432,431,433,-1,432,434,435,-1,435,436,432,-1,432,436,437,-1,432,437,430,-1,438,439,440,-1,440,439,441,-1,440,441,442,-1,442,441,443,-1,442,444,445,-1,445,446,442,-1,442,446,447,-1,442,447,440,-1,448,449,450,-1,450,449,451,-1,450,451,452,-1,452,451,453,-1,452,454,455,-1,455,456,452,-1,452,456,457,-1,452,457,450,-1,458,459,460,-1,460,459,461,-1,460,461,462,-1,462,461,463,-1,462,464,465,-1,465,466,462,-1,462,466,467,-1,462,467,460,-1,468,469,470,-1,470,469,471,-1,470,471,472,-1,472,471,473,-1,472,474,475,-1,475,476,472,-1,472,476,477,-1,472,477,470,-1,478,479,480,-1,480,479,481,-1,480,481,482,-1,482,481,483,-1,482,484,485,-1,486,487,318,-1,485,488,482,-1,482,488,489,-1,482,489,480,-1,490,491,492,-1,492,491,493,-1,492,493,494,-1,494,493,495,-1,494,496,497,-1,498,499,500,-1,497,501,494,-1,494,501,502,-1,494,502,492,-1,503,504,505,-1,505,504,506,-1,505,506,507,-1,507,506,508,-1,507,509,510,-1,511,512,513,-1,513,512,514,-1,510,515,507,-1,507,515,516,-1,507,516,505,-1,517,518,519,-1,519,518,520,-1,521,522,523,-1,523,522,524,-1,523,524,525,-1,525,524,526,-1,525,527,528,-1,528,529,525,-1,525,529,530,-1,525,530,523,-1,531,532,533,-1,533,532,534,-1,533,534,535,-1,535,534,536,-1,535,537,538,-1,538,539,535,-1,535,539,540,-1,535,540,533,-1,541,542,543,-1,543,542,544,-1,543,544,545,-1,545,544,546,-1,545,547,548,-1,548,549,545,-1,545,549,550,-1,545,550,543,-1,551,552,553,-1,553,552,554,-1,553,554,555,-1,555,554,556,-1,555,557,558,-1,558,559,555,-1,555,559,560,-1,555,560,553,-1,561,562,563,-1,563,562,564,-1,563,564,565,-1,565,564,566,-1,565,567,568,-1,569,570,571,-1,571,570,572,-1,571,572,573,-1,573,572,574,-1,573,575,576,-1,568,577,565,-1,565,577,578,-1,565,578,563,-1,576,579,573,-1,573,579,580,-1,573,580,571,-1,581,582,583,-1,583,582,584,-1,583,584,585,-1,585,584,586,-1,585,587,588,-1,589,590,591,-1,588,592,585,-1,585,592,593,-1,585,593,583,-1,594,595,591,-1,591,595,596,-1,500,589,498,-1,498,589,591,-1,498,591,597,-1,597,591,596,-1,598,599,600,-1,600,599,601,-1,600,601,602,-1,602,601,603,-1,602,604,605,-1,605,606,602,-1,602,606,607,-1,602,607,600,-1,608,609,610,-1,610,609,611,-1,610,611,612,-1,612,611,613,-1,614,615,616,-1,616,615,617,-1,618,619,612,-1,612,619,620,-1,612,620,610,-1,621,622,623,-1,623,622,624,-1,623,624,625,-1,625,624,626,-1,625,627,628,-1,628,629,625,-1,625,629,630,-1,625,630,623,-1,631,632,633,-1,633,632,634,-1,633,634,635,-1,635,634,636,-1,635,637,638,-1,638,639,635,-1,635,639,640,-1,635,640,633,-1,641,642,643,-1,643,642,644,-1,643,644,645,-1,645,644,646,-1,645,647,648,-1,648,649,645,-1,645,649,650,-1,645,650,643,-1,651,652,653,-1,653,652,654,-1,653,654,655,-1,655,654,656,-1,655,657,658,-1,658,659,655,-1,655,659,660,-1,655,660,653,-1,661,662,663,-1,663,662,664,-1,663,664,665,-1,665,664,666,-1,665,667,668,-1,668,669,665,-1,665,669,670,-1,665,670,663,-1,671,672,673,-1,673,672,674,-1,673,674,675,-1,675,674,676,-1,675,677,678,-1,678,679,675,-1,675,679,680,-1,675,680,673,-1,681,682,683,-1,683,682,684,-1,683,684,685,-1,685,684,686,-1,323,327,297,-1,297,327,326,-1,297,326,687,-1,688,689,685,-1,685,689,690,-1,685,690,683,-1,691,692,693,-1,694,695,696,-1,697,698,699,-1,699,698,700,-1,701,702,703,-1,325,704,326,-1,326,704,705,-1,326,705,706,-1,706,705,707,-1,310,309,708,-1,708,309,709,-1,708,709,710,-1,711,712,326,-1,713,698,714,-1,714,698,715,-1,714,715,716,-1,717,718,719,-1,705,720,691,-1,691,720,721,-1,722,723,724,-1,724,723,725,-1,726,694,724,-1,724,694,696,-1,724,696,722,-1,727,728,729,-1,729,728,730,-1,712,731,326,-1,326,731,732,-1,326,732,687,-1,733,734,735,-1,691,693,705,-1,705,693,736,-1,705,736,707,-1,737,738,739,-1,739,738,740,-1,701,703,741,-1,688,685,742,-1,742,685,743,-1,742,743,744,-1,745,746,747,-1,700,698,748,-1,748,698,713,-1,748,713,749,-1,749,713,750,-1,749,750,751,-1,729,326,752,-1,752,326,753,-1,754,10,755,-1,755,10,12,-1,755,12,727,-1,727,12,756,-1,727,756,728,-1,726,724,739,-1,739,724,757,-1,739,757,737,-1,758,759,760,-1,739,761,762,-1,735,734,763,-1,764,765,766,-1,766,765,739,-1,721,767,691,-1,691,767,768,-1,691,768,769,-1,725,770,724,-1,724,770,771,-1,724,771,772,-1,773,774,775,-1,730,776,729,-1,729,776,777,-1,729,777,326,-1,326,777,778,-1,326,778,711,-1,779,780,769,-1,769,780,781,-1,769,781,691,-1,691,781,782,-1,691,782,783,-1,784,785,772,-1,772,785,786,-1,772,786,724,-1,724,786,787,-1,724,787,788,-1,789,790,791,-1,751,792,749,-1,749,792,793,-1,749,793,794,-1,794,793,795,-1,794,795,796,-1,97,797,100,-1,100,797,798,-1,100,798,799,-1,799,798,800,-1,799,800,801,-1,801,800,802,-1,802,803,801,-1,801,803,804,-1,801,804,326,-1,326,804,805,-1,326,805,753,-1,806,807,808,-1,808,807,809,-1,808,809,810,-1,494,811,496,-1,496,811,812,-1,496,812,813,-1,813,812,814,-1,813,814,815,-1,332,816,334,-1,334,816,817,-1,334,817,719,-1,719,817,818,-1,719,818,717,-1,819,820,821,-1,821,820,364,-1,821,364,822,-1,822,364,362,-1,739,823,824,-1,825,826,827,-1,828,829,830,-1,745,747,831,-1,832,833,834,-1,73,72,835,-1,835,72,836,-1,835,836,796,-1,796,836,837,-1,796,837,794,-1,794,837,838,-1,794,838,839,-1,839,840,794,-1,794,840,841,-1,794,841,842,-1,452,843,454,-1,454,843,844,-1,454,844,845,-1,845,844,846,-1,845,846,847,-1,848,849,850,-1,850,851,848,-1,848,851,852,-1,848,852,853,-1,318,320,486,-1,486,320,854,-1,486,854,853,-1,853,854,855,-1,853,855,848,-1,507,856,509,-1,509,856,857,-1,509,857,808,-1,808,857,858,-1,808,858,806,-1,859,860,861,-1,861,860,862,-1,861,862,702,-1,342,863,344,-1,344,863,864,-1,344,864,703,-1,703,864,865,-1,703,865,741,-1,819,866,820,-1,820,866,867,-1,820,867,824,-1,824,867,763,-1,824,763,739,-1,739,763,734,-1,739,734,766,-1,380,868,382,-1,382,868,869,-1,382,869,735,-1,735,869,870,-1,735,870,733,-1,871,872,765,-1,873,874,875,-1,875,874,876,-1,875,876,877,-1,878,879,880,-1,875,881,882,-1,883,884,885,-1,82,81,886,-1,886,81,887,-1,886,887,842,-1,842,887,888,-1,842,888,794,-1,794,888,889,-1,794,889,890,-1,740,891,739,-1,739,891,892,-1,739,892,845,-1,893,894,895,-1,895,894,896,-1,895,896,897,-1,462,898,464,-1,464,898,899,-1,464,899,895,-1,895,899,900,-1,895,900,893,-1,848,901,849,-1,849,901,761,-1,849,761,809,-1,809,761,739,-1,809,739,810,-1,902,903,904,-1,904,903,354,-1,904,354,905,-1,905,354,352,-1,372,906,374,-1,374,906,907,-1,374,907,861,-1,861,907,908,-1,861,908,859,-1,392,909,394,-1,394,909,910,-1,394,910,764,-1,764,910,911,-1,764,911,912,-1,692,691,875,-1,875,691,913,-1,875,913,873,-1,828,830,914,-1,789,791,915,-1,890,916,794,-1,794,916,917,-1,794,917,918,-1,87,919,90,-1,90,919,920,-1,90,920,918,-1,918,920,921,-1,918,921,794,-1,794,921,922,-1,794,922,923,-1,815,924,813,-1,813,924,810,-1,813,810,925,-1,925,810,739,-1,925,739,759,-1,759,739,926,-1,759,926,760,-1,482,927,484,-1,484,927,928,-1,484,928,760,-1,760,928,929,-1,760,929,758,-1,472,930,474,-1,474,930,931,-1,474,931,932,-1,932,931,933,-1,932,933,934,-1,935,739,718,-1,718,739,762,-1,718,762,719,-1,902,936,903,-1,903,936,823,-1,903,823,862,-1,862,823,739,-1,862,739,702,-1,702,739,935,-1,702,935,703,-1,912,937,764,-1,764,937,938,-1,764,938,765,-1,765,938,827,-1,765,827,871,-1,871,827,826,-1,525,939,527,-1,527,939,940,-1,527,940,775,-1,775,940,941,-1,775,941,773,-1,942,875,774,-1,774,875,882,-1,774,882,775,-1,883,943,944,-1,944,943,945,-1,944,945,946,-1,197,196,947,-1,947,196,948,-1,947,948,949,-1,950,133,951,-1,951,133,135,-1,951,135,952,-1,952,135,953,-1,952,953,954,-1,954,953,955,-1,954,955,956,-1,956,957,954,-1,954,957,958,-1,954,958,959,-1,959,958,960,-1,959,960,961,-1,402,962,404,-1,404,962,963,-1,404,963,827,-1,827,963,964,-1,827,964,825,-1,965,966,967,-1,968,969,970,-1,970,969,971,-1,970,971,746,-1,665,972,667,-1,667,972,973,-1,667,973,747,-1,747,973,974,-1,747,974,831,-1,975,976,977,-1,294,293,978,-1,978,293,979,-1,978,979,980,-1,203,202,981,-1,981,202,982,-1,981,982,983,-1,934,984,932,-1,932,984,926,-1,932,926,896,-1,896,926,739,-1,896,739,897,-1,897,739,845,-1,897,845,985,-1,985,845,847,-1,986,987,765,-1,625,988,627,-1,627,988,989,-1,627,989,880,-1,880,989,990,-1,880,990,878,-1,991,992,993,-1,993,992,994,-1,991,995,992,-1,992,995,996,-1,992,996,997,-1,998,517,999,-1,999,517,519,-1,999,519,996,-1,996,519,1000,-1,996,1000,997,-1,675,1001,677,-1,677,1001,1002,-1,677,1002,970,-1,970,1002,1003,-1,970,1003,968,-1,535,1004,537,-1,537,1004,1005,-1,537,1005,834,-1,834,1005,1006,-1,834,1006,832,-1,573,1007,575,-1,575,1007,1008,-1,575,1008,945,-1,945,1008,1009,-1,945,1009,946,-1,883,885,943,-1,943,885,875,-1,943,875,1010,-1,1011,1012,1013,-1,1013,1012,1014,-1,1013,1014,286,-1,286,1014,1015,-1,286,1015,290,-1,1016,1017,794,-1,794,1017,1018,-1,794,1018,1019,-1,302,301,1020,-1,1020,301,1021,-1,1020,1021,1022,-1,146,145,1023,-1,1023,145,1024,-1,1023,1024,1025,-1,948,1026,949,-1,949,1026,1027,-1,949,1027,1028,-1,1028,1027,1029,-1,1030,1031,1032,-1,173,172,1033,-1,1033,172,1034,-1,1033,1034,1035,-1,412,1036,414,-1,414,1036,1037,-1,414,1037,872,-1,872,1037,1038,-1,872,1038,1039,-1,877,1040,875,-1,875,1040,880,-1,875,880,1041,-1,1041,880,879,-1,635,1042,637,-1,637,1042,1043,-1,637,1043,830,-1,830,1043,1044,-1,830,1044,914,-1,875,1045,1046,-1,992,1047,994,-1,994,1047,881,-1,994,881,971,-1,971,881,875,-1,971,875,746,-1,746,875,1046,-1,746,1046,747,-1,1048,1049,1050,-1,1050,1049,1051,-1,1050,1051,790,-1,565,1052,567,-1,567,1052,1053,-1,567,1053,791,-1,791,1053,1054,-1,791,1054,915,-1,585,1055,587,-1,587,1055,1056,-1,587,1056,884,-1,884,1056,1057,-1,884,1057,1058,-1,1029,1059,1028,-1,1028,1059,1030,-1,1028,1030,794,-1,794,1030,1032,-1,794,1032,326,-1,158,157,1060,-1,1060,157,1061,-1,1060,1061,1062,-1,1063,1064,208,-1,208,1064,1065,-1,208,1065,209,-1,1039,1066,872,-1,872,1066,1067,-1,872,1067,765,-1,765,1067,967,-1,765,967,986,-1,986,967,966,-1,1068,1069,1070,-1,1070,1069,1071,-1,1070,1071,829,-1,1072,1073,1074,-1,1074,1073,657,-1,1074,657,1075,-1,1075,657,655,-1,645,1076,647,-1,647,1076,1077,-1,647,1077,1070,-1,1070,1077,1078,-1,1070,1078,1068,-1,1079,1080,1081,-1,1081,1080,557,-1,1081,557,1082,-1,1082,557,555,-1,545,1083,547,-1,547,1083,1084,-1,547,1084,1050,-1,1050,1084,1085,-1,1050,1085,1048,-1,923,1086,794,-1,794,1086,1012,-1,794,1012,1016,-1,1016,1012,1011,-1,979,1087,980,-1,980,1087,1088,-1,980,1088,1019,-1,1019,1088,1089,-1,1019,1089,794,-1,794,1089,1090,-1,794,1090,1091,-1,982,1092,983,-1,983,1092,1093,-1,983,1093,1030,-1,1030,1093,1094,-1,1030,1094,1031,-1,1034,1095,1035,-1,1035,1095,1096,-1,1035,1096,1032,-1,1032,1096,1097,-1,422,1098,424,-1,424,1098,1099,-1,424,1099,967,-1,967,1099,1100,-1,967,1100,965,-1,1072,1101,1073,-1,1073,1101,1045,-1,1073,1045,1071,-1,1071,1045,875,-1,1071,875,829,-1,829,875,1041,-1,829,1041,830,-1,1102,875,833,-1,833,875,942,-1,833,942,834,-1,1079,1103,1080,-1,1080,1103,1010,-1,1080,1010,1051,-1,1051,1010,875,-1,1051,875,790,-1,790,875,1102,-1,790,1102,791,-1,591,1104,594,-1,594,1104,1105,-1,594,1105,977,-1,977,1105,1106,-1,977,1106,975,-1,1107,1108,1109,-1,1109,1108,744,-1,1109,744,1110,-1,1110,744,743,-1,1021,1111,1022,-1,1022,1111,1112,-1,1022,1112,1091,-1,1091,1112,1113,-1,1091,1113,794,-1,1061,1114,1062,-1,1062,1114,1115,-1,1062,1115,1116,-1,1115,1117,1116,-1,1116,1117,1118,-1,1116,1118,1119,-1,1097,1120,1032,-1,1032,1120,1116,-1,1032,1116,326,-1,326,1116,1119,-1,326,1119,1121,-1,1121,1119,1122,-1,218,217,1123,-1,1123,217,1124,-1,1123,1124,1125,-1,234,228,1126,-1,1126,228,1127,-1,1126,1127,1128,-1,1107,1129,1108,-1,1108,1129,1130,-1,1108,1130,885,-1,885,1130,1131,-1,709,1132,710,-1,710,1132,1133,-1,710,1133,1134,-1,1134,1133,1135,-1,1134,1135,1136,-1,432,1137,434,-1,434,1137,1138,-1,434,1138,987,-1,987,1138,1139,-1,987,1139,1140,-1,976,1108,977,-1,977,1108,885,-1,977,885,1141,-1,1141,885,884,-1,1141,884,1142,-1,1142,884,1058,-1,1113,1143,794,-1,794,1143,1144,-1,794,1144,960,-1,960,1144,1145,-1,960,1145,961,-1,1024,1146,1025,-1,1025,1146,1147,-1,1025,1147,960,-1,960,1147,1148,-1,960,1148,794,-1,794,1148,1149,-1,794,1149,1028,-1,1063,1150,1064,-1,1064,1150,1151,-1,1064,1151,1119,-1,1119,1151,1152,-1,1119,1152,1122,-1,1153,1154,1134,-1,1155,1156,1157,-1,1157,1156,765,-1,1157,765,1158,-1,1158,765,987,-1,1158,987,1159,-1,1159,987,1140,-1,1156,1160,765,-1,765,1160,1161,-1,765,1161,1162,-1,602,1163,604,-1,604,1163,1164,-1,604,1164,1131,-1,1131,1164,1165,-1,1131,1165,1166,-1,1166,1167,1131,-1,1131,1167,1168,-1,1131,1168,885,-1,885,1168,1169,-1,885,1169,1170,-1,1170,1169,1171,-1,1170,1171,1172,-1,618,612,1173,-1,1173,612,1174,-1,1173,1174,1175,-1,1176,1121,1177,-1,1177,1121,1125,-1,1177,1125,1178,-1,1178,1125,1124,-1,1127,1179,1128,-1,1128,1179,1180,-1,1128,1180,1153,-1,1153,1180,1181,-1,1153,1181,1154,-1,442,1182,444,-1,444,1182,1183,-1,444,1183,1157,-1,1157,1183,1184,-1,1157,1184,1155,-1,1176,1185,1121,-1,1121,1185,1153,-1,1121,1153,326,-1,326,1153,1134,-1,326,1134,801,-1,801,1134,1136,-1,1186,1187,1188,-1,1188,1187,698,-1,1188,698,1189,-1,1189,698,697,-1,1189,697,1190,-1,1190,697,765,-1,1190,765,1191,-1,1191,765,1162,-1,1172,1192,1193,-1,1193,1192,1194,-1,1193,1194,1195,-1,1170,1196,1197,-1,1198,511,1199,-1,1199,511,513,-1,1199,513,1194,-1,1194,513,1200,-1,1194,1200,1195,-1,1201,1202,1203,-1,1203,1202,1175,-1,1203,1175,1204,-1,1204,1175,1174,-1,1205,617,1206,-1,1206,617,1207,-1,1193,1208,1172,-1,1172,1208,1209,-1,1172,1209,1170,-1,1170,1209,1202,-1,1170,1202,1196,-1,1196,1202,1201,-1,1205,1210,617,-1,617,1210,1211,-1,617,1211,616,-1,1212,1213,1214,-1,1214,1213,1215,-1,1216,1217,1218,-1,1219,1220,1221,-1,1222,6,1223,-1,1223,6,8,-1,1223,8,1212,-1,1212,8,1224,-1,1212,1224,1213,-1,617,1225,1226,-1,1226,1225,1227,-1,1226,1227,1228,-1,1229,1230,1216,-1,230,232,305,-1,305,232,1231,-1,305,1231,1221,-1,1221,1231,1232,-1,1221,1232,1219,-1,1216,1233,1234,-1,1226,1235,617,-1,617,1235,1236,-1,617,1236,1207,-1,1207,1236,1237,-1,1207,1237,1238,-1,1217,1216,1239,-1,1239,1216,1234,-1,1239,1234,1240,-1,1240,1234,1241,-1,1240,1241,315,-1,315,1241,1242,-1,315,1242,317,-1,1218,1243,1216,-1,1216,1243,1244,-1,1216,1244,1245,-1,1229,1216,1246,-1,1247,1238,1248,-1,1248,1238,1249,-1,1248,1249,1250,-1,1233,1216,1249,-1,1249,1216,1251,-1,1249,1251,1250,-1,27,26,1252,-1,1252,26,1253,-1,1252,1253,1245,-1,1245,1253,1254,-1,1245,1254,1216,-1,1216,1254,1255,-1,1216,1255,1246,-1,1256,1257,1258,-1,1258,1257,1220,-1,1258,1220,1259,-1,1259,1220,1219,-1,1197,1207,1170,-1,1170,1207,1238,-1,1170,1238,1260,-1,1260,1238,1247,-1,240,239,1261,-1,1261,239,1262,-1,1261,1262,1263,-1,1264,1265,1266,-1,1215,1267,1214,-1,1214,1267,1268,-1,1214,1268,1269,-1,1269,1268,1270,-1,1269,1270,1271,-1,1271,1270,1272,-1,255,250,1273,-1,1273,250,1274,-1,1273,1274,1275,-1,1216,1276,1277,-1,1277,1276,1278,-1,1277,1278,1279,-1,1280,1281,1282,-1,1283,1284,1216,-1,1216,1284,1285,-1,1216,1285,1286,-1,288,1287,264,-1,264,1287,1280,-1,264,1280,1288,-1,1288,1280,1282,-1,1289,102,1290,-1,1290,102,104,-1,1290,104,1291,-1,1291,104,1292,-1,1291,1292,1293,-1,1293,1292,1294,-1,1293,1294,1295,-1,1266,1296,1297,-1,1297,1296,1293,-1,1297,1293,1298,-1,1298,1293,1295,-1,115,114,1299,-1,1299,114,1300,-1,1299,1300,1301,-1,179,178,1302,-1,1302,178,1303,-1,1302,1303,1304,-1,1274,1305,1275,-1,1275,1305,1306,-1,1275,1306,1286,-1,1286,1306,1307,-1,1286,1307,1216,-1,1216,1307,1308,-1,1216,1308,1276,-1,1300,1309,1301,-1,1301,1309,1310,-1,1301,1310,1266,-1,1266,1310,1311,-1,1266,1311,1264,-1,42,1312,45,-1,45,1312,1313,-1,45,1313,1314,-1,1314,1313,1315,-1,1314,1315,1316,-1,1316,1315,1317,-1,1316,1317,1318,-1,1318,1319,1316,-1,1316,1319,1277,-1,1316,1277,1281,-1,1281,1277,1320,-1,1281,1320,1282,-1,49,1321,52,-1,52,1321,1322,-1,52,1322,1323,-1,1323,1322,1324,-1,1323,1324,1319,-1,1270,1325,1256,-1,1256,1325,1326,-1,1256,1326,1257,-1,185,184,1327,-1,1327,184,1328,-1,1327,1328,1329,-1,191,190,1330,-1,1330,190,1331,-1,1330,1331,1332,-1,130,129,1333,-1,1333,129,1334,-1,1333,1334,1335,-1,59,1336,62,-1,62,1336,1337,-1,62,1337,1338,-1,1338,1337,1339,-1,1338,1339,1340,-1,1340,1339,1277,-1,1340,1277,1341,-1,1341,1277,1319,-1,1341,1319,1342,-1,1342,1319,1324,-1,1303,1343,1304,-1,1304,1343,1344,-1,1304,1344,1265,-1,1265,1344,1345,-1,1265,1345,1346,-1,1346,1347,1265,-1,1265,1347,1277,-1,1265,1277,1266,-1,1266,1277,1279,-1,1266,1279,1296,-1,1348,1349,1350,-1,261,260,1351,-1,1351,260,1352,-1,1351,1352,1353,-1,695,1354,696,-1,696,1354,1355,-1,696,1355,1356,-1,1356,1355,1277,-1,1356,1277,1357,-1,1357,1277,1339,-1,1262,1358,1263,-1,1263,1358,1283,-1,1263,1283,1256,-1,1256,1283,1216,-1,1256,1216,1270,-1,1270,1216,1230,-1,1270,1230,1272,-1,1334,1359,1335,-1,1335,1359,1360,-1,1335,1360,1350,-1,1350,1360,1361,-1,1350,1361,1362,-1,1362,1363,1350,-1,1350,1363,1277,-1,1350,1277,1348,-1,1348,1277,1347,-1,1348,1347,1364,-1,269,268,1365,-1,1365,268,1366,-1,1365,1366,1367,-1,1368,1369,1277,-1,1277,1369,1370,-1,1277,1370,1320,-1,1328,1371,1329,-1,1329,1371,1372,-1,1329,1372,1347,-1,1347,1372,1373,-1,1347,1373,1364,-1,1331,1374,1332,-1,1332,1374,1375,-1,1332,1375,1348,-1,1348,1375,1376,-1,1348,1376,1349,-1,1377,1378,1379,-1,278,277,1380,-1,1380,277,1381,-1,1380,1381,1382,-1,1383,1363,1384,-1,1384,1363,1353,-1,1384,1353,1385,-1,1385,1353,1352,-1,1383,1386,1363,-1,1363,1386,1377,-1,1363,1377,1277,-1,1277,1377,1379,-1,1277,1379,1368,-1,1368,1379,1387,-1,1366,1388,1367,-1,1367,1388,1389,-1,1367,1389,1377,-1,1377,1389,1390,-1,1377,1390,1378,-1,1381,1391,1382,-1,1382,1391,1392,-1,1382,1392,1379,-1,1379,1392,1393,-1,1379,1393,1387,-1,
        ]
    }
}
Shape{
    appearance Appearance {
        material  Material 	{
            diffuseColor 0.9686274509803922 0.8784313725490196 0.6
            specularColor 0.6784313725490196 0.615686274509804 0.4196078431372549
            ambientIntensity 0.8737
            transparency 0.0
            shininess 0.5
        }
    }
    geometry IndexedFaceSet {
        ccw TRUE
        solid FALSE
        coord DEF co Coordinate {
            point [
                -6.0984 4.8662 0.3228, -6.0984 4.8031 0.3228, -6.0748 4.8703 0.3228, -6.0584 4.8094 0.3228, -6.0529 4.8801 0.3228, -6.0213 4.8255 0.3228, -6.0342 4.8952 0.3228, -5.9896 4.8506 0.3228, -6.0199 4.9145 0.3228, -5.9653 4.883 0.3228, -6.0109 4.9368 0.3228, -5.95 4.9205 0.3228, -6.0079 4.9606 0.3228, -5.9448 4.9606 0.3228, -6.0109 4.9845 0.3228, -5.95 5.0008 0.3228, -6.0199 5.0067 0.3228, -5.9653 5.0383 0.3228, -6.0342 5.026 0.3228, -5.9896 5.0706 0.3228, -6.0529 5.0411 0.3228, -6.0213 5.0957 0.3228, -6.0748 5.051 0.3228, -6.0584 5.1119 0.3228, -6.0984 5.055 0.3228, -6.0984 5.1181 0.3228, -4.8779 5.5079 0.3228, -4.9409 5.5079 0.3228, -4.8738 5.4842 0.3228, -4.9347 5.4679 0.3228, -4.8639 5.4623 0.3228, -4.9186 5.4308 0.3228, -4.8489 5.4436 0.3228, -4.8935 5.399 0.3228, -4.8296 5.4293 0.3228, -4.8611 5.3747 0.3228, -4.8073 5.4204 0.3228, -4.8236 5.3595 0.3228, -4.7835 5.4173 0.3228, -4.7835 5.3543 0.3228, -4.7596 5.4204 0.3228, -4.7433 5.3595 0.3228, -4.7374 5.4293 0.3228, -4.7058 5.3747 0.3228, -4.7181 5.4436 0.3228, -4.6735 5.399 0.3228, -4.703 5.4623 0.3228, -4.6484 5.4308 0.3228, -4.6931 5.4842 0.3228, -4.6322 5.4679 0.3228, -4.6891 5.5079 0.3228, -4.626 5.5079 0.3228, 6.0984 5.055 0.3228, 6.0984 5.1181 0.3228, 6.0748 5.051 0.3228, 6.0584 5.1119 0.3228, 6.0529 5.0411 0.3228, 6.0213 5.0957 0.3228, 6.0342 5.026 0.3228, 5.9896 5.0706 0.3228, 6.0199 5.0067 0.3228, 5.9653 5.0383 0.3228, 6.0109 4.9845 0.3228, 5.95 5.0008 0.3228, 6.0079 4.9606 0.3228, 5.9448 4.9606 0.3228, 6.0109 4.9368 0.3228, 5.95 4.9205 0.3228, 6.0199 4.9145 0.3228, 5.9653 4.883 0.3228, 6.0342 4.8952 0.3228, 5.9896 4.8506 0.3228, 6.0529 4.8801 0.3228, 6.0213 4.8255 0.3228, 6.0748 4.8703 0.3228, 6.0584 4.8094 0.3228, 6.0984 4.8662 0.3228, 6.0984 4.8031 0.3228, -4.6891 -5.5079 0.3228, -4.626 -5.5079 0.3228, -4.6931 -5.4842 0.3228, -4.6322 -5.4679 0.3228, -4.703 -5.4623 0.3228, -4.6484 -5.4308 0.3228, -4.7181 -5.4436 0.3228, -4.6735 -5.399 0.3228, -4.7374 -5.4293 0.3228, -4.7058 -5.3747 0.3228, -4.7596 -5.4204 0.3228, -4.7433 -5.3595 0.3228, -4.7835 -5.4173 0.3228, -4.7835 -5.3543 0.3228, -4.8073 -5.4204 0.3228, -4.8236 -5.3595 0.3228, -4.8296 -5.4293 0.3228, -4.8611 -5.3747 0.3228, -4.8489 -5.4436 0.3228, -4.8935 -5.399 0.3228, -4.8639 -5.4623 0.3228, -4.9186 -5.4308 0.3228, -4.8738 -5.4842 0.3228, -4.9347 -5.4679 0.3228, -4.8779 -5.5079 0.3228, -4.9409 -5.5079 0.3228, -4.3661 5.5079 0.3228, -4.4291 5.5079 0.3228, -4.362 5.4842 0.3228, -4.4229 5.4679 0.3228, -4.3521 5.4623 0.3228, -4.4067 5.4308 0.3228, -4.3371 5.4436 0.3228, -4.3816 5.399 0.3228, -4.3178 5.4293 0.3228, -4.3493 5.3747 0.3228, -4.2955 5.4204 0.3228, -4.3118 5.3595 0.3228, -4.2717 5.4173 0.3228, -4.2717 5.3543 0.3228, -4.2478 5.4204 0.3228, -4.2315 5.3595 0.3228, -4.2256 5.4293 0.3228, -4.194 5.3747 0.3228, -4.2062 5.4436 0.3228, -4.1617 5.399 0.3228, -4.1912 5.4623 0.3228, -4.1366 5.4308 0.3228, -4.1813 5.4842 0.3228, -4.1204 5.4679 0.3228, -4.1772 5.5079 0.3228, -4.1142 5.5079 0.3228, -4.1772 -5.5079 0.3228, -4.1142 -5.5079 0.3228, -4.1813 -5.4842 0.3228, -4.1204 -5.4679 0.3228, -4.1912 -5.4623 0.3228, -4.1366 -5.4308 0.3228, -4.2062 -5.4436 0.3228, -4.1617 -5.399 0.3228, -4.2256 -5.4293 0.3228, -4.194 -5.3747 0.3228, -4.2478 -5.4204 0.3228, -4.2315 -5.3595 0.3228, -4.2717 -5.4173 0.3228, -4.2717 -5.3543 0.3228, -4.2955 -5.4204 0.3228, -4.3118 -5.3595 0.3228, -4.3178 -5.4293 0.3228, -4.3493 -5.3747 0.3228, -4.3371 -5.4436 0.3228, -4.3816 -5.399 0.3228, -4.3521 -5.4623 0.3228, -4.4067 -5.4308 0.3228, -4.362 -5.4842 0.3228, -4.4229 -5.4679 0.3228, -4.3661 -5.5079 0.3228, -4.4291 -5.5079 0.3228, -3.8542 5.5079 0.3228, -3.9173 5.5079 0.3228, -3.8502 5.4842 0.3228, -3.9111 5.4679 0.3228, -3.8403 5.4623 0.3228, -3.8949 5.4308 0.3228, -3.8252 5.4436 0.3228, -3.8698 5.399 0.3228, -3.8059 5.4293 0.3228, -3.8375 5.3747 0.3228, -3.7837 5.4204 0.3228, -3.8 5.3595 0.3228, -3.7598 5.4173 0.3228, -3.7598 5.3543 0.3228, -3.736 5.4204 0.3228, -3.7197 5.3595 0.3228, -3.7137 5.4293 0.3228, -3.6822 5.3747 0.3228, -3.6944 5.4436 0.3228, -3.6499 5.399 0.3228, -3.6794 5.4623 0.3228, -3.6247 5.4308 0.3228, -3.6695 5.4842 0.3228, -3.6086 5.4679 0.3228, -3.6654 5.5079 0.3228, -3.6024 5.5079 0.3228, -3.6654 -5.5079 0.3228, -3.6024 -5.5079 0.3228, -3.6695 -5.4842 0.3228, -3.6086 -5.4679 0.3228, -3.6794 -5.4623 0.3228, -3.6247 -5.4308 0.3228, -3.6944 -5.4436 0.3228, -3.6499 -5.399 0.3228, -3.7137 -5.4293 0.3228, -3.6822 -5.3747 0.3228, -3.736 -5.4204 0.3228, -3.7197 -5.3595 0.3228, -3.7598 -5.4173 0.3228, -3.7598 -5.3543 0.3228, -3.7837 -5.4204 0.3228, -3.8 -5.3595 0.3228, -3.8059 -5.4293 0.3228, -3.8375 -5.3747 0.3228, -3.8252 -5.4436 0.3228, -3.8698 -5.399 0.3228, -3.8403 -5.4623 0.3228, -3.8949 -5.4308 0.3228, -3.8502 -5.4842 0.3228, -3.9111 -5.4679 0.3228, -3.8542 -5.5079 0.3228, -3.9173 -5.5079 0.3228, -3.3424 5.5079 0.3228, -3.4055 5.5079 0.3228, -3.3384 5.4842 0.3228, -3.3993 5.4679 0.3228, -3.3285 5.4623 0.3228, -3.3831 5.4308 0.3228, -3.3134 5.4436 0.3228, -3.358 5.399 0.3228, -3.2941 5.4293 0.3228, -3.3257 5.3747 0.3228, -3.2719 5.4204 0.3228, -3.2882 5.3595 0.3228, -3.248 5.4173 0.3228, -3.248 5.3543 0.3228, -3.2242 5.4204 0.3228, -3.2079 5.3595 0.3228, -3.2019 5.4293 0.3228, -3.1704 5.3747 0.3228, -3.1826 5.4436 0.3228, -3.138 5.399 0.3228, -3.1675 5.4623 0.3228, -3.1129 5.4308 0.3228, -3.1577 5.4842 0.3228, -3.0968 5.4679 0.3228, -3.1536 5.5079 0.3228, -3.0906 5.5079 0.3228, -3.1536 -5.5079 0.3228, -3.0906 -5.5079 0.3228, -3.1577 -5.4842 0.3228, -3.0968 -5.4679 0.3228, -3.1675 -5.4623 0.3228, -3.1129 -5.4308 0.3228, -3.1826 -5.4436 0.3228, -3.138 -5.399 0.3228, -3.2019 -5.4293 0.3228, -3.1704 -5.3747 0.3228, -3.2242 -5.4204 0.3228, -3.2079 -5.3595 0.3228, -3.248 -5.4173 0.3228, -3.248 -5.3543 0.3228, -3.2719 -5.4204 0.3228, -3.2882 -5.3595 0.3228, -3.2941 -5.4293 0.3228, -3.3257 -5.3747 0.3228, -3.3134 -5.4436 0.3228, -3.358 -5.399 0.3228, -3.3285 -5.4623 0.3228, -3.3831 -5.4308 0.3228, -3.3384 -5.4842 0.3228, -3.3993 -5.4679 0.3228, -3.3424 -5.5079 0.3228, -3.4055 -5.5079 0.3228, -2.8306 5.5079 0.3228, -2.8937 5.5079 0.3228, -2.8266 5.4842 0.3228, -2.8875 5.4679 0.3228, -2.8167 5.4623 0.3228, -2.8713 5.4308 0.3228, -2.8016 5.4436 0.3228, -2.8462 5.399 0.3228, -2.7823 5.4293 0.3228, -2.8138 5.3747 0.3228, -2.76 5.4204 0.3228, -2.7764 5.3595 0.3228, -2.7362 5.4173 0.3228, -2.7362 5.3543 0.3228, -2.7124 5.4204 0.3228, -2.6961 5.3595 0.3228, -2.6901 5.4293 0.3228, -2.6586 5.3747 0.3228, -2.6708 5.4436 0.3228, -2.6262 5.399 0.3228, -2.6557 5.4623 0.3228, -2.6011 5.4308 0.3228, -2.6459 5.4842 0.3228, -2.5849 5.4679 0.3228, -2.6418 5.5079 0.3228, -2.5787 5.5079 0.3228, -2.6418 -5.5079 0.3228, -2.5787 -5.5079 0.3228, -2.6459 -5.4842 0.3228, -2.5849 -5.4679 0.3228, -2.6557 -5.4623 0.3228, -2.6011 -5.4308 0.3228, -2.6708 -5.4436 0.3228, -2.6262 -5.399 0.3228, -2.6901 -5.4293 0.3228, -2.6586 -5.3747 0.3228, -2.7124 -5.4204 0.3228, -2.6961 -5.3595 0.3228, -2.7362 -5.4173 0.3228, -2.7362 -5.3543 0.3228, -2.76 -5.4204 0.3228, -2.7764 -5.3595 0.3228, -2.7823 -5.4293 0.3228, -2.8138 -5.3747 0.3228, -2.8016 -5.4436 0.3228, -2.8462 -5.399 0.3228, -2.8167 -5.4623 0.3228, -2.8713 -5.4308 0.3228, -2.8266 -5.4842 0.3228, -2.8875 -5.4679 0.3228, -2.8306 -5.5079 0.3228, -2.8937 -5.5079 0.3228, -2.3188 5.5079 0.3228, -2.3819 5.5079 0.3228, -2.3148 5.4842 0.3228, -2.3757 5.4679 0.3228, -2.3049 5.4623 0.3228, -2.3595 5.4308 0.3228, -2.2898 5.4436 0.3228, -2.3344 5.399 0.3228, -2.2705 5.4293 0.3228, -2.302 5.3747 0.3228, -2.2482 5.4204 0.3228, -2.2645 5.3595 0.3228, -2.2244 5.4173 0.3228, -2.2244 5.3543 0.3228, -2.2006 5.4204 0.3228, -2.1843 5.3595 0.3228, -2.1783 5.4293 0.3228, -2.1468 5.3747 0.3228, -2.159 5.4436 0.3228, -2.1144 5.399 0.3228, -2.1439 5.4623 0.3228, -2.0893 5.4308 0.3228, -2.134 5.4842 0.3228, -2.0731 5.4679 0.3228, -2.13 5.5079 0.3228, -2.0669 5.5079 0.3228, -2.13 -5.5079 0.3228, -2.0669 -5.5079 0.3228, -2.134 -5.4842 0.3228, -2.0731 -5.4679 0.3228, -2.1439 -5.4623 0.3228, -2.0893 -5.4308 0.3228, -2.159 -5.4436 0.3228, -2.1144 -5.399 0.3228, -2.1783 -5.4293 0.3228, -2.1468 -5.3747 0.3228, -2.2006 -5.4204 0.3228, -2.1843 -5.3595 0.3228, -2.2244 -5.4173 0.3228, -2.2244 -5.3543 0.3228, -2.2482 -5.4204 0.3228, -2.2645 -5.3595 0.3228, -2.2705 -5.4293 0.3228, -2.302 -5.3747 0.3228, -2.2898 -5.4436 0.3228, -2.3344 -5.399 0.3228, -2.3049 -5.4623 0.3228, -2.3595 -5.4308 0.3228, -2.3148 -5.4842 0.3228, -2.3757 -5.4679 0.3228, -2.3188 -5.5079 0.3228, -2.3819 -5.5079 0.3228, -1.807 5.5079 0.3228, -1.8701 5.5079 0.3228, -1.803 5.4842 0.3228, -1.8639 5.4679 0.3228, -1.7931 5.4623 0.3228, -1.8477 5.4308 0.3228, -1.778 5.4436 0.3228, -1.8226 5.399 0.3228, -1.7587 5.4293 0.3228, -1.7902 5.3747 0.3228, -1.7364 5.4204 0.3228, -1.7527 5.3595 0.3228, -1.7126 5.4173 0.3228, -1.7126 5.3543 0.3228, -1.6888 5.4204 0.3228, -1.6725 5.3595 0.3228, -1.6665 5.4293 0.3228, -1.635 5.3747 0.3228, -1.6472 5.4436 0.3228, -1.6026 5.399 0.3228, -1.6321 5.4623 0.3228, -1.5775 5.4308 0.3228, -1.6222 5.4842 0.3228, -1.5613 5.4679 0.3228, -1.6182 5.5079 0.3228, -1.5551 5.5079 0.3228, -1.6182 -5.5079 0.3228, -1.5551 -5.5079 0.3228, -1.6222 -5.4842 0.3228, -1.5613 -5.4679 0.3228, -1.6321 -5.4623 0.3228, -1.5775 -5.4308 0.3228, -1.6472 -5.4436 0.3228, -1.6026 -5.399 0.3228, -1.6665 -5.4293 0.3228, -1.635 -5.3747 0.3228, -1.6888 -5.4204 0.3228, -1.6725 -5.3595 0.3228, -1.7126 -5.4173 0.3228, -1.7126 -5.3543 0.3228, -1.7364 -5.4204 0.3228, -1.7527 -5.3595 0.3228, -1.7587 -5.4293 0.3228, -1.7902 -5.3747 0.3228, -1.778 -5.4436 0.3228, -1.8226 -5.399 0.3228, -1.7931 -5.4623 0.3228, -1.8477 -5.4308 0.3228, -1.803 -5.4842 0.3228, -1.8639 -5.4679 0.3228, -1.807 -5.5079 0.3228, -1.8701 -5.5079 0.3228, -1.2952 5.5079 0.3228, -1.3583 5.5079 0.3228, -1.2912 5.4842 0.3228, -1.3521 5.4679 0.3228, -1.2813 5.4623 0.3228, -1.3359 5.4308 0.3228, -1.2662 5.4436 0.3228, -1.3108 5.399 0.3228, -1.2469 5.4293 0.3228, -1.2784 5.3747 0.3228, -1.2246 5.4204 0.3228, -1.2409 5.3595 0.3228, -1.2008 5.4173 0.3228, -1.2008 5.3543 0.3228, -1.177 5.4204 0.3228, -1.1606 5.3595 0.3228, -1.1547 5.4293 0.3228, -1.1232 5.3747 0.3228, -1.1354 5.4436 0.3228, -1.0908 5.399 0.3228, -1.1203 5.4623 0.3228, -1.0657 5.4308 0.3228, -1.1104 5.4842 0.3228, -1.0495 5.4679 0.3228, -1.1064 5.5079 0.3228, -1.0433 5.5079 0.3228, -1.1064 -5.5079 0.3228, -1.0433 -5.5079 0.3228, -1.1104 -5.4842 0.3228, -1.0495 -5.4679 0.3228, -1.1203 -5.4623 0.3228, -1.0657 -5.4308 0.3228, -1.1354 -5.4436 0.3228, -1.0908 -5.399 0.3228, -1.1547 -5.4293 0.3228, -1.1232 -5.3747 0.3228, -1.177 -5.4204 0.3228, -1.1606 -5.3595 0.3228, -1.2008 -5.4173 0.3228, -1.2008 -5.3543 0.3228, -1.2246 -5.4204 0.3228, -1.2409 -5.3595 0.3228, -1.2469 -5.4293 0.3228, -1.2784 -5.3747 0.3228, -1.2662 -5.4436 0.3228, -1.3108 -5.399 0.3228, -1.2813 -5.4623 0.3228, -1.3359 -5.4308 0.3228, -1.2912 -5.4842 0.3228, -1.3521 -5.4679 0.3228, -1.2952 -5.5079 0.3228, -1.3583 -5.5079 0.3228, -0.7834 5.5079 0.3228, -0.8465 5.5079 0.3228, -0.7793 5.4842 0.3228, -0.8403 5.4679 0.3228, -0.7695 5.4623 0.3228, -0.8241 5.4308 0.3228, -0.7544 5.4436 0.3228, -0.799 5.399 0.3228, -0.7351 5.4293 0.3228, -0.7666 5.3747 0.3228, -0.7128 5.4204 0.3228, -0.7291 5.3595 0.3228, -0.689 5.4173 0.3228, -0.689 5.3543 0.3228, -0.6652 5.4204 0.3228, -0.6488 5.3595 0.3228, -0.6429 5.4293 0.3228, -0.6114 5.3747 0.3228, -0.6236 5.4436 0.3228, -0.579 5.399 0.3228, -0.6085 5.4623 0.3228, -0.5539 5.4308 0.3228, -0.5986 5.4842 0.3228, -0.5377 5.4679 0.3228, -0.5946 5.5079 0.3228, -0.5315 5.5079 0.3228, -0.5946 -5.5079 0.3228, -0.5315 -5.5079 0.3228, -0.5986 -5.4842 0.3228, -0.5377 -5.4679 0.3228, -0.6085 -5.4623 0.3228, -0.5539 -5.4308 0.3228, -0.6236 -5.4436 0.3228, -0.579 -5.399 0.3228, -0.6429 -5.4293 0.3228, -0.6114 -5.3747 0.3228, -0.6652 -5.4204 0.3228, -0.6488 -5.3595 0.3228, -0.689 -5.4173 0.3228, -0.689 -5.3543 0.3228, -0.7128 -5.4204 0.3228, -0.7291 -5.3595 0.3228, -0.7351 -5.4293 0.3228, -0.7666 -5.3747 0.3228, -0.7544 -5.4436 0.3228, -0.799 -5.399 0.3228, -0.7695 -5.4623 0.3228, -0.8241 -5.4308 0.3228, -0.7793 -5.4842 0.3228, -0.8403 -5.4679 0.3228, -0.7834 -5.5079 0.3228, -0.8465 -5.5079 0.3228, -0.2716 5.5079 0.3228, -0.3346 5.5079 0.3228, -0.2675 5.4842 0.3228, -0.3284 5.4679 0.3228, -0.2577 5.4623 0.3228, -0.3123 5.4308 0.3228, -0.2426 5.4436 0.3228, -0.2872 5.399 0.3228, -0.2233 5.4293 0.3228, -0.2548 5.3747 0.3228, -0.201 5.4204 0.3228, -0.2173 5.3595 0.3228, -0.1772 5.4173 0.3228, -0.1772 5.3543 0.3228, -0.1533 5.4204 0.3228, -0.137 5.3595 0.3228, -0.1311 5.4293 0.3228, -0.0995 5.3747 0.3228, -0.1118 5.4436 0.3228, -0.0672 5.399 0.3228, -0.0967 5.4623 0.3228, -0.0421 5.4308 0.3228, -0.0868 5.4842 0.3228, -0.0259 5.4679 0.3228, -0.0828 5.5079 0.3228, -0.0197 5.5079 0.3228, -0.0828 -5.5079 0.3228, -0.0197 -5.5079 0.3228, -0.0868 -5.4842 0.3228, -0.0259 -5.4679 0.3228, -0.0967 -5.4623 0.3228, -0.0421 -5.4308 0.3228, -0.1118 -5.4436 0.3228, -0.0672 -5.399 0.3228, -0.1311 -5.4293 0.3228, -0.0995 -5.3747 0.3228, -0.1533 -5.4204 0.3228, -0.137 -5.3595 0.3228, -0.1772 -5.4173 0.3228, -0.1772 -5.3543 0.3228, -0.201 -5.4204 0.3228, -0.2173 -5.3595 0.3228, -0.2233 -5.4293 0.3228, -0.2548 -5.3747 0.3228, -0.2426 -5.4436 0.3228, -0.2872 -5.399 0.3228, -0.2577 -5.4623 0.3228, -0.3123 -5.4308 0.3228, -0.2675 -5.4842 0.3228, -0.3284 -5.4679 0.3228, -0.2716 -5.5079 0.3228, -0.3346 -5.5079 0.3228, 0.2402 5.5079 0.3228, 0.1772 5.5079 0.3228, 0.2443 5.4842 0.3228, 0.1834 5.4679 0.3228, 0.2542 5.4623 0.3228, 0.1996 5.4308 0.3228, 0.2692 5.4436 0.3228, 0.2247 5.399 0.3228, 0.2885 5.4293 0.3228, 0.257 5.3747 0.3228, 0.3108 5.4204 0.3228, 0.2945 5.3595 0.3228, 0.3346 5.4173 0.3228, 0.3346 5.3543 0.3228, 0.3585 5.4204 0.3228, 0.3748 5.3595 0.3228, 0.3807 5.4293 0.3228, 0.4123 5.3747 0.3228, 0.4001 5.4436 0.3228, 0.4446 5.399 0.3228, 0.4151 5.4623 0.3228, 0.4697 5.4308 0.3228, 0.425 5.4842 0.3228, 0.4859 5.4679 0.3228, 0.4291 5.5079 0.3228, 0.4921 5.5079 0.3228, 0.4291 -5.5079 0.3228, 0.4921 -5.5079 0.3228, 0.425 -5.4842 0.3228, 0.4859 -5.4679 0.3228, 0.4151 -5.4623 0.3228, 0.4697 -5.4308 0.3228, 0.4001 -5.4436 0.3228, 0.4446 -5.399 0.3228, 0.3807 -5.4293 0.3228, 0.4123 -5.3747 0.3228, 0.3585 -5.4204 0.3228, 0.3748 -5.3595 0.3228, 0.3346 -5.4173 0.3228, 0.3346 -5.3543 0.3228, 0.3108 -5.4204 0.3228, 0.2945 -5.3595 0.3228, 0.2885 -5.4293 0.3228, 0.257 -5.3747 0.3228, 0.2692 -5.4436 0.3228, 0.2247 -5.399 0.3228, 0.2542 -5.4623 0.3228, 0.1996 -5.4308 0.3228, 0.2443 -5.4842 0.3228, 0.1834 -5.4679 0.3228, 0.2402 -5.5079 0.3228, 0.1772 -5.5079 0.3228, 0.7521 5.5079 0.3228, 0.689 5.5079 0.3228, 0.7561 5.4842 0.3228, 0.6952 5.4679 0.3228, 0.766 5.4623 0.3228, 0.7114 5.4308 0.3228, 0.7811 5.4436 0.3228, 0.7365 5.399 0.3228, 0.8004 5.4293 0.3228, 0.7688 5.3747 0.3228, 0.8226 5.4204 0.3228, 0.8063 5.3595 0.3228, 0.8465 5.4173 0.3228, 0.8465 5.3543 0.3228, 0.8703 5.4204 0.3228, 0.8866 5.3595 0.3228, 0.8926 5.4293 0.3228, 0.9241 5.3747 0.3228, 0.9119 5.4436 0.3228, 0.9564 5.399 0.3228, 0.9269 5.4623 0.3228, 0.9815 5.4308 0.3228, 0.9368 5.4842 0.3228, 0.9977 5.4679 0.3228, 0.9409 5.5079 0.3228, 1.0039 5.5079 0.3228, 0.9409 -5.5079 0.3228, 1.0039 -5.5079 0.3228, 0.9368 -5.4842 0.3228, 0.9977 -5.4679 0.3228, 0.9269 -5.4623 0.3228, 0.9815 -5.4308 0.3228, 0.9119 -5.4436 0.3228, 0.9564 -5.399 0.3228, 0.8926 -5.4293 0.3228, 0.9241 -5.3747 0.3228, 0.8703 -5.4204 0.3228, 0.8866 -5.3595 0.3228, 0.8465 -5.4173 0.3228, 0.8465 -5.3543 0.3228, 0.8226 -5.4204 0.3228, 0.8063 -5.3595 0.3228, 0.8004 -5.4293 0.3228, 0.7688 -5.3747 0.3228, 0.7811 -5.4436 0.3228, 0.7365 -5.399 0.3228, 0.766 -5.4623 0.3228, 0.7114 -5.4308 0.3228, 0.7561 -5.4842 0.3228, 0.6952 -5.4679 0.3228, 0.7521 -5.5079 0.3228, 0.689 -5.5079 0.3228, 1.2639 5.5079 0.3228, 1.2008 5.5079 0.3228, 1.2679 5.4842 0.3228, 1.207 5.4679 0.3228, 1.2778 5.4623 0.3228, 1.2232 5.4308 0.3228, 1.2929 5.4436 0.3228, 1.2483 5.399 0.3228, 1.3122 5.4293 0.3228, 1.2806 5.3747 0.3228, 1.3344 5.4204 0.3228, 1.3181 5.3595 0.3228, 1.3583 5.4173 0.3228, 1.3583 5.3543 0.3228, 1.3821 5.4204 0.3228, 1.3984 5.3595 0.3228, 1.4044 5.4293 0.3228, 1.4359 5.3747 0.3228, 1.4237 5.4436 0.3228, 1.4683 5.399 0.3228, 1.4388 5.4623 0.3228, 1.4934 5.4308 0.3228, 1.4486 5.4842 0.3228, 1.5095 5.4679 0.3228, 1.4527 5.5079 0.3228, 1.5157 5.5079 0.3228, 1.4527 -5.5079 0.3228, 1.5157 -5.5079 0.3228, 1.4486 -5.4842 0.3228, 1.5095 -5.4679 0.3228, 1.4388 -5.4623 0.3228, 1.4934 -5.4308 0.3228, 1.4237 -5.4436 0.3228, 1.4683 -5.399 0.3228, 1.4044 -5.4293 0.3228, 1.4359 -5.3747 0.3228, 1.3821 -5.4204 0.3228, 1.3984 -5.3595 0.3228, 1.3583 -5.4173 0.3228, 1.3583 -5.3543 0.3228, 1.3344 -5.4204 0.3228, 1.3181 -5.3595 0.3228, 1.3122 -5.4293 0.3228, 1.2806 -5.3747 0.3228, 1.2929 -5.4436 0.3228, 1.2483 -5.399 0.3228, 1.2778 -5.4623 0.3228, 1.2232 -5.4308 0.3228, 1.2679 -5.4842 0.3228, 1.207 -5.4679 0.3228, 1.2639 -5.5079 0.3228, 1.2008 -5.5079 0.3228, 1.7757 5.5079 0.3228, 1.7126 5.5079 0.3228, 1.7797 5.4842 0.3228, 1.7188 5.4679 0.3228, 1.7896 5.4623 0.3228, 1.735 5.4308 0.3228, 1.8047 5.4436 0.3228, 1.7601 5.399 0.3228, 1.824 5.4293 0.3228, 1.7925 5.3747 0.3228, 1.8463 5.4204 0.3228, 1.8299 5.3595 0.3228, 1.8701 5.4173 0.3228, 1.8701 5.3543 0.3228, 1.8939 5.4204 0.3228, 1.9102 5.3595 0.3228, 1.9162 5.4293 0.3228, 1.9477 5.3747 0.3228, 1.9355 5.4436 0.3228, 1.9801 5.399 0.3228, 1.9506 5.4623 0.3228, 2.0052 5.4308 0.3228, 1.9604 5.4842 0.3228, 2.0214 5.4679 0.3228, 1.9645 5.5079 0.3228, 2.0276 5.5079 0.3228, 1.9645 -5.5079 0.3228, 2.0276 -5.5079 0.3228, 1.9604 -5.4842 0.3228, 2.0214 -5.4679 0.3228, 1.9506 -5.4623 0.3228, 2.0052 -5.4308 0.3228, 1.9355 -5.4436 0.3228, 1.9801 -5.399 0.3228, 1.9162 -5.4293 0.3228, 1.9477 -5.3747 0.3228, 1.8939 -5.4204 0.3228, 1.9102 -5.3595 0.3228, 1.8701 -5.4173 0.3228, 1.8701 -5.3543 0.3228, 1.8463 -5.4204 0.3228, 1.8299 -5.3595 0.3228, 1.824 -5.4293 0.3228, 1.7925 -5.3747 0.3228, 1.8047 -5.4436 0.3228, 1.7601 -5.399 0.3228, 1.7896 -5.4623 0.3228, 1.735 -5.4308 0.3228, 1.7797 -5.4842 0.3228, 1.7188 -5.4679 0.3228, 1.7757 -5.5079 0.3228, 1.7126 -5.5079 0.3228, 2.2875 5.5079 0.3228, 2.2244 5.5079 0.3228, 2.2915 5.4842 0.3228, 2.2306 5.4679 0.3228, 2.3014 5.4623 0.3228, 2.2468 5.4308 0.3228, 2.3165 5.4436 0.3228, 2.2719 5.399 0.3228, 2.3358 5.4293 0.3228, 2.3043 5.3747 0.3228, 2.3581 5.4204 0.3228, 2.3418 5.3595 0.3228, 2.3819 5.4173 0.3228, 2.3819 5.3543 0.3228, 2.4057 5.4204 0.3228, 2.422 5.3595 0.3228, 2.428 5.4293 0.3228, 2.4595 5.3747 0.3228, 2.4473 5.4436 0.3228, 2.4919 5.399 0.3228, 2.4624 5.4623 0.3228, 2.517 5.4308 0.3228, 2.4723 5.4842 0.3228, 2.5332 5.4679 0.3228, 2.4763 5.5079 0.3228, 2.5394 5.5079 0.3228, 2.4763 -5.5079 0.3228, 2.5394 -5.5079 0.3228, 2.4723 -5.4842 0.3228, 2.5332 -5.4679 0.3228, 2.4624 -5.4623 0.3228, 2.517 -5.4308 0.3228, 2.4473 -5.4436 0.3228, 2.4919 -5.399 0.3228, 2.428 -5.4293 0.3228, 2.4595 -5.3747 0.3228, 2.4057 -5.4204 0.3228, 2.422 -5.3595 0.3228, 2.3819 -5.4173 0.3228, 2.3819 -5.3543 0.3228, 2.3581 -5.4204 0.3228, 2.3418 -5.3595 0.3228, 2.3358 -5.4293 0.3228, 2.3043 -5.3747 0.3228, 2.3165 -5.4436 0.3228, 2.2719 -5.399 0.3228, 2.3014 -5.4623 0.3228, 2.2468 -5.4308 0.3228, 2.2915 -5.4842 0.3228, 2.2306 -5.4679 0.3228, 2.2875 -5.5079 0.3228, 2.2244 -5.5079 0.3228, 2.7993 5.5079 0.3228, 2.7362 5.5079 0.3228, 2.8033 5.4842 0.3228, 2.7424 5.4679 0.3228, 2.8132 5.4623 0.3228, 2.7586 5.4308 0.3228, 2.8283 5.4436 0.3228, 2.7837 5.399 0.3228, 2.8476 5.4293 0.3228, 2.8161 5.3747 0.3228, 2.8699 5.4204 0.3228, 2.8536 5.3595 0.3228, 2.8937 5.4173 0.3228, 2.8937 5.3543 0.3228, 2.9175 5.4204 0.3228, 2.9338 5.3595 0.3228, 2.9398 5.4293 0.3228, 2.9713 5.3747 0.3228, 2.9591 5.4436 0.3228, 3.0037 5.399 0.3228, 2.9742 5.4623 0.3228, 3.0288 5.4308 0.3228, 2.9841 5.4842 0.3228, 3.045 5.4679 0.3228, 2.9881 5.5079 0.3228, 3.0512 5.5079 0.3228, 2.9881 -5.5079 0.3228, 3.0512 -5.5079 0.3228, 2.9841 -5.4842 0.3228, 3.045 -5.4679 0.3228, 2.9742 -5.4623 0.3228, 3.0288 -5.4308 0.3228, 2.9591 -5.4436 0.3228, 3.0037 -5.399 0.3228, 2.9398 -5.4293 0.3228, 2.9713 -5.3747 0.3228, 2.9175 -5.4204 0.3228, 2.9338 -5.3595 0.3228, 2.8937 -5.4173 0.3228, 2.8937 -5.3543 0.3228, 2.8699 -5.4204 0.3228, 2.8536 -5.3595 0.3228, 2.8476 -5.4293 0.3228, 2.8161 -5.3747 0.3228, 2.8283 -5.4436 0.3228, 2.7837 -5.399 0.3228, 2.8132 -5.4623 0.3228, 2.7586 -5.4308 0.3228, 2.8033 -5.4842 0.3228, 2.7424 -5.4679 0.3228, 2.7993 -5.5079 0.3228, 2.7362 -5.5079 0.3228, 3.3111 5.5079 0.3228, 3.248 5.5079 0.3228, 3.3151 5.4842 0.3228, 3.2542 5.4679 0.3228, 3.325 5.4623 0.3228, 3.2704 5.4308 0.3228, 3.3401 5.4436 0.3228, 3.2955 5.399 0.3228, 3.3594 5.4293 0.3228, 3.3279 5.3747 0.3228, 3.3817 5.4204 0.3228, 3.3654 5.3595 0.3228, 3.4055 5.4173 0.3228, 3.4055 5.3543 0.3228, 3.4293 5.4204 0.3228, 3.4456 5.3595 0.3228, 3.4516 5.4293 0.3228, 3.4831 5.3747 0.3228, 3.4709 5.4436 0.3228, 3.5155 5.399 0.3228, 3.486 5.4623 0.3228, 3.5406 5.4308 0.3228, 3.4959 5.4842 0.3228, 3.5568 5.4679 0.3228, 3.4999 5.5079 0.3228, 3.563 5.5079 0.3228, 3.4999 -5.5079 0.3228, 3.563 -5.5079 0.3228, 3.4959 -5.4842 0.3228, 3.5568 -5.4679 0.3228, 3.486 -5.4623 0.3228, 3.5406 -5.4308 0.3228, 3.4709 -5.4436 0.3228, 3.5155 -5.399 0.3228, 3.4516 -5.4293 0.3228, 3.4831 -5.3747 0.3228, 3.4293 -5.4204 0.3228, 3.4456 -5.3595 0.3228, 3.4055 -5.4173 0.3228, 3.4055 -5.3543 0.3228, 3.3817 -5.4204 0.3228, 3.3654 -5.3595 0.3228, 3.3594 -5.4293 0.3228, 3.3279 -5.3747 0.3228, 3.3401 -5.4436 0.3228, 3.2955 -5.399 0.3228, 3.325 -5.4623 0.3228, 3.2704 -5.4308 0.3228, 3.3151 -5.4842 0.3228, 3.2542 -5.4679 0.3228, 3.3111 -5.5079 0.3228, 3.248 -5.5079 0.3228, 3.8229 5.5079 0.3228, 3.7598 5.5079 0.3228, 3.827 5.4842 0.3228, 3.766 5.4679 0.3228, 3.8368 5.4623 0.3228, 3.7822 5.4308 0.3228, 3.8519 5.4436 0.3228, 3.8073 5.399 0.3228, 3.8712 5.4293 0.3228, 3.8397 5.3747 0.3228, 3.8935 5.4204 0.3228, 3.8772 5.3595 0.3228, 3.9173 5.4173 0.3228, 3.9173 5.3543 0.3228, 3.9411 5.4204 0.3228, 3.9575 5.3595 0.3228, 3.9634 5.4293 0.3228, 3.9949 5.3747 0.3228, 3.9827 5.4436 0.3228, 4.0273 5.399 0.3228, 3.9978 5.4623 0.3228, 4.0524 5.4308 0.3228, 4.0077 5.4842 0.3228, 4.0686 5.4679 0.3228, 4.0117 5.5079 0.3228, 4.0748 5.5079 0.3228, 4.0117 -5.5079 0.3228, 4.0748 -5.5079 0.3228, 4.0077 -5.4842 0.3228, 4.0686 -5.4679 0.3228, 3.9978 -5.4623 0.3228, 4.0524 -5.4308 0.3228, 3.9827 -5.4436 0.3228, 4.0273 -5.399 0.3228, 3.9634 -5.4293 0.3228, 3.9949 -5.3747 0.3228, 3.9411 -5.4204 0.3228, 3.9575 -5.3595 0.3228, 3.9173 -5.4173 0.3228, 3.9173 -5.3543 0.3228, 3.8935 -5.4204 0.3228, 3.8772 -5.3595 0.3228, 3.8712 -5.4293 0.3228, 3.8397 -5.3747 0.3228, 3.8519 -5.4436 0.3228, 3.8073 -5.399 0.3228, 3.8368 -5.4623 0.3228, 3.7822 -5.4308 0.3228, 3.827 -5.4842 0.3228, 3.766 -5.4679 0.3228, 3.8229 -5.5079 0.3228, 3.7598 -5.5079 0.3228, 4.3347 5.5079 0.3228, 4.2717 5.5079 0.3228, 4.3388 5.4842 0.3228, 4.2779 5.4679 0.3228, 4.3486 5.4623 0.3228, 4.294 5.4308 0.3228, 4.3637 5.4436 0.3228, 4.3191 5.399 0.3228, 4.383 5.4293 0.3228, 4.3515 5.3747 0.3228, 4.4053 5.4204 0.3228, 4.389 5.3595 0.3228, 4.4291 5.4173 0.3228, 4.4291 5.3543 0.3228, 4.453 5.4204 0.3228, 4.4693 5.3595 0.3228, 4.4752 5.4293 0.3228, 4.5068 5.3747 0.3228, 4.4945 5.4436 0.3228, 4.5391 5.399 0.3228, 4.5096 5.4623 0.3228, 4.5642 5.4308 0.3228, 4.5195 5.4842 0.3228, 4.5804 5.4679 0.3228, 4.5235 5.5079 0.3228, 4.5866 5.5079 0.3228, 4.5235 -5.5079 0.3228, 4.5866 -5.5079 0.3228, 4.5195 -5.4842 0.3228, 4.5804 -5.4679 0.3228, 4.5096 -5.4623 0.3228, 4.5642 -5.4308 0.3228, 4.4945 -5.4436 0.3228, 4.5391 -5.399 0.3228, 4.4752 -5.4293 0.3228, 4.5068 -5.3747 0.3228, 4.453 -5.4204 0.3228, 4.4693 -5.3595 0.3228, 4.4291 -5.4173 0.3228, 4.4291 -5.3543 0.3228, 4.4053 -5.4204 0.3228, 4.389 -5.3595 0.3228, 4.383 -5.4293 0.3228, 4.3515 -5.3747 0.3228, 4.3637 -5.4436 0.3228, 4.3191 -5.399 0.3228, 4.3486 -5.4623 0.3228, 4.294 -5.4308 0.3228, 4.3388 -5.4842 0.3228, 4.2779 -5.4679 0.3228, 4.3347 -5.5079 0.3228, 4.2717 -5.5079 0.3228, 4.8465 5.5079 0.3228, 4.7835 5.5079 0.3228, 4.8506 5.4842 0.3228, 4.7897 5.4679 0.3228, 4.8605 5.4623 0.3228, 4.8059 5.4308 0.3228, 4.8755 5.4436 0.3228, 4.831 5.399 0.3228, 4.8948 5.4293 0.3228, 4.8633 5.3747 0.3228, 4.9171 5.4204 0.3228, 4.9008 5.3595 0.3228, 4.9409 5.4173 0.3228, 4.9409 5.3543 0.3228, 4.9648 5.4204 0.3228, 4.9811 5.3595 0.3228, 4.987 5.4293 0.3228, 5.0186 5.3747 0.3228, 5.0064 5.4436 0.3228, 5.0509 5.399 0.3228, 5.0214 5.4623 0.3228, 5.076 5.4308 0.3228, 5.0313 5.4842 0.3228, 5.0922 5.4679 0.3228, 5.0354 5.5079 0.3228, 5.0984 5.5079 0.3228, 5.0354 -5.5079 0.3228, 5.0984 -5.5079 0.3228, 5.0313 -5.4842 0.3228, 5.0922 -5.4679 0.3228, 5.0214 -5.4623 0.3228, 5.076 -5.4308 0.3228, 5.0064 -5.4436 0.3228, 5.0509 -5.399 0.3228, 4.987 -5.4293 0.3228, 5.0186 -5.3747 0.3228, 4.9648 -5.4204 0.3228, 4.9811 -5.3595 0.3228, 4.9409 -5.4173 0.3228, 4.9409 -5.3543 0.3228, 4.9171 -5.4204 0.3228, 4.9008 -5.3595 0.3228, 4.8948 -5.4293 0.3228, 4.8633 -5.3747 0.3228, 4.8755 -5.4436 0.3228, 4.831 -5.399 0.3228, 4.8605 -5.4623 0.3228, 4.8059 -5.4308 0.3228, 4.8506 -5.4842 0.3228, 4.7897 -5.4679 0.3228, 4.8465 -5.5079 0.3228, 4.7835 -5.5079 0.3228, -6.0984 4.3544 0.3228, -6.0984 4.2913 0.3228, -6.0748 4.3585 0.3228, -6.0584 4.2975 0.3228, -6.0529 4.3683 0.3228, -6.0213 4.3137 0.3228, -6.0342 4.3834 0.3228, -5.9896 4.3388 0.3228, -6.0199 4.4027 0.3228, -5.9653 4.3712 0.3228, -6.0109 4.425 0.3228, -5.95 4.4087 0.3228, -6.0079 4.4488 0.3228, -5.9448 4.4488 0.3228, -6.0109 4.4726 0.3228, -5.95 4.489 0.3228, -6.0199 4.4949 0.3228, -5.9653 4.5264 0.3228, -6.0342 4.5142 0.3228, -5.9896 4.5588 0.3228, -6.0529 4.5293 0.3228, -6.0213 4.5839 0.3228, -6.0748 4.5392 0.3228, -6.0584 4.6001 0.3228, -6.0984 4.5432 0.3228, -6.0984 4.6063 0.3228, 6.0984 4.5432 0.3228, 6.0984 4.6063 0.3228, 6.0748 4.5392 0.3228, 6.0584 4.6001 0.3228, 6.0529 4.5293 0.3228, 6.0213 4.5839 0.3228, 6.0342 4.5142 0.3228, 5.9896 4.5588 0.3228, 6.0199 4.4949 0.3228, 5.9653 4.5264 0.3228, 6.0109 4.4726 0.3228, 5.95 4.489 0.3228, 6.0079 4.4488 0.3228, 5.9448 4.4488 0.3228, 6.0109 4.425 0.3228, 5.95 4.4087 0.3228, 6.0199 4.4027 0.3228, 5.9653 4.3712 0.3228, 6.0342 4.3834 0.3228, 5.9896 4.3388 0.3228, 6.0529 4.3683 0.3228, 6.0213 4.3137 0.3228, 6.0748 4.3585 0.3228, 6.0584 4.2975 0.3228, 6.0984 4.3544 0.3228, 6.0984 4.2913 0.3228, -6.0984 3.8426 0.3228, -6.0984 3.7795 0.3228, -6.0748 3.8466 0.3228, -6.0584 3.7857 0.3228, -6.0529 3.8565 0.3228, -6.0213 3.8019 0.3228, -6.0342 3.8716 0.3228, -5.9896 3.827 0.3228, -6.0199 3.8909 0.3228, -5.9653 3.8594 0.3228, -6.0109 3.9132 0.3228, -5.95 3.8969 0.3228, -6.0079 3.937 0.3228, -5.9448 3.937 0.3228, -6.0109 3.9608 0.3228, -5.95 3.9771 0.3228, -6.0199 3.9831 0.3228, -5.9653 4.0146 0.3228, -6.0342 4.0024 0.3228, -5.9896 4.047 0.3228, -6.0529 4.0175 0.3228, -6.0213 4.0721 0.3228, -6.0748 4.0274 0.3228, -6.0584 4.0883 0.3228, -6.0984 4.0314 0.3228, -6.0984 4.0945 0.3228, 6.0984 4.0314 0.3228, 6.0984 4.0945 0.3228, 6.0748 4.0274 0.3228, 6.0584 4.0883 0.3228, 6.0529 4.0175 0.3228, 6.0213 4.0721 0.3228, 6.0342 4.0024 0.3228, 5.9896 4.047 0.3228, 6.0199 3.9831 0.3228, 5.9653 4.0146 0.3228, 6.0109 3.9608 0.3228, 5.95 3.9771 0.3228, 6.0079 3.937 0.3228, 5.9448 3.937 0.3228, 6.0109 3.9132 0.3228, 5.95 3.8969 0.3228, 6.0199 3.8909 0.3228, 5.9653 3.8594 0.3228, 6.0342 3.8716 0.3228, 5.9896 3.827 0.3228, 6.0529 3.8565 0.3228, 6.0213 3.8019 0.3228, 6.0748 3.8466 0.3228, 6.0584 3.7857 0.3228, 6.0984 3.8426 0.3228, 6.0984 3.7795 0.3228, -6.0984 3.3308 0.3228, -6.0984 3.2677 0.3228, -6.0748 3.3348 0.3228, -6.0584 3.2739 0.3228, -6.0529 3.3447 0.3228, -6.0213 3.2901 0.3228, -6.0342 3.3598 0.3228, -5.9896 3.3152 0.3228, -6.0199 3.3791 0.3228, -5.9653 3.3476 0.3228, -6.0109 3.4014 0.3228, -5.95 3.3851 0.3228, -6.0079 3.4252 0.3228, -5.9448 3.4252 0.3228, -6.0109 3.449 0.3228, -5.95 3.4653 0.3228, -6.0199 3.4713 0.3228, -5.9653 3.5028 0.3228, -6.0342 3.4906 0.3228, -5.9896 3.5352 0.3228, -6.0529 3.5057 0.3228, -6.0213 3.5603 0.3228, -6.0748 3.5156 0.3228, -6.0584 3.5765 0.3228, -6.0984 3.5196 0.3228, -6.0984 3.5827 0.3228, 6.0984 3.5196 0.3228, 6.0984 3.5827 0.3228, 6.0748 3.5156 0.3228, 6.0584 3.5765 0.3228, 6.0529 3.5057 0.3228, 6.0213 3.5603 0.3228, 6.0342 3.4906 0.3228, 5.9896 3.5352 0.3228, 6.0199 3.4713 0.3228, 5.9653 3.5028 0.3228, 6.0109 3.449 0.3228, 5.95 3.4653 0.3228, 6.0079 3.4252 0.3228, 5.9448 3.4252 0.3228, 6.0109 3.4014 0.3228, 5.95 3.3851 0.3228, 6.0199 3.3791 0.3228, 5.9653 3.3476 0.3228, 6.0342 3.3598 0.3228, 5.9896 3.3152 0.3228, 6.0529 3.3447 0.3228, 6.0213 3.2901 0.3228, 6.0748 3.3348 0.3228, 6.0584 3.2739 0.3228, 6.0984 3.3308 0.3228, 6.0984 3.2677 0.3228, -6.0984 2.819 0.3228, -6.0984 2.7559 0.3228, -6.0748 2.823 0.3228, -6.0584 2.7621 0.3228, -6.0529 2.8329 0.3228, -6.0213 2.7783 0.3228, -6.0342 2.848 0.3228, -5.9896 2.8034 0.3228, -6.0199 2.8673 0.3228, -5.9653 2.8358 0.3228, -6.0109 2.8896 0.3228, -5.95 2.8732 0.3228, -6.0079 2.9134 0.3228, -5.9448 2.9134 0.3228, -6.0109 2.9372 0.3228, -5.95 2.9535 0.3228, -6.0199 2.9595 0.3228, -5.9653 2.991 0.3228, -6.0342 2.9788 0.3228, -5.9896 3.0234 0.3228, -6.0529 2.9939 0.3228, -6.0213 3.0485 0.3228, -6.0748 3.0038 0.3228, -6.0584 3.0647 0.3228, -6.0984 3.0078 0.3228, -6.0984 3.0709 0.3228, 6.0984 3.0078 0.3228, 6.0984 3.0709 0.3228, 6.0748 3.0038 0.3228, 6.0584 3.0647 0.3228, 6.0529 2.9939 0.3228, 6.0213 3.0485 0.3228, 6.0342 2.9788 0.3228, 5.9896 3.0234 0.3228, 6.0199 2.9595 0.3228, 5.9653 2.991 0.3228, 6.0109 2.9372 0.3228, 5.95 2.9535 0.3228, 6.0079 2.9134 0.3228, 5.9448 2.9134 0.3228, 6.0109 2.8896 0.3228, 5.95 2.8732 0.3228, 6.0199 2.8673 0.3228, 5.9653 2.8358 0.3228, 6.0342 2.848 0.3228, 5.9896 2.8034 0.3228, 6.0529 2.8329 0.3228, 6.0213 2.7783 0.3228, 6.0748 2.823 0.3228, 6.0584 2.7621 0.3228, 6.0984 2.819 0.3228, 6.0984 2.7559 0.3228, -6.0984 2.3072 0.3228, -6.0984 2.2441 0.3228, -6.0748 2.3112 0.3228, -6.0584 2.2503 0.3228, -6.0529 2.3211 0.3228, -6.0213 2.2665 0.3228, -6.0342 2.3362 0.3228, -5.9896 2.2916 0.3228, -6.0199 2.3555 0.3228, -5.9653 2.3239 0.3228, -6.0109 2.3778 0.3228, -5.95 2.3614 0.3228, -6.0079 2.4016 0.3228, -5.9448 2.4016 0.3228, -6.0109 2.4254 0.3228, -5.95 2.4417 0.3228, -6.0199 2.4477 0.3228, -5.9653 2.4792 0.3228, -6.0342 2.467 0.3228, -5.9896 2.5116 0.3228, -6.0529 2.4821 0.3228, -6.0213 2.5367 0.3228, -6.0748 2.4919 0.3228, -6.0584 2.5529 0.3228, -6.0984 2.496 0.3228, -6.0984 2.5591 0.3228, 6.0984 2.496 0.3228, 6.0984 2.5591 0.3228, 6.0748 2.4919 0.3228, 6.0584 2.5529 0.3228, 6.0529 2.4821 0.3228, 6.0213 2.5367 0.3228, 6.0342 2.467 0.3228, 5.9896 2.5116 0.3228, 6.0199 2.4477 0.3228, 5.9653 2.4792 0.3228, 6.0109 2.4254 0.3228, 5.95 2.4417 0.3228, 6.0079 2.4016 0.3228, 5.9448 2.4016 0.3228, 6.0109 2.3778 0.3228, 5.95 2.3614 0.3228, 6.0199 2.3555 0.3228, 5.9653 2.3239 0.3228, 6.0342 2.3362 0.3228, 5.9896 2.2916 0.3228, 6.0529 2.3211 0.3228, 6.0213 2.2665 0.3228, 6.0748 2.3112 0.3228, 6.0584 2.2503 0.3228, 6.0984 2.3072 0.3228, 6.0984 2.2441 0.3228, -6.0984 1.7954 0.3228, -6.0984 1.7323 0.3228, -6.0748 1.7994 0.3228, -6.0584 1.7385 0.3228, -6.0529 1.8093 0.3228, -6.0213 1.7547 0.3228, -6.0342 1.8244 0.3228, -5.9896 1.7798 0.3228, -6.0199 1.8437 0.3228, -5.9653 1.8121 0.3228, -6.0109 1.8659 0.3228, -5.95 1.8496 0.3228, -6.0079 1.8898 0.3228, -5.9448 1.8898 0.3228, -6.0109 1.9136 0.3228, -5.95 1.9299 0.3228, -6.0199 1.9359 0.3228, -5.9653 1.9674 0.3228, -6.0342 1.9552 0.3228, -5.9896 1.9998 0.3228, -6.0529 1.9702 0.3228, -6.0213 2.0249 0.3228, -6.0748 1.9801 0.3228, -6.0584 2.041 0.3228, -6.0984 1.9842 0.3228, -6.0984 2.0472 0.3228, 6.0984 1.9842 0.3228, 6.0984 2.0472 0.3228, 6.0748 1.9801 0.3228, 6.0584 2.041 0.3228, 6.0529 1.9702 0.3228, 6.0213 2.0249 0.3228, 6.0342 1.9552 0.3228, 5.9896 1.9998 0.3228, 6.0199 1.9359 0.3228, 5.9653 1.9674 0.3228, 6.0109 1.9136 0.3228, 5.95 1.9299 0.3228, 6.0079 1.8898 0.3228, 5.9448 1.8898 0.3228, 6.0109 1.8659 0.3228, 5.95 1.8496 0.3228, 6.0199 1.8437 0.3228, 5.9653 1.8121 0.3228, 6.0342 1.8244 0.3228, 5.9896 1.7798 0.3228, 6.0529 1.8093 0.3228, 6.0213 1.7547 0.3228, 6.0748 1.7994 0.3228, 6.0584 1.7385 0.3228, 6.0984 1.7954 0.3228, 6.0984 1.7323 0.3228, -6.0984 1.0867 0.3228, -6.0984 1.0236 0.3228, -6.0748 1.0907 0.3228, -6.0584 1.0298 0.3228, -6.0529 1.1006 0.3228, -6.0213 1.046 0.3228, -6.0342 1.1157 0.3228, -5.9896 1.0711 0.3228, -6.0199 1.135 0.3228, -5.9653 1.1035 0.3228, -6.0109 1.1573 0.3228, -5.95 1.141 0.3228, -6.0079 1.1811 0.3228, -5.9448 1.1811 0.3228, -6.0109 1.2049 0.3228, -5.95 1.2212 0.3228, -6.0199 1.2272 0.3228, -5.9653 1.2587 0.3228, -6.0342 1.2465 0.3228, -5.9896 1.2911 0.3228, -6.0529 1.2616 0.3228, -6.0213 1.3162 0.3228, -6.0748 1.2715 0.3228, -6.0584 1.3324 0.3228, -6.0984 1.2755 0.3228, -6.0984 1.3386 0.3228, 6.0984 1.2755 0.3228, 6.0984 1.3386 0.3228, 6.0748 1.2715 0.3228, 6.0584 1.3324 0.3228, 6.0529 1.2616 0.3228, 6.0213 1.3162 0.3228, 6.0342 1.2465 0.3228, 5.9896 1.2911 0.3228, 6.0199 1.2272 0.3228, 5.9653 1.2587 0.3228, 6.0109 1.2049 0.3228, 5.95 1.2212 0.3228, 6.0079 1.1811 0.3228, 5.9448 1.1811 0.3228, 6.0109 1.1573 0.3228, 5.95 1.141 0.3228, 6.0199 1.135 0.3228, 5.9653 1.1035 0.3228, 6.0342 1.1157 0.3228, 5.9896 1.0711 0.3228, 6.0529 1.1006 0.3228, 6.0213 1.046 0.3228, 6.0748 1.0907 0.3228, 6.0584 1.0298 0.3228, 6.0984 1.0867 0.3228, 6.0984 1.0236 0.3228, -6.0984 0.5749 0.3228, -6.0984 0.5118 0.3228, -6.0748 0.5789 0.3228, -6.0584 0.518 0.3228, -6.0529 0.5888 0.3228, -6.0213 0.5342 0.3228, -6.0342 0.6039 0.3228, -5.9896 0.5593 0.3228, -6.0199 0.6232 0.3228, -5.9653 0.5917 0.3228, -6.0109 0.6455 0.3228, -5.95 0.6292 0.3228, -6.0079 0.6693 0.3228, -5.9448 0.6693 0.3228, -6.0109 0.6931 0.3228, -5.95 0.7094 0.3228, -6.0199 0.7154 0.3228, -5.9653 0.7469 0.3228, -6.0342 0.7347 0.3228, -5.9896 0.7793 0.3228, -6.0529 0.7498 0.3228, -6.0213 0.8044 0.3228, -6.0748 0.7597 0.3228, -6.0584 0.8206 0.3228, -6.0984 0.7637 0.3228, -6.0984 0.8268 0.3228, 6.0984 0.7637 0.3228, 6.0984 0.8268 0.3228, 6.0748 0.7597 0.3228, 6.0584 0.8206 0.3228, 6.0529 0.7498 0.3228, 6.0213 0.8044 0.3228, 6.0342 0.7347 0.3228, 5.9896 0.7793 0.3228, 6.0199 0.7154 0.3228, 5.9653 0.7469 0.3228, 6.0109 0.6931 0.3228, 5.95 0.7094 0.3228, 6.0079 0.6693 0.3228, 5.9448 0.6693 0.3228, 6.0109 0.6455 0.3228, 5.95 0.6292 0.3228, 6.0199 0.6232 0.3228, 5.9653 0.5917 0.3228, 6.0342 0.6039 0.3228, 5.9896 0.5593 0.3228, 6.0529 0.5888 0.3228, 6.0213 0.5342 0.3228, 6.0748 0.5789 0.3228, 6.0584 0.518 0.3228, 6.0984 0.5749 0.3228, 6.0984 0.5118 0.3228, -6.0984 0.0631 0.3228, -6.0984 0.0 0.3228, -6.0748 0.0671 0.3228, -6.0584 0.0062 0.3228, -6.0529 0.077 0.3228, -6.0213 0.0224 0.3228, -6.0342 0.0921 0.3228, -5.9896 0.0475 0.3228, -6.0199 0.1114 0.3228, -5.9653 0.0799 0.3228, -6.0109 0.1337 0.3228, -5.95 0.1173 0.3228, -6.0079 0.1575 0.3228, -5.9448 0.1575 0.3228, -6.0109 0.1813 0.3228, -5.95 0.1976 0.3228, -6.0199 0.2036 0.3228, -5.9653 0.2351 0.3228, -6.0342 0.2229 0.3228, -5.9896 0.2675 0.3228, -6.0529 0.238 0.3228, -6.0213 0.2926 0.3228, -6.0748 0.2478 0.3228, -6.0584 0.3088 0.3228, -6.0984 0.2519 0.3228, -6.0984 0.315 0.3228, 6.0984 0.2519 0.3228, 6.0984 0.315 0.3228, 6.0748 0.2478 0.3228, 6.0584 0.3088 0.3228, 6.0529 0.238 0.3228, 6.0213 0.2926 0.3228, 6.0342 0.2229 0.3228, 5.9896 0.2675 0.3228, 6.0199 0.2036 0.3228, 5.9653 0.2351 0.3228, 6.0109 0.1813 0.3228, 5.95 0.1976 0.3228, 6.0079 0.1575 0.3228, 5.9448 0.1575 0.3228, 6.0109 0.1337 0.3228, 5.95 0.1173 0.3228, 6.0199 0.1114 0.3228, 5.9653 0.0799 0.3228, 6.0342 0.0921 0.3228, 5.9896 0.0475 0.3228, 6.0529 0.077 0.3228, 6.0213 0.0224 0.3228, 6.0748 0.0671 0.3228, 6.0584 0.0062 0.3228, 6.0984 0.0631 0.3228, 6.0984 -0.0 0.3228, -6.0984 -0.4487 0.3228, -6.0984 -0.5118 0.3228, -6.0748 -0.4447 0.3228, -6.0584 -0.5056 0.3228, -6.0529 -0.4348 0.3228, -6.0213 -0.4894 0.3228, -6.0342 -0.4197 0.3228, -5.9896 -0.4643 0.3228, -6.0199 -0.4004 0.3228, -5.9653 -0.432 0.3228, -6.0109 -0.3782 0.3228, -5.95 -0.3945 0.3228, -6.0079 -0.3543 0.3228, -5.9448 -0.3543 0.3228, -6.0109 -0.3305 0.3228, -5.95 -0.3142 0.3228, -6.0199 -0.3082 0.3228, -5.9653 -0.2767 0.3228, -6.0342 -0.2889 0.3228, -5.9896 -0.2443 0.3228, -6.0529 -0.2738 0.3228, -6.0213 -0.2192 0.3228, -6.0748 -0.264 0.3228, -6.0584 -0.2031 0.3228, -6.0984 -0.2599 0.3228, -6.0984 -0.1969 0.3228, 6.0984 -0.2599 0.3228, 6.0984 -0.1969 0.3228, 6.0748 -0.264 0.3228, 6.0584 -0.2031 0.3228, 6.0529 -0.2738 0.3228, 6.0213 -0.2192 0.3228, 6.0342 -0.2889 0.3228, 5.9896 -0.2443 0.3228, 6.0199 -0.3082 0.3228, 5.9653 -0.2767 0.3228, 6.0109 -0.3305 0.3228, 5.95 -0.3142 0.3228, 6.0079 -0.3543 0.3228, 5.9448 -0.3543 0.3228, 6.0109 -0.3782 0.3228, 5.95 -0.3945 0.3228, 6.0199 -0.4004 0.3228, 5.9653 -0.432 0.3228, 6.0342 -0.4197 0.3228, 5.9896 -0.4643 0.3228, 6.0529 -0.4348 0.3228, 6.0213 -0.4894 0.3228, 6.0748 -0.4447 0.3228, 6.0584 -0.5056 0.3228, 6.0984 -0.4487 0.3228, 6.0984 -0.5118 0.3228, -6.0984 -0.9605 0.3228, -6.0984 -1.0236 0.3228, -6.0748 -0.9565 0.3228, -6.0584 -1.0174 0.3228, -6.0529 -0.9466 0.3228, -6.0213 -1.0012 0.3228, -6.0342 -0.9315 0.3228, -5.9896 -0.9761 0.3228, -6.0199 -0.9122 0.3228, -5.9653 -0.9438 0.3228, -6.0109 -0.89 0.3228, -5.95 -0.9063 0.3228, -6.0079 -0.8661 0.3228, -5.9448 -0.8661 0.3228, -6.0109 -0.8423 0.3228, -5.95 -0.826 0.3228, -6.0199 -0.82 0.3228, -5.9653 -0.7885 0.3228, -6.0342 -0.8007 0.3228, -5.9896 -0.7562 0.3228, -6.0529 -0.7857 0.3228, -6.0213 -0.731 0.3228, -6.0748 -0.7758 0.3228, -6.0584 -0.7149 0.3228, -6.0984 -0.7717 0.3228, -6.0984 -0.7087 0.3228, 6.0984 -0.7717 0.3228, 6.0984 -0.7087 0.3228, 6.0748 -0.7758 0.3228, 6.0584 -0.7149 0.3228, 6.0529 -0.7857 0.3228, 6.0213 -0.731 0.3228, 6.0342 -0.8007 0.3228, 5.9896 -0.7562 0.3228, 6.0199 -0.82 0.3228, 5.9653 -0.7885 0.3228, 6.0109 -0.8423 0.3228, 5.95 -0.826 0.3228, 6.0079 -0.8661 0.3228, 5.9448 -0.8661 0.3228, 6.0109 -0.89 0.3228, 5.95 -0.9063 0.3228, 6.0199 -0.9122 0.3228, 5.9653 -0.9438 0.3228, 6.0342 -0.9315 0.3228, 5.9896 -0.9761 0.3228, 6.0529 -0.9466 0.3228, 6.0213 -1.0012 0.3228, 6.0748 -0.9565 0.3228, 6.0584 -1.0174 0.3228, 6.0984 -0.9605 0.3228, 6.0984 -1.0236 0.3228, -6.0984 -1.4724 0.3228, -6.0984 -1.5354 0.3228, -6.0748 -1.4683 0.3228, -6.0584 -1.5292 0.3228, -6.0529 -1.4584 0.3228, -6.0213 -1.513 0.3228, -6.0342 -1.4434 0.3228, -5.9896 -1.4879 0.3228, -6.0199 -1.4241 0.3228, -5.9653 -1.4556 0.3228, -6.0109 -1.4018 0.3228, -5.95 -1.4181 0.3228, -6.0079 -1.378 0.3228, -5.9448 -1.378 0.3228, -6.0109 -1.3541 0.3228, -5.95 -1.3378 0.3228, -6.0199 -1.3318 0.3228, -5.9653 -1.3003 0.3228, -6.0342 -1.3125 0.3228, -5.9896 -1.268 0.3228, -6.0529 -1.2975 0.3228, -6.0213 -1.2429 0.3228, -6.0748 -1.2876 0.3228, -6.0584 -1.2267 0.3228, -6.0984 -1.2835 0.3228, -6.0984 -1.2205 0.3228, 6.0984 -1.2835 0.3228, 6.0984 -1.2205 0.3228, 6.0748 -1.2876 0.3228, 6.0584 -1.2267 0.3228, 6.0529 -1.2975 0.3228, 6.0213 -1.2429 0.3228, 6.0342 -1.3125 0.3228, 5.9896 -1.268 0.3228, 6.0199 -1.3318 0.3228, 5.9653 -1.3003 0.3228, 6.0109 -1.3541 0.3228, 5.95 -1.3378 0.3228, 6.0079 -1.378 0.3228, 5.9448 -1.378 0.3228, 6.0109 -1.4018 0.3228, 5.95 -1.4181 0.3228, 6.0199 -1.4241 0.3228, 5.9653 -1.4556 0.3228, 6.0342 -1.4434 0.3228, 5.9896 -1.4879 0.3228, 6.0529 -1.4584 0.3228, 6.0213 -1.513 0.3228, 6.0748 -1.4683 0.3228, 6.0584 -1.5292 0.3228, 6.0984 -1.4724 0.3228, 6.0984 -1.5354 0.3228, -6.0984 -1.9842 0.3228, -6.0984 -2.0472 0.3228, -6.0748 -1.9801 0.3228, -6.0584 -2.041 0.3228, -6.0529 -1.9702 0.3228, -6.0213 -2.0249 0.3228, -6.0342 -1.9552 0.3228, -5.9896 -1.9998 0.3228, -6.0199 -1.9359 0.3228, -5.9653 -1.9674 0.3228, -6.0109 -1.9136 0.3228, -5.95 -1.9299 0.3228, -6.0079 -1.8898 0.3228, -5.9448 -1.8898 0.3228, -6.0109 -1.8659 0.3228, -5.95 -1.8496 0.3228, -6.0199 -1.8437 0.3228, -5.9653 -1.8121 0.3228, -6.0342 -1.8244 0.3228, -5.9896 -1.7798 0.3228, -6.0529 -1.8093 0.3228, -6.0213 -1.7547 0.3228, -6.0748 -1.7994 0.3228, -6.0584 -1.7385 0.3228, -6.0984 -1.7954 0.3228, -6.0984 -1.7323 0.3228, 6.0984 -1.7954 0.3228, 6.0984 -1.7323 0.3228, 6.0748 -1.7994 0.3228, 6.0584 -1.7385 0.3228, 6.0529 -1.8093 0.3228, 6.0213 -1.7547 0.3228, 6.0342 -1.8244 0.3228, 5.9896 -1.7798 0.3228, 6.0199 -1.8437 0.3228, 5.9653 -1.8121 0.3228, 6.0109 -1.8659 0.3228, 5.95 -1.8496 0.3228, 6.0079 -1.8898 0.3228, 5.9448 -1.8898 0.3228, 6.0109 -1.9136 0.3228, 5.95 -1.9299 0.3228, 6.0199 -1.9359 0.3228, 5.9653 -1.9674 0.3228, 6.0342 -1.9552 0.3228, 5.9896 -1.9998 0.3228, 6.0529 -1.9702 0.3228, 6.0213 -2.0249 0.3228, 6.0748 -1.9801 0.3228, 6.0584 -2.041 0.3228, 6.0984 -1.9842 0.3228, 6.0984 -2.0472 0.3228, -6.0984 -2.496 0.3228, -6.0984 -2.5591 0.3228, -6.0748 -2.4919 0.3228, -6.0584 -2.5529 0.3228, -6.0529 -2.4821 0.3228, -6.0213 -2.5367 0.3228, -6.0342 -2.467 0.3228, -5.9896 -2.5116 0.3228, -6.0199 -2.4477 0.3228, -5.9653 -2.4792 0.3228, -6.0109 -2.4254 0.3228, -5.95 -2.4417 0.3228, -6.0079 -2.4016 0.3228, -5.9448 -2.4016 0.3228, -6.0109 -2.3778 0.3228, -5.95 -2.3614 0.3228, -6.0199 -2.3555 0.3228, -5.9653 -2.3239 0.3228, -6.0342 -2.3362 0.3228, -5.9896 -2.2916 0.3228, -6.0529 -2.3211 0.3228, -6.0213 -2.2665 0.3228, -6.0748 -2.3112 0.3228, -6.0584 -2.2503 0.3228, -6.0984 -2.3072 0.3228, -6.0984 -2.2441 0.3228, 6.0984 -2.3072 0.3228, 6.0984 -2.2441 0.3228, 6.0748 -2.3112 0.3228, 6.0584 -2.2503 0.3228, 6.0529 -2.3211 0.3228, 6.0213 -2.2665 0.3228, 6.0342 -2.3362 0.3228, 5.9896 -2.2916 0.3228, 6.0199 -2.3555 0.3228, 5.9653 -2.3239 0.3228, 6.0109 -2.3778 0.3228, 5.95 -2.3614 0.3228, 6.0079 -2.4016 0.3228, 5.9448 -2.4016 0.3228, 6.0109 -2.4254 0.3228, 5.95 -2.4417 0.3228, 6.0199 -2.4477 0.3228, 5.9653 -2.4792 0.3228, 6.0342 -2.467 0.3228, 5.9896 -2.5116 0.3228, 6.0529 -2.4821 0.3228, 6.0213 -2.5367 0.3228, 6.0748 -2.4919 0.3228, 6.0584 -2.5529 0.3228, 6.0984 -2.496 0.3228, 6.0984 -2.5591 0.3228, -6.0984 -3.0078 0.3228, -6.0984 -3.0709 0.3228, -6.0748 -3.0038 0.3228, -6.0584 -3.0647 0.3228, -6.0529 -2.9939 0.3228, -6.0213 -3.0485 0.3228, -6.0342 -2.9788 0.3228, -5.9896 -3.0234 0.3228, -6.0199 -2.9595 0.3228, -5.9653 -2.991 0.3228, -6.0109 -2.9372 0.3228, -5.95 -2.9535 0.3228, -6.0079 -2.9134 0.3228, -5.9448 -2.9134 0.3228, -6.0109 -2.8896 0.3228, -5.95 -2.8732 0.3228, -6.0199 -2.8673 0.3228, -5.9653 -2.8358 0.3228, -6.0342 -2.848 0.3228, -5.9896 -2.8034 0.3228, -6.0529 -2.8329 0.3228, -6.0213 -2.7783 0.3228, -6.0748 -2.823 0.3228, -6.0584 -2.7621 0.3228, -6.0984 -2.819 0.3228, -6.0984 -2.7559 0.3228, 6.0984 -2.819 0.3228, 6.0984 -2.7559 0.3228, 6.0748 -2.823 0.3228, 6.0584 -2.7621 0.3228, 6.0529 -2.8329 0.3228, 6.0213 -2.7783 0.3228, 6.0342 -2.848 0.3228, 5.9896 -2.8034 0.3228, 6.0199 -2.8673 0.3228, 5.9653 -2.8358 0.3228, 6.0109 -2.8896 0.3228, 5.95 -2.8732 0.3228, 6.0079 -2.9134 0.3228, 5.9448 -2.9134 0.3228, 6.0109 -2.9372 0.3228, 5.95 -2.9535 0.3228, 6.0199 -2.9595 0.3228, 5.9653 -2.991 0.3228, 6.0342 -2.9788 0.3228, 5.9896 -3.0234 0.3228, 6.0529 -2.9939 0.3228, 6.0213 -3.0485 0.3228, 6.0748 -3.0038 0.3228, 6.0584 -3.0647 0.3228, 6.0984 -3.0078 0.3228, 6.0984 -3.0709 0.3228, -6.0984 -3.5196 0.3228, -6.0984 -3.5827 0.3228, -6.0748 -3.5156 0.3228, -6.0584 -3.5765 0.3228, -6.0529 -3.5057 0.3228, -6.0213 -3.5603 0.3228, -6.0342 -3.4906 0.3228, -5.9896 -3.5352 0.3228, -6.0199 -3.4713 0.3228, -5.9653 -3.5028 0.3228, -6.0109 -3.449 0.3228, -5.95 -3.4653 0.3228, -6.0079 -3.4252 0.3228, -5.9448 -3.4252 0.3228, -6.0109 -3.4014 0.3228, -5.95 -3.3851 0.3228, -6.0199 -3.3791 0.3228, -5.9653 -3.3476 0.3228, -6.0342 -3.3598 0.3228, -5.9896 -3.3152 0.3228, -6.0529 -3.3447 0.3228, -6.0213 -3.2901 0.3228, -6.0748 -3.3348 0.3228, -6.0584 -3.2739 0.3228, -6.0984 -3.3308 0.3228, -6.0984 -3.2677 0.3228, 6.0984 -3.3308 0.3228, 6.0984 -3.2677 0.3228, 6.0748 -3.3348 0.3228, 6.0584 -3.2739 0.3228, 6.0529 -3.3447 0.3228, 6.0213 -3.2901 0.3228, 6.0342 -3.3598 0.3228, 5.9896 -3.3152 0.3228, 6.0199 -3.3791 0.3228, 5.9653 -3.3476 0.3228, 6.0109 -3.4014 0.3228, 5.95 -3.3851 0.3228, 6.0079 -3.4252 0.3228, 5.9448 -3.4252 0.3228, 6.0109 -3.449 0.3228, 5.95 -3.4653 0.3228, 6.0199 -3.4713 0.3228, 5.9653 -3.5028 0.3228, 6.0342 -3.4906 0.3228, 5.9896 -3.5352 0.3228, 6.0529 -3.5057 0.3228, 6.0213 -3.5603 0.3228, 6.0748 -3.5156 0.3228, 6.0584 -3.5765 0.3228, 6.0984 -3.5196 0.3228, 6.0984 -3.5827 0.3228, -6.0984 -4.0314 0.3228, -6.0984 -4.0945 0.3228, -6.0748 -4.0274 0.3228, -6.0584 -4.0883 0.3228, -6.0529 -4.0175 0.3228, -6.0213 -4.0721 0.3228, -6.0342 -4.0024 0.3228, -5.9896 -4.047 0.3228, -6.0199 -3.9831 0.3228, -5.9653 -4.0146 0.3228, -6.0109 -3.9608 0.3228, -5.95 -3.9771 0.3228, -6.0079 -3.937 0.3228, -5.9448 -3.937 0.3228, -6.0109 -3.9132 0.3228, -5.95 -3.8969 0.3228, -6.0199 -3.8909 0.3228, -5.9653 -3.8594 0.3228, -6.0342 -3.8716 0.3228, -5.9896 -3.827 0.3228, -6.0529 -3.8565 0.3228, -6.0213 -3.8019 0.3228, -6.0748 -3.8466 0.3228, -6.0584 -3.7857 0.3228, -6.0984 -3.8426 0.3228, -6.0984 -3.7795 0.3228, 6.0984 -3.8426 0.3228, 6.0984 -3.7795 0.3228, 6.0748 -3.8466 0.3228, 6.0584 -3.7857 0.3228, 6.0529 -3.8565 0.3228, 6.0213 -3.8019 0.3228, 6.0342 -3.8716 0.3228, 5.9896 -3.827 0.3228, 6.0199 -3.8909 0.3228, 5.9653 -3.8594 0.3228, 6.0109 -3.9132 0.3228, 5.95 -3.8969 0.3228, 6.0079 -3.937 0.3228, 5.9448 -3.937 0.3228, 6.0109 -3.9608 0.3228, 5.95 -3.9771 0.3228, 6.0199 -3.9831 0.3228, 5.9653 -4.0146 0.3228, 6.0342 -4.0024 0.3228, 5.9896 -4.047 0.3228, 6.0529 -4.0175 0.3228, 6.0213 -4.0721 0.3228, 6.0748 -4.0274 0.3228, 6.0584 -4.0883 0.3228, 6.0984 -4.0314 0.3228, 6.0984 -4.0945 0.3228, -6.0984 -4.5432 0.3228, -6.0984 -4.6063 0.3228, -6.0748 -4.5392 0.3228, -6.0584 -4.6001 0.3228, -6.0529 -4.5293 0.3228, -6.0213 -4.5839 0.3228, -6.0342 -4.5142 0.3228, -5.9896 -4.5588 0.3228, -6.0199 -4.4949 0.3228, -5.9653 -4.5264 0.3228, -6.0109 -4.4726 0.3228, -5.95 -4.489 0.3228, -6.0079 -4.4488 0.3228, -5.9448 -4.4488 0.3228, -6.0109 -4.425 0.3228, -5.95 -4.4087 0.3228, -6.0199 -4.4027 0.3228, -5.9653 -4.3712 0.3228, -6.0342 -4.3834 0.3228, -5.9896 -4.3388 0.3228, -6.0529 -4.3683 0.3228, -6.0213 -4.3137 0.3228, -6.0748 -4.3585 0.3228, -6.0584 -4.2975 0.3228, -6.0984 -4.3544 0.3228, -6.0984 -4.2913 0.3228, 6.0984 -4.3544 0.3228, 6.0984 -4.2913 0.3228, 6.0748 -4.3585 0.3228, 6.0584 -4.2975 0.3228, 6.0529 -4.3683 0.3228, 6.0213 -4.3137 0.3228, 6.0342 -4.3834 0.3228, 5.9896 -4.3388 0.3228, 6.0199 -4.4027 0.3228, 5.9653 -4.3712 0.3228, 6.0109 -4.425 0.3228, 5.95 -4.4087 0.3228, 6.0079 -4.4488 0.3228, 5.9448 -4.4488 0.3228, 6.0109 -4.4726 0.3228, 5.95 -4.489 0.3228, 6.0199 -4.4949 0.3228, 5.9653 -4.5264 0.3228, 6.0342 -4.5142 0.3228, 5.9896 -4.5588 0.3228, 6.0529 -4.5293 0.3228, 6.0213 -4.5839 0.3228, 6.0748 -4.5392 0.3228, 6.0584 -4.6001 0.3228, 6.0984 -4.5432 0.3228, 6.0984 -4.6063 0.3228, -6.0984 -5.055 0.3228, -6.0984 -5.1181 0.3228, -6.0748 -5.051 0.3228, -6.0584 -5.1119 0.3228, -6.0529 -5.0411 0.3228, -6.0213 -5.0957 0.3228, -6.0342 -5.026 0.3228, -5.9896 -5.0706 0.3228, -6.0199 -5.0067 0.3228, -5.9653 -5.0383 0.3228, -6.0109 -4.9845 0.3228, -5.95 -5.0008 0.3228, -6.0079 -4.9606 0.3228, -5.9448 -4.9606 0.3228, -6.0109 -4.9368 0.3228, -5.95 -4.9205 0.3228, -6.0199 -4.9145 0.3228, -5.9653 -4.883 0.3228, -6.0342 -4.8952 0.3228, -5.9896 -4.8506 0.3228, -6.0529 -4.8801 0.3228, -6.0213 -4.8255 0.3228, -6.0748 -4.8703 0.3228, -6.0584 -4.8094 0.3228, -6.0984 -4.8662 0.3228, -6.0984 -4.8031 0.3228, 6.0984 -4.8662 0.3228, 6.0984 -4.8031 0.3228, 6.0748 -4.8703 0.3228, 6.0584 -4.8094 0.3228, 6.0529 -4.8801 0.3228, 6.0213 -4.8255 0.3228, 6.0342 -4.8952 0.3228, 5.9896 -4.8506 0.3228, 6.0199 -4.9145 0.3228, 5.9653 -4.883 0.3228, 6.0109 -4.9368 0.3228, 5.95 -4.9205 0.3228, 6.0079 -4.9606 0.3228, 5.9448 -4.9606 0.3228, 6.0109 -4.9845 0.3228, 5.95 -5.0008 0.3228, 6.0199 -5.0067 0.3228, 5.9653 -5.0383 0.3228, 6.0342 -5.026 0.3228, 5.9896 -5.0706 0.3228, 6.0529 -5.0411 0.3228, 6.0213 -5.0957 0.3228, 6.0748 -5.051 0.3228, 6.0584 -5.1119 0.3228, 6.0984 -5.055 0.3228, 6.0984 -5.1181 0.3228
            ]
        }
        coordIndex [
            0,1,2,-1,2,1,3,-1,2,3,4,-1,4,3,5,-1,4,5,6,-1,6,5,7,-1,6,7,8,-1,8,7,9,-1,8,9,10,-1,10,9,11,-1,10,11,12,-1,12,11,13,-1,12,13,14,-1,14,13,15,-1,14,15,16,-1,16,15,17,-1,16,17,18,-1,18,17,19,-1,18,19,20,-1,20,19,21,-1,20,21,22,-1,22,21,23,-1,22,23,24,-1,24,23,25,-1,26,27,28,-1,28,27,29,-1,28,29,30,-1,30,29,31,-1,30,31,32,-1,32,31,33,-1,32,33,34,-1,34,33,35,-1,34,35,36,-1,36,35,37,-1,36,37,38,-1,38,37,39,-1,38,39,40,-1,40,39,41,-1,40,41,42,-1,42,41,43,-1,42,43,44,-1,44,43,45,-1,44,45,46,-1,46,45,47,-1,46,47,48,-1,48,47,49,-1,48,49,50,-1,50,49,51,-1,52,53,54,-1,54,53,55,-1,54,55,56,-1,56,55,57,-1,56,57,58,-1,58,57,59,-1,58,59,60,-1,60,59,61,-1,60,61,62,-1,62,61,63,-1,62,63,64,-1,64,63,65,-1,64,65,66,-1,66,65,67,-1,66,67,68,-1,68,67,69,-1,68,69,70,-1,70,69,71,-1,70,71,72,-1,72,71,73,-1,72,73,74,-1,74,73,75,-1,74,75,76,-1,76,75,77,-1,78,79,80,-1,80,79,81,-1,80,81,82,-1,82,81,83,-1,82,83,84,-1,84,83,85,-1,84,85,86,-1,86,85,87,-1,86,87,88,-1,88,87,89,-1,88,89,90,-1,90,89,91,-1,90,91,92,-1,92,91,93,-1,92,93,94,-1,94,93,95,-1,94,95,96,-1,96,95,97,-1,96,97,98,-1,98,97,99,-1,98,99,100,-1,100,99,101,-1,100,101,102,-1,102,101,103,-1,104,105,106,-1,106,105,107,-1,106,107,108,-1,108,107,109,-1,108,109,110,-1,110,109,111,-1,110,111,112,-1,112,111,113,-1,112,113,114,-1,114,113,115,-1,114,115,116,-1,116,115,117,-1,116,117,118,-1,118,117,119,-1,118,119,120,-1,120,119,121,-1,120,121,122,-1,122,121,123,-1,122,123,124,-1,124,123,125,-1,124,125,126,-1,126,125,127,-1,126,127,128,-1,128,127,129,-1,130,131,132,-1,132,131,133,-1,132,133,134,-1,134,133,135,-1,134,135,136,-1,136,135,137,-1,136,137,138,-1,138,137,139,-1,138,139,140,-1,140,139,141,-1,140,141,142,-1,142,141,143,-1,142,143,144,-1,144,143,145,-1,144,145,146,-1,146,145,147,-1,146,147,148,-1,148,147,149,-1,148,149,150,-1,150,149,151,-1,150,151,152,-1,152,151,153,-1,152,153,154,-1,154,153,155,-1,156,157,158,-1,158,157,159,-1,158,159,160,-1,160,159,161,-1,160,161,162,-1,162,161,163,-1,162,163,164,-1,164,163,165,-1,164,165,166,-1,166,165,167,-1,166,167,168,-1,168,167,169,-1,168,169,170,-1,170,169,171,-1,170,171,172,-1,172,171,173,-1,172,173,174,-1,174,173,175,-1,174,175,176,-1,176,175,177,-1,176,177,178,-1,178,177,179,-1,178,179,180,-1,180,179,181,-1,182,183,184,-1,184,183,185,-1,184,185,186,-1,186,185,187,-1,186,187,188,-1,188,187,189,-1,188,189,190,-1,190,189,191,-1,190,191,192,-1,192,191,193,-1,192,193,194,-1,194,193,195,-1,194,195,196,-1,196,195,197,-1,196,197,198,-1,198,197,199,-1,198,199,200,-1,200,199,201,-1,200,201,202,-1,202,201,203,-1,202,203,204,-1,204,203,205,-1,204,205,206,-1,206,205,207,-1,208,209,210,-1,210,209,211,-1,210,211,212,-1,212,211,213,-1,212,213,214,-1,214,213,215,-1,214,215,216,-1,216,215,217,-1,216,217,218,-1,218,217,219,-1,218,219,220,-1,220,219,221,-1,220,221,222,-1,222,221,223,-1,222,223,224,-1,224,223,225,-1,224,225,226,-1,226,225,227,-1,226,227,228,-1,228,227,229,-1,228,229,230,-1,230,229,231,-1,230,231,232,-1,232,231,233,-1,234,235,236,-1,236,235,237,-1,236,237,238,-1,238,237,239,-1,238,239,240,-1,240,239,241,-1,240,241,242,-1,242,241,243,-1,242,243,244,-1,244,243,245,-1,244,245,246,-1,246,245,247,-1,246,247,248,-1,248,247,249,-1,248,249,250,-1,250,249,251,-1,250,251,252,-1,252,251,253,-1,252,253,254,-1,254,253,255,-1,254,255,256,-1,256,255,257,-1,256,257,258,-1,258,257,259,-1,260,261,262,-1,262,261,263,-1,262,263,264,-1,264,263,265,-1,264,265,266,-1,266,265,267,-1,266,267,268,-1,268,267,269,-1,268,269,270,-1,270,269,271,-1,270,271,272,-1,272,271,273,-1,272,273,274,-1,274,273,275,-1,274,275,276,-1,276,275,277,-1,276,277,278,-1,278,277,279,-1,278,279,280,-1,280,279,281,-1,280,281,282,-1,282,281,283,-1,282,283,284,-1,284,283,285,-1,286,287,288,-1,288,287,289,-1,288,289,290,-1,290,289,291,-1,290,291,292,-1,292,291,293,-1,292,293,294,-1,294,293,295,-1,294,295,296,-1,296,295,297,-1,296,297,298,-1,298,297,299,-1,298,299,300,-1,300,299,301,-1,300,301,302,-1,302,301,303,-1,302,303,304,-1,304,303,305,-1,304,305,306,-1,306,305,307,-1,306,307,308,-1,308,307,309,-1,308,309,310,-1,310,309,311,-1,312,313,314,-1,314,313,315,-1,314,315,316,-1,316,315,317,-1,316,317,318,-1,318,317,319,-1,318,319,320,-1,320,319,321,-1,320,321,322,-1,322,321,323,-1,322,323,324,-1,324,323,325,-1,324,325,326,-1,326,325,327,-1,326,327,328,-1,328,327,329,-1,328,329,330,-1,330,329,331,-1,330,331,332,-1,332,331,333,-1,332,333,334,-1,334,333,335,-1,334,335,336,-1,336,335,337,-1,338,339,340,-1,340,339,341,-1,340,341,342,-1,342,341,343,-1,342,343,344,-1,344,343,345,-1,344,345,346,-1,346,345,347,-1,346,347,348,-1,348,347,349,-1,348,349,350,-1,350,349,351,-1,350,351,352,-1,352,351,353,-1,352,353,354,-1,354,353,355,-1,354,355,356,-1,356,355,357,-1,356,357,358,-1,358,357,359,-1,358,359,360,-1,360,359,361,-1,360,361,362,-1,362,361,363,-1,364,365,366,-1,366,365,367,-1,366,367,368,-1,368,367,369,-1,368,369,370,-1,370,369,371,-1,370,371,372,-1,372,371,373,-1,372,373,374,-1,374,373,375,-1,374,375,376,-1,376,375,377,-1,376,377,378,-1,378,377,379,-1,378,379,380,-1,380,379,381,-1,380,381,382,-1,382,381,383,-1,382,383,384,-1,384,383,385,-1,384,385,386,-1,386,385,387,-1,386,387,388,-1,388,387,389,-1,390,391,392,-1,392,391,393,-1,392,393,394,-1,394,393,395,-1,394,395,396,-1,396,395,397,-1,396,397,398,-1,398,397,399,-1,398,399,400,-1,400,399,401,-1,400,401,402,-1,402,401,403,-1,402,403,404,-1,404,403,405,-1,404,405,406,-1,406,405,407,-1,406,407,408,-1,408,407,409,-1,408,409,410,-1,410,409,411,-1,410,411,412,-1,412,411,413,-1,412,413,414,-1,414,413,415,-1,416,417,418,-1,418,417,419,-1,418,419,420,-1,420,419,421,-1,420,421,422,-1,422,421,423,-1,422,423,424,-1,424,423,425,-1,424,425,426,-1,426,425,427,-1,426,427,428,-1,428,427,429,-1,428,429,430,-1,430,429,431,-1,430,431,432,-1,432,431,433,-1,432,433,434,-1,434,433,435,-1,434,435,436,-1,436,435,437,-1,436,437,438,-1,438,437,439,-1,438,439,440,-1,440,439,441,-1,442,443,444,-1,444,443,445,-1,444,445,446,-1,446,445,447,-1,446,447,448,-1,448,447,449,-1,448,449,450,-1,450,449,451,-1,450,451,452,-1,452,451,453,-1,452,453,454,-1,454,453,455,-1,454,455,456,-1,456,455,457,-1,456,457,458,-1,458,457,459,-1,458,459,460,-1,460,459,461,-1,460,461,462,-1,462,461,463,-1,462,463,464,-1,464,463,465,-1,464,465,466,-1,466,465,467,-1,468,469,470,-1,470,469,471,-1,470,471,472,-1,472,471,473,-1,472,473,474,-1,474,473,475,-1,474,475,476,-1,476,475,477,-1,476,477,478,-1,478,477,479,-1,478,479,480,-1,480,479,481,-1,480,481,482,-1,482,481,483,-1,482,483,484,-1,484,483,485,-1,484,485,486,-1,486,485,487,-1,486,487,488,-1,488,487,489,-1,488,489,490,-1,490,489,491,-1,490,491,492,-1,492,491,493,-1,494,495,496,-1,496,495,497,-1,496,497,498,-1,498,497,499,-1,498,499,500,-1,500,499,501,-1,500,501,502,-1,502,501,503,-1,502,503,504,-1,504,503,505,-1,504,505,506,-1,506,505,507,-1,506,507,508,-1,508,507,509,-1,508,509,510,-1,510,509,511,-1,510,511,512,-1,512,511,513,-1,512,513,514,-1,514,513,515,-1,514,515,516,-1,516,515,517,-1,516,517,518,-1,518,517,519,-1,520,521,522,-1,522,521,523,-1,522,523,524,-1,524,523,525,-1,524,525,526,-1,526,525,527,-1,526,527,528,-1,528,527,529,-1,528,529,530,-1,530,529,531,-1,530,531,532,-1,532,531,533,-1,532,533,534,-1,534,533,535,-1,534,535,536,-1,536,535,537,-1,536,537,538,-1,538,537,539,-1,538,539,540,-1,540,539,541,-1,540,541,542,-1,542,541,543,-1,542,543,544,-1,544,543,545,-1,546,547,548,-1,548,547,549,-1,548,549,550,-1,550,549,551,-1,550,551,552,-1,552,551,553,-1,552,553,554,-1,554,553,555,-1,554,555,556,-1,556,555,557,-1,556,557,558,-1,558,557,559,-1,558,559,560,-1,560,559,561,-1,560,561,562,-1,562,561,563,-1,562,563,564,-1,564,563,565,-1,564,565,566,-1,566,565,567,-1,566,567,568,-1,568,567,569,-1,568,569,570,-1,570,569,571,-1,572,573,574,-1,574,573,575,-1,574,575,576,-1,576,575,577,-1,576,577,578,-1,578,577,579,-1,578,579,580,-1,580,579,581,-1,580,581,582,-1,582,581,583,-1,582,583,584,-1,584,583,585,-1,584,585,586,-1,586,585,587,-1,586,587,588,-1,588,587,589,-1,588,589,590,-1,590,589,591,-1,590,591,592,-1,592,591,593,-1,592,593,594,-1,594,593,595,-1,594,595,596,-1,596,595,597,-1,598,599,600,-1,600,599,601,-1,600,601,602,-1,602,601,603,-1,602,603,604,-1,604,603,605,-1,604,605,606,-1,606,605,607,-1,606,607,608,-1,608,607,609,-1,608,609,610,-1,610,609,611,-1,610,611,612,-1,612,611,613,-1,612,613,614,-1,614,613,615,-1,614,615,616,-1,616,615,617,-1,616,617,618,-1,618,617,619,-1,618,619,620,-1,620,619,621,-1,620,621,622,-1,622,621,623,-1,624,625,626,-1,626,625,627,-1,626,627,628,-1,628,627,629,-1,628,629,630,-1,630,629,631,-1,630,631,632,-1,632,631,633,-1,632,633,634,-1,634,633,635,-1,634,635,636,-1,636,635,637,-1,636,637,638,-1,638,637,639,-1,638,639,640,-1,640,639,641,-1,640,641,642,-1,642,641,643,-1,642,643,644,-1,644,643,645,-1,644,645,646,-1,646,645,647,-1,646,647,648,-1,648,647,649,-1,650,651,652,-1,652,651,653,-1,652,653,654,-1,654,653,655,-1,654,655,656,-1,656,655,657,-1,656,657,658,-1,658,657,659,-1,658,659,660,-1,660,659,661,-1,660,661,662,-1,662,661,663,-1,662,663,664,-1,664,663,665,-1,664,665,666,-1,666,665,667,-1,666,667,668,-1,668,667,669,-1,668,669,670,-1,670,669,671,-1,670,671,672,-1,672,671,673,-1,672,673,674,-1,674,673,675,-1,676,677,678,-1,678,677,679,-1,678,679,680,-1,680,679,681,-1,680,681,682,-1,682,681,683,-1,682,683,684,-1,684,683,685,-1,684,685,686,-1,686,685,687,-1,686,687,688,-1,688,687,689,-1,688,689,690,-1,690,689,691,-1,690,691,692,-1,692,691,693,-1,692,693,694,-1,694,693,695,-1,694,695,696,-1,696,695,697,-1,696,697,698,-1,698,697,699,-1,698,699,700,-1,700,699,701,-1,702,703,704,-1,704,703,705,-1,704,705,706,-1,706,705,707,-1,706,707,708,-1,708,707,709,-1,708,709,710,-1,710,709,711,-1,710,711,712,-1,712,711,713,-1,712,713,714,-1,714,713,715,-1,714,715,716,-1,716,715,717,-1,716,717,718,-1,718,717,719,-1,718,719,720,-1,720,719,721,-1,720,721,722,-1,722,721,723,-1,722,723,724,-1,724,723,725,-1,724,725,726,-1,726,725,727,-1,728,729,730,-1,730,729,731,-1,730,731,732,-1,732,731,733,-1,732,733,734,-1,734,733,735,-1,734,735,736,-1,736,735,737,-1,736,737,738,-1,738,737,739,-1,738,739,740,-1,740,739,741,-1,740,741,742,-1,742,741,743,-1,742,743,744,-1,744,743,745,-1,744,745,746,-1,746,745,747,-1,746,747,748,-1,748,747,749,-1,748,749,750,-1,750,749,751,-1,750,751,752,-1,752,751,753,-1,754,755,756,-1,756,755,757,-1,756,757,758,-1,758,757,759,-1,758,759,760,-1,760,759,761,-1,760,761,762,-1,762,761,763,-1,762,763,764,-1,764,763,765,-1,764,765,766,-1,766,765,767,-1,766,767,768,-1,768,767,769,-1,768,769,770,-1,770,769,771,-1,770,771,772,-1,772,771,773,-1,772,773,774,-1,774,773,775,-1,774,775,776,-1,776,775,777,-1,776,777,778,-1,778,777,779,-1,780,781,782,-1,782,781,783,-1,782,783,784,-1,784,783,785,-1,784,785,786,-1,786,785,787,-1,786,787,788,-1,788,787,789,-1,788,789,790,-1,790,789,791,-1,790,791,792,-1,792,791,793,-1,792,793,794,-1,794,793,795,-1,794,795,796,-1,796,795,797,-1,796,797,798,-1,798,797,799,-1,798,799,800,-1,800,799,801,-1,800,801,802,-1,802,801,803,-1,802,803,804,-1,804,803,805,-1,806,807,808,-1,808,807,809,-1,808,809,810,-1,810,809,811,-1,810,811,812,-1,812,811,813,-1,812,813,814,-1,814,813,815,-1,814,815,816,-1,816,815,817,-1,816,817,818,-1,818,817,819,-1,818,819,820,-1,820,819,821,-1,820,821,822,-1,822,821,823,-1,822,823,824,-1,824,823,825,-1,824,825,826,-1,826,825,827,-1,826,827,828,-1,828,827,829,-1,828,829,830,-1,830,829,831,-1,832,833,834,-1,834,833,835,-1,834,835,836,-1,836,835,837,-1,836,837,838,-1,838,837,839,-1,838,839,840,-1,840,839,841,-1,840,841,842,-1,842,841,843,-1,842,843,844,-1,844,843,845,-1,844,845,846,-1,846,845,847,-1,846,847,848,-1,848,847,849,-1,848,849,850,-1,850,849,851,-1,850,851,852,-1,852,851,853,-1,852,853,854,-1,854,853,855,-1,854,855,856,-1,856,855,857,-1,858,859,860,-1,860,859,861,-1,860,861,862,-1,862,861,863,-1,862,863,864,-1,864,863,865,-1,864,865,866,-1,866,865,867,-1,866,867,868,-1,868,867,869,-1,868,869,870,-1,870,869,871,-1,870,871,872,-1,872,871,873,-1,872,873,874,-1,874,873,875,-1,874,875,876,-1,876,875,877,-1,876,877,878,-1,878,877,879,-1,878,879,880,-1,880,879,881,-1,880,881,882,-1,882,881,883,-1,884,885,886,-1,886,885,887,-1,886,887,888,-1,888,887,889,-1,888,889,890,-1,890,889,891,-1,890,891,892,-1,892,891,893,-1,892,893,894,-1,894,893,895,-1,894,895,896,-1,896,895,897,-1,896,897,898,-1,898,897,899,-1,898,899,900,-1,900,899,901,-1,900,901,902,-1,902,901,903,-1,902,903,904,-1,904,903,905,-1,904,905,906,-1,906,905,907,-1,906,907,908,-1,908,907,909,-1,910,911,912,-1,912,911,913,-1,912,913,914,-1,914,913,915,-1,914,915,916,-1,916,915,917,-1,916,917,918,-1,918,917,919,-1,918,919,920,-1,920,919,921,-1,920,921,922,-1,922,921,923,-1,922,923,924,-1,924,923,925,-1,924,925,926,-1,926,925,927,-1,926,927,928,-1,928,927,929,-1,928,929,930,-1,930,929,931,-1,930,931,932,-1,932,931,933,-1,932,933,934,-1,934,933,935,-1,936,937,938,-1,938,937,939,-1,938,939,940,-1,940,939,941,-1,940,941,942,-1,942,941,943,-1,942,943,944,-1,944,943,945,-1,944,945,946,-1,946,945,947,-1,946,947,948,-1,948,947,949,-1,948,949,950,-1,950,949,951,-1,950,951,952,-1,952,951,953,-1,952,953,954,-1,954,953,955,-1,954,955,956,-1,956,955,957,-1,956,957,958,-1,958,957,959,-1,958,959,960,-1,960,959,961,-1,962,963,964,-1,964,963,965,-1,964,965,966,-1,966,965,967,-1,966,967,968,-1,968,967,969,-1,968,969,970,-1,970,969,971,-1,970,971,972,-1,972,971,973,-1,972,973,974,-1,974,973,975,-1,974,975,976,-1,976,975,977,-1,976,977,978,-1,978,977,979,-1,978,979,980,-1,980,979,981,-1,980,981,982,-1,982,981,983,-1,982,983,984,-1,984,983,985,-1,984,985,986,-1,986,985,987,-1,988,989,990,-1,990,989,991,-1,990,991,992,-1,992,991,993,-1,992,993,994,-1,994,993,995,-1,994,995,996,-1,996,995,997,-1,996,997,998,-1,998,997,999,-1,998,999,1000,-1,1000,999,1001,-1,1000,1001,1002,-1,1002,1001,1003,-1,1002,1003,1004,-1,1004,1003,1005,-1,1004,1005,1006,-1,1006,1005,1007,-1,1006,1007,1008,-1,1008,1007,1009,-1,1008,1009,1010,-1,1010,1009,1011,-1,1010,1011,1012,-1,1012,1011,1013,-1,1014,1015,1016,-1,1016,1015,1017,-1,1016,1017,1018,-1,1018,1017,1019,-1,1018,1019,1020,-1,1020,1019,1021,-1,1020,1021,1022,-1,1022,1021,1023,-1,1022,1023,1024,-1,1024,1023,1025,-1,1024,1025,1026,-1,1026,1025,1027,-1,1026,1027,1028,-1,1028,1027,1029,-1,1028,1029,1030,-1,1030,1029,1031,-1,1030,1031,1032,-1,1032,1031,1033,-1,1032,1033,1034,-1,1034,1033,1035,-1,1034,1035,1036,-1,1036,1035,1037,-1,1036,1037,1038,-1,1038,1037,1039,-1,1040,1041,1042,-1,1042,1041,1043,-1,1042,1043,1044,-1,1044,1043,1045,-1,1044,1045,1046,-1,1046,1045,1047,-1,1046,1047,1048,-1,1048,1047,1049,-1,1048,1049,1050,-1,1050,1049,1051,-1,1050,1051,1052,-1,1052,1051,1053,-1,1052,1053,1054,-1,1054,1053,1055,-1,1054,1055,1056,-1,1056,1055,1057,-1,1056,1057,1058,-1,1058,1057,1059,-1,1058,1059,1060,-1,1060,1059,1061,-1,1060,1061,1062,-1,1062,1061,1063,-1,1062,1063,1064,-1,1064,1063,1065,-1,1066,1067,1068,-1,1068,1067,1069,-1,1068,1069,1070,-1,1070,1069,1071,-1,1070,1071,1072,-1,1072,1071,1073,-1,1072,1073,1074,-1,1074,1073,1075,-1,1074,1075,1076,-1,1076,1075,1077,-1,1076,1077,1078,-1,1078,1077,1079,-1,1078,1079,1080,-1,1080,1079,1081,-1,1080,1081,1082,-1,1082,1081,1083,-1,1082,1083,1084,-1,1084,1083,1085,-1,1084,1085,1086,-1,1086,1085,1087,-1,1086,1087,1088,-1,1088,1087,1089,-1,1088,1089,1090,-1,1090,1089,1091,-1,1092,1093,1094,-1,1094,1093,1095,-1,1094,1095,1096,-1,1096,1095,1097,-1,1096,1097,1098,-1,1098,1097,1099,-1,1098,1099,1100,-1,1100,1099,1101,-1,1100,1101,1102,-1,1102,1101,1103,-1,1102,1103,1104,-1,1104,1103,1105,-1,1104,1105,1106,-1,1106,1105,1107,-1,1106,1107,1108,-1,1108,1107,1109,-1,1108,1109,1110,-1,1110,1109,1111,-1,1110,1111,1112,-1,1112,1111,1113,-1,1112,1113,1114,-1,1114,1113,1115,-1,1114,1115,1116,-1,1116,1115,1117,-1,1118,1119,1120,-1,1120,1119,1121,-1,1120,1121,1122,-1,1122,1121,1123,-1,1122,1123,1124,-1,1124,1123,1125,-1,1124,1125,1126,-1,1126,1125,1127,-1,1126,1127,1128,-1,1128,1127,1129,-1,1128,1129,1130,-1,1130,1129,1131,-1,1130,1131,1132,-1,1132,1131,1133,-1,1132,1133,1134,-1,1134,1133,1135,-1,1134,1135,1136,-1,1136,1135,1137,-1,1136,1137,1138,-1,1138,1137,1139,-1,1138,1139,1140,-1,1140,1139,1141,-1,1140,1141,1142,-1,1142,1141,1143,-1,1144,1145,1146,-1,1146,1145,1147,-1,1146,1147,1148,-1,1148,1147,1149,-1,1148,1149,1150,-1,1150,1149,1151,-1,1150,1151,1152,-1,1152,1151,1153,-1,1152,1153,1154,-1,1154,1153,1155,-1,1154,1155,1156,-1,1156,1155,1157,-1,1156,1157,1158,-1,1158,1157,1159,-1,1158,1159,1160,-1,1160,1159,1161,-1,1160,1161,1162,-1,1162,1161,1163,-1,1162,1163,1164,-1,1164,1163,1165,-1,1164,1165,1166,-1,1166,1165,1167,-1,1166,1167,1168,-1,1168,1167,1169,-1,1170,1171,1172,-1,1172,1171,1173,-1,1172,1173,1174,-1,1174,1173,1175,-1,1174,1175,1176,-1,1176,1175,1177,-1,1176,1177,1178,-1,1178,1177,1179,-1,1178,1179,1180,-1,1180,1179,1181,-1,1180,1181,1182,-1,1182,1181,1183,-1,1182,1183,1184,-1,1184,1183,1185,-1,1184,1185,1186,-1,1186,1185,1187,-1,1186,1187,1188,-1,1188,1187,1189,-1,1188,1189,1190,-1,1190,1189,1191,-1,1190,1191,1192,-1,1192,1191,1193,-1,1192,1193,1194,-1,1194,1193,1195,-1,1196,1197,1198,-1,1198,1197,1199,-1,1198,1199,1200,-1,1200,1199,1201,-1,1200,1201,1202,-1,1202,1201,1203,-1,1202,1203,1204,-1,1204,1203,1205,-1,1204,1205,1206,-1,1206,1205,1207,-1,1206,1207,1208,-1,1208,1207,1209,-1,1208,1209,1210,-1,1210,1209,1211,-1,1210,1211,1212,-1,1212,1211,1213,-1,1212,1213,1214,-1,1214,1213,1215,-1,1214,1215,1216,-1,1216,1215,1217,-1,1216,1217,1218,-1,1218,1217,1219,-1,1218,1219,1220,-1,1220,1219,1221,-1,1222,1223,1224,-1,1224,1223,1225,-1,1224,1225,1226,-1,1226,1225,1227,-1,1226,1227,1228,-1,1228,1227,1229,-1,1228,1229,1230,-1,1230,1229,1231,-1,1230,1231,1232,-1,1232,1231,1233,-1,1232,1233,1234,-1,1234,1233,1235,-1,1234,1235,1236,-1,1236,1235,1237,-1,1236,1237,1238,-1,1238,1237,1239,-1,1238,1239,1240,-1,1240,1239,1241,-1,1240,1241,1242,-1,1242,1241,1243,-1,1242,1243,1244,-1,1244,1243,1245,-1,1244,1245,1246,-1,1246,1245,1247,-1,1248,1249,1250,-1,1250,1249,1251,-1,1250,1251,1252,-1,1252,1251,1253,-1,1252,1253,1254,-1,1254,1253,1255,-1,1254,1255,1256,-1,1256,1255,1257,-1,1256,1257,1258,-1,1258,1257,1259,-1,1258,1259,1260,-1,1260,1259,1261,-1,1260,1261,1262,-1,1262,1261,1263,-1,1262,1263,1264,-1,1264,1263,1265,-1,1264,1265,1266,-1,1266,1265,1267,-1,1266,1267,1268,-1,1268,1267,1269,-1,1268,1269,1270,-1,1270,1269,1271,-1,1270,1271,1272,-1,1272,1271,1273,-1,1274,1275,1276,-1,1276,1275,1277,-1,1276,1277,1278,-1,1278,1277,1279,-1,1278,1279,1280,-1,1280,1279,1281,-1,1280,1281,1282,-1,1282,1281,1283,-1,1282,1283,1284,-1,1284,1283,1285,-1,1284,1285,1286,-1,1286,1285,1287,-1,1286,1287,1288,-1,1288,1287,1289,-1,1288,1289,1290,-1,1290,1289,1291,-1,1290,1291,1292,-1,1292,1291,1293,-1,1292,1293,1294,-1,1294,1293,1295,-1,1294,1295,1296,-1,1296,1295,1297,-1,1296,1297,1298,-1,1298,1297,1299,-1,1300,1301,1302,-1,1302,1301,1303,-1,1302,1303,1304,-1,1304,1303,1305,-1,1304,1305,1306,-1,1306,1305,1307,-1,1306,1307,1308,-1,1308,1307,1309,-1,1308,1309,1310,-1,1310,1309,1311,-1,1310,1311,1312,-1,1312,1311,1313,-1,1312,1313,1314,-1,1314,1313,1315,-1,1314,1315,1316,-1,1316,1315,1317,-1,1316,1317,1318,-1,1318,1317,1319,-1,1318,1319,1320,-1,1320,1319,1321,-1,1320,1321,1322,-1,1322,1321,1323,-1,1322,1323,1324,-1,1324,1323,1325,-1,1326,1327,1328,-1,1328,1327,1329,-1,1328,1329,1330,-1,1330,1329,1331,-1,1330,1331,1332,-1,1332,1331,1333,-1,1332,1333,1334,-1,1334,1333,1335,-1,1334,1335,1336,-1,1336,1335,1337,-1,1336,1337,1338,-1,1338,1337,1339,-1,1338,1339,1340,-1,1340,1339,1341,-1,1340,1341,1342,-1,1342,1341,1343,-1,1342,1343,1344,-1,1344,1343,1345,-1,1344,1345,1346,-1,1346,1345,1347,-1,1346,1347,1348,-1,1348,1347,1349,-1,1348,1349,1350,-1,1350,1349,1351,-1,1352,1353,1354,-1,1354,1353,1355,-1,1354,1355,1356,-1,1356,1355,1357,-1,1356,1357,1358,-1,1358,1357,1359,-1,1358,1359,1360,-1,1360,1359,1361,-1,1360,1361,1362,-1,1362,1361,1363,-1,1362,1363,1364,-1,1364,1363,1365,-1,1364,1365,1366,-1,1366,1365,1367,-1,1366,1367,1368,-1,1368,1367,1369,-1,1368,1369,1370,-1,1370,1369,1371,-1,1370,1371,1372,-1,1372,1371,1373,-1,1372,1373,1374,-1,1374,1373,1375,-1,1374,1375,1376,-1,1376,1375,1377,-1,1378,1379,1380,-1,1380,1379,1381,-1,1380,1381,1382,-1,1382,1381,1383,-1,1382,1383,1384,-1,1384,1383,1385,-1,1384,1385,1386,-1,1386,1385,1387,-1,1386,1387,1388,-1,1388,1387,1389,-1,1388,1389,1390,-1,1390,1389,1391,-1,1390,1391,1392,-1,1392,1391,1393,-1,1392,1393,1394,-1,1394,1393,1395,-1,1394,1395,1396,-1,1396,1395,1397,-1,1396,1397,1398,-1,1398,1397,1399,-1,1398,1399,1400,-1,1400,1399,1401,-1,1400,1401,1402,-1,1402,1401,1403,-1,1404,1405,1406,-1,1406,1405,1407,-1,1406,1407,1408,-1,1408,1407,1409,-1,1408,1409,1410,-1,1410,1409,1411,-1,1410,1411,1412,-1,1412,1411,1413,-1,1412,1413,1414,-1,1414,1413,1415,-1,1414,1415,1416,-1,1416,1415,1417,-1,1416,1417,1418,-1,1418,1417,1419,-1,1418,1419,1420,-1,1420,1419,1421,-1,1420,1421,1422,-1,1422,1421,1423,-1,1422,1423,1424,-1,1424,1423,1425,-1,1424,1425,1426,-1,1426,1425,1427,-1,1426,1427,1428,-1,1428,1427,1429,-1,1430,1431,1432,-1,1432,1431,1433,-1,1432,1433,1434,-1,1434,1433,1435,-1,1434,1435,1436,-1,1436,1435,1437,-1,1436,1437,1438,-1,1438,1437,1439,-1,1438,1439,1440,-1,1440,1439,1441,-1,1440,1441,1442,-1,1442,1441,1443,-1,1442,1443,1444,-1,1444,1443,1445,-1,1444,1445,1446,-1,1446,1445,1447,-1,1446,1447,1448,-1,1448,1447,1449,-1,1448,1449,1450,-1,1450,1449,1451,-1,1450,1451,1452,-1,1452,1451,1453,-1,1452,1453,1454,-1,1454,1453,1455,-1,1456,1457,1458,-1,1458,1457,1459,-1,1458,1459,1460,-1,1460,1459,1461,-1,1460,1461,1462,-1,1462,1461,1463,-1,1462,1463,1464,-1,1464,1463,1465,-1,1464,1465,1466,-1,1466,1465,1467,-1,1466,1467,1468,-1,1468,1467,1469,-1,1468,1469,1470,-1,1470,1469,1471,-1,1470,1471,1472,-1,1472,1471,1473,-1,1472,1473,1474,-1,1474,1473,1475,-1,1474,1475,1476,-1,1476,1475,1477,-1,1476,1477,1478,-1,1478,1477,1479,-1,1478,1479,1480,-1,1480,1479,1481,-1,1482,1483,1484,-1,1484,1483,1485,-1,1484,1485,1486,-1,1486,1485,1487,-1,1486,1487,1488,-1,1488,1487,1489,-1,1488,1489,1490,-1,1490,1489,1491,-1,1490,1491,1492,-1,1492,1491,1493,-1,1492,1493,1494,-1,1494,1493,1495,-1,1494,1495,1496,-1,1496,1495,1497,-1,1496,1497,1498,-1,1498,1497,1499,-1,1498,1499,1500,-1,1500,1499,1501,-1,1500,1501,1502,-1,1502,1501,1503,-1,1502,1503,1504,-1,1504,1503,1505,-1,1504,1505,1506,-1,1506,1505,1507,-1,1508,1509,1510,-1,1510,1509,1511,-1,1510,1511,1512,-1,1512,1511,1513,-1,1512,1513,1514,-1,1514,1513,1515,-1,1514,1515,1516,-1,1516,1515,1517,-1,1516,1517,1518,-1,1518,1517,1519,-1,1518,1519,1520,-1,1520,1519,1521,-1,1520,1521,1522,-1,1522,1521,1523,-1,1522,1523,1524,-1,1524,1523,1525,-1,1524,1525,1526,-1,1526,1525,1527,-1,1526,1527,1528,-1,1528,1527,1529,-1,1528,1529,1530,-1,1530,1529,1531,-1,1530,1531,1532,-1,1532,1531,1533,-1,1534,1535,1536,-1,1536,1535,1537,-1,1536,1537,1538,-1,1538,1537,1539,-1,1538,1539,1540,-1,1540,1539,1541,-1,1540,1541,1542,-1,1542,1541,1543,-1,1542,1543,1544,-1,1544,1543,1545,-1,1544,1545,1546,-1,1546,1545,1547,-1,1546,1547,1548,-1,1548,1547,1549,-1,1548,1549,1550,-1,1550,1549,1551,-1,1550,1551,1552,-1,1552,1551,1553,-1,1552,1553,1554,-1,1554,1553,1555,-1,1554,1555,1556,-1,1556,1555,1557,-1,1556,1557,1558,-1,1558,1557,1559,-1,1560,1561,1562,-1,1562,1561,1563,-1,1562,1563,1564,-1,1564,1563,1565,-1,1564,1565,1566,-1,1566,1565,1567,-1,1566,1567,1568,-1,1568,1567,1569,-1,1568,1569,1570,-1,1570,1569,1571,-1,1570,1571,1572,-1,1572,1571,1573,-1,1572,1573,1574,-1,1574,1573,1575,-1,1574,1575,1576,-1,1576,1575,1577,-1,1576,1577,1578,-1,1578,1577,1579,-1,1578,1579,1580,-1,1580,1579,1581,-1,1580,1581,1582,-1,1582,1581,1583,-1,1582,1583,1584,-1,1584,1583,1585,-1,1586,1587,1588,-1,1588,1587,1589,-1,1588,1589,1590,-1,1590,1589,1591,-1,1590,1591,1592,-1,1592,1591,1593,-1,1592,1593,1594,-1,1594,1593,1595,-1,1594,1595,1596,-1,1596,1595,1597,-1,1596,1597,1598,-1,1598,1597,1599,-1,1598,1599,1600,-1,1600,1599,1601,-1,1600,1601,1602,-1,1602,1601,1603,-1,1602,1603,1604,-1,1604,1603,1605,-1,1604,1605,1606,-1,1606,1605,1607,-1,1606,1607,1608,-1,1608,1607,1609,-1,1608,1609,1610,-1,1610,1609,1611,-1,1612,1613,1614,-1,1614,1613,1615,-1,1614,1615,1616,-1,1616,1615,1617,-1,1616,1617,1618,-1,1618,1617,1619,-1,1618,1619,1620,-1,1620,1619,1621,-1,1620,1621,1622,-1,1622,1621,1623,-1,1622,1623,1624,-1,1624,1623,1625,-1,1624,1625,1626,-1,1626,1625,1627,-1,1626,1627,1628,-1,1628,1627,1629,-1,1628,1629,1630,-1,1630,1629,1631,-1,1630,1631,1632,-1,1632,1631,1633,-1,1632,1633,1634,-1,1634,1633,1635,-1,1634,1635,1636,-1,1636,1635,1637,-1,1638,1639,1640,-1,1640,1639,1641,-1,1640,1641,1642,-1,1642,1641,1643,-1,1642,1643,1644,-1,1644,1643,1645,-1,1644,1645,1646,-1,1646,1645,1647,-1,1646,1647,1648,-1,1648,1647,1649,-1,1648,1649,1650,-1,1650,1649,1651,-1,1650,1651,1652,-1,1652,1651,1653,-1,1652,1653,1654,-1,1654,1653,1655,-1,1654,1655,1656,-1,1656,1655,1657,-1,1656,1657,1658,-1,1658,1657,1659,-1,1658,1659,1660,-1,1660,1659,1661,-1,1660,1661,1662,-1,1662,1661,1663,-1,1664,1665,1666,-1,1666,1665,1667,-1,1666,1667,1668,-1,1668,1667,1669,-1,1668,1669,1670,-1,1670,1669,1671,-1,1670,1671,1672,-1,1672,1671,1673,-1,1672,1673,1674,-1,1674,1673,1675,-1,1674,1675,1676,-1,1676,1675,1677,-1,1676,1677,1678,-1,1678,1677,1679,-1,1678,1679,1680,-1,1680,1679,1681,-1,1680,1681,1682,-1,1682,1681,1683,-1,1682,1683,1684,-1,1684,1683,1685,-1,1684,1685,1686,-1,1686,1685,1687,-1,1686,1687,1688,-1,1688,1687,1689,-1,1690,1691,1692,-1,1692,1691,1693,-1,1692,1693,1694,-1,1694,1693,1695,-1,1694,1695,1696,-1,1696,1695,1697,-1,1696,1697,1698,-1,1698,1697,1699,-1,1698,1699,1700,-1,1700,1699,1701,-1,1700,1701,1702,-1,1702,1701,1703,-1,1702,1703,1704,-1,1704,1703,1705,-1,1704,1705,1706,-1,1706,1705,1707,-1,1706,1707,1708,-1,1708,1707,1709,-1,1708,1709,1710,-1,1710,1709,1711,-1,1710,1711,1712,-1,1712,1711,1713,-1,1712,1713,1714,-1,1714,1713,1715,-1,1716,1717,1718,-1,1718,1717,1719,-1,1718,1719,1720,-1,1720,1719,1721,-1,1720,1721,1722,-1,1722,1721,1723,-1,1722,1723,1724,-1,1724,1723,1725,-1,1724,1725,1726,-1,1726,1725,1727,-1,1726,1727,1728,-1,1728,1727,1729,-1,1728,1729,1730,-1,1730,1729,1731,-1,1730,1731,1732,-1,1732,1731,1733,-1,1732,1733,1734,-1,1734,1733,1735,-1,1734,1735,1736,-1,1736,1735,1737,-1,1736,1737,1738,-1,1738,1737,1739,-1,1738,1739,1740,-1,1740,1739,1741,-1,1742,1743,1744,-1,1744,1743,1745,-1,1744,1745,1746,-1,1746,1745,1747,-1,1746,1747,1748,-1,1748,1747,1749,-1,1748,1749,1750,-1,1750,1749,1751,-1,1750,1751,1752,-1,1752,1751,1753,-1,1752,1753,1754,-1,1754,1753,1755,-1,1754,1755,1756,-1,1756,1755,1757,-1,1756,1757,1758,-1,1758,1757,1759,-1,1758,1759,1760,-1,1760,1759,1761,-1,1760,1761,1762,-1,1762,1761,1763,-1,1762,1763,1764,-1,1764,1763,1765,-1,1764,1765,1766,-1,1766,1765,1767,-1,1768,1769,1770,-1,1770,1769,1771,-1,1770,1771,1772,-1,1772,1771,1773,-1,1772,1773,1774,-1,1774,1773,1775,-1,1774,1775,1776,-1,1776,1775,1777,-1,1776,1777,1778,-1,1778,1777,1779,-1,1778,1779,1780,-1,1780,1779,1781,-1,1780,1781,1782,-1,1782,1781,1783,-1,1782,1783,1784,-1,1784,1783,1785,-1,1784,1785,1786,-1,1786,1785,1787,-1,1786,1787,1788,-1,1788,1787,1789,-1,1788,1789,1790,-1,1790,1789,1791,-1,1790,1791,1792,-1,1792,1791,1793,-1,1794,1795,1796,-1,1796,1795,1797,-1,1796,1797,1798,-1,1798,1797,1799,-1,1798,1799,1800,-1,1800,1799,1801,-1,1800,1801,1802,-1,1802,1801,1803,-1,1802,1803,1804,-1,1804,1803,1805,-1,1804,1805,1806,-1,1806,1805,1807,-1,1806,1807,1808,-1,1808,1807,1809,-1,1808,1809,1810,-1,1810,1809,1811,-1,1810,1811,1812,-1,1812,1811,1813,-1,1812,1813,1814,-1,1814,1813,1815,-1,1814,1815,1816,-1,1816,1815,1817,-1,1816,1817,1818,-1,1818,1817,1819,-1,1820,1821,1822,-1,1822,1821,1823,-1,1822,1823,1824,-1,1824,1823,1825,-1,1824,1825,1826,-1,1826,1825,1827,-1,1826,1827,1828,-1,1828,1827,1829,-1,1828,1829,1830,-1,1830,1829,1831,-1,1830,1831,1832,-1,1832,1831,1833,-1,1832,1833,1834,-1,1834,1833,1835,-1,1834,1835,1836,-1,1836,1835,1837,-1,1836,1837,1838,-1,1838,1837,1839,-1,1838,1839,1840,-1,1840,1839,1841,-1,1840,1841,1842,-1,1842,1841,1843,-1,1842,1843,1844,-1,1844,1843,1845,-1,1846,1847,1848,-1,1848,1847,1849,-1,1848,1849,1850,-1,1850,1849,1851,-1,1850,1851,1852,-1,1852,1851,1853,-1,1852,1853,1854,-1,1854,1853,1855,-1,1854,1855,1856,-1,1856,1855,1857,-1,1856,1857,1858,-1,1858,1857,1859,-1,1858,1859,1860,-1,1860,1859,1861,-1,1860,1861,1862,-1,1862,1861,1863,-1,1862,1863,1864,-1,1864,1863,1865,-1,1864,1865,1866,-1,1866,1865,1867,-1,1866,1867,1868,-1,1868,1867,1869,-1,1868,1869,1870,-1,1870,1869,1871,-1,1872,1873,1874,-1,1874,1873,1875,-1,1874,1875,1876,-1,1876,1875,1877,-1,1876,1877,1878,-1,1878,1877,1879,-1,1878,1879,1880,-1,1880,1879,1881,-1,1880,1881,1882,-1,1882,1881,1883,-1,1882,1883,1884,-1,1884,1883,1885,-1,1884,1885,1886,-1,1886,1885,1887,-1,1886,1887,1888,-1,1888,1887,1889,-1,1888,1889,1890,-1,1890,1889,1891,-1,1890,1891,1892,-1,1892,1891,1893,-1,1892,1893,1894,-1,1894,1893,1895,-1,1894,1895,1896,-1,1896,1895,1897,-1,1898,1899,1900,-1,1900,1899,1901,-1,1900,1901,1902,-1,1902,1901,1903,-1,1902,1903,1904,-1,1904,1903,1905,-1,1904,1905,1906,-1,1906,1905,1907,-1,1906,1907,1908,-1,1908,1907,1909,-1,1908,1909,1910,-1,1910,1909,1911,-1,1910,1911,1912,-1,1912,1911,1913,-1,1912,1913,1914,-1,1914,1913,1915,-1,1914,1915,1916,-1,1916,1915,1917,-1,1916,1917,1918,-1,1918,1917,1919,-1,1918,1919,1920,-1,1920,1919,1921,-1,1920,1921,1922,-1,1922,1921,1923,-1,1924,1925,1926,-1,1926,1925,1927,-1,1926,1927,1928,-1,1928,1927,1929,-1,1928,1929,1930,-1,1930,1929,1931,-1,1930,1931,1932,-1,1932,1931,1933,-1,1932,1933,1934,-1,1934,1933,1935,-1,1934,1935,1936,-1,1936,1935,1937,-1,1936,1937,1938,-1,1938,1937,1939,-1,1938,1939,1940,-1,1940,1939,1941,-1,1940,1941,1942,-1,1942,1941,1943,-1,1942,1943,1944,-1,1944,1943,1945,-1,1944,1945,1946,-1,1946,1945,1947,-1,1946,1947,1948,-1,1948,1947,1949,-1,1950,1951,1952,-1,1952,1951,1953,-1,1952,1953,1954,-1,1954,1953,1955,-1,1954,1955,1956,-1,1956,1955,1957,-1,1956,1957,1958,-1,1958,1957,1959,-1,1958,1959,1960,-1,1960,1959,1961,-1,1960,1961,1962,-1,1962,1961,1963,-1,1962,1963,1964,-1,1964,1963,1965,-1,1964,1965,1966,-1,1966,1965,1967,-1,1966,1967,1968,-1,1968,1967,1969,-1,1968,1969,1970,-1,1970,1969,1971,-1,1970,1971,1972,-1,1972,1971,1973,-1,1972,1973,1974,-1,1974,1973,1975,-1,1976,1977,1978,-1,1978,1977,1979,-1,1978,1979,1980,-1,1980,1979,1981,-1,1980,1981,1982,-1,1982,1981,1983,-1,1982,1983,1984,-1,1984,1983,1985,-1,1984,1985,1986,-1,1986,1985,1987,-1,1986,1987,1988,-1,1988,1987,1989,-1,1988,1989,1990,-1,1990,1989,1991,-1,1990,1991,1992,-1,1992,1991,1993,-1,1992,1993,1994,-1,1994,1993,1995,-1,1994,1995,1996,-1,1996,1995,1997,-1,1996,1997,1998,-1,1998,1997,1999,-1,1998,1999,2000,-1,2000,1999,2001,-1,2002,2003,2004,-1,2004,2003,2005,-1,2004,2005,2006,-1,2006,2005,2007,-1,2006,2007,2008,-1,2008,2007,2009,-1,2008,2009,2010,-1,2010,2009,2011,-1,2010,2011,2012,-1,2012,2011,2013,-1,2012,2013,2014,-1,2014,2013,2015,-1,2014,2015,2016,-1,2016,2015,2017,-1,2016,2017,2018,-1,2018,2017,2019,-1,2018,2019,2020,-1,2020,2019,2021,-1,2020,2021,2022,-1,2022,2021,2023,-1,2022,2023,2024,-1,2024,2023,2025,-1,2024,2025,2026,-1,2026,2025,2027,-1,2028,2029,2030,-1,2030,2029,2031,-1,2030,2031,2032,-1,2032,2031,2033,-1,2032,2033,2034,-1,2034,2033,2035,-1,2034,2035,2036,-1,2036,2035,2037,-1,2036,2037,2038,-1,2038,2037,2039,-1,2038,2039,2040,-1,2040,2039,2041,-1,2040,2041,2042,-1,2042,2041,2043,-1,2042,2043,2044,-1,2044,2043,2045,-1,2044,2045,2046,-1,2046,2045,2047,-1,2046,2047,2048,-1,2048,2047,2049,-1,2048,2049,2050,-1,2050,2049,2051,-1,2050,2051,2052,-1,2052,2051,2053,-1,2054,2055,2056,-1,2056,2055,2057,-1,2056,2057,2058,-1,2058,2057,2059,-1,2058,2059,2060,-1,2060,2059,2061,-1,2060,2061,2062,-1,2062,2061,2063,-1,2062,2063,2064,-1,2064,2063,2065,-1,2064,2065,2066,-1,2066,2065,2067,-1,2066,2067,2068,-1,2068,2067,2069,-1,2068,2069,2070,-1,2070,2069,2071,-1,2070,2071,2072,-1,2072,2071,2073,-1,2072,2073,2074,-1,2074,2073,2075,-1,2074,2075,2076,-1,2076,2075,2077,-1,2076,2077,2078,-1,2078,2077,2079,-1,
        ]
    }
}
Shape{
    appearance Appearance {
        material  Material 	{
            diffuseColor 0.0 0.6549019607843137 0.4392156862745098
            specularColor 0.0 0.32941176470588235 0.2196078431372549
            ambientIntensity 0.4345
            transparency 0.0
            shininess 0.5
        }
    }
    geometry IndexedFaceSet {
        ccw TRUE
        solid FALSE
        coord DEF co Coordinate {
            point [
                -4.7244 0.7283 0.0039, -5.3648 0.7283 0.0039, -5.3648 0.9055 0.0039, -2.8346 1.2992 0.0039, -2.8346 1.5748 0.0039, -2.5984 1.5748 0.0039, -6.0984 -4.8031 0.0039, -6.0984 -4.8623 0.0039, -6.1024 -4.8622 0.0039, -6.0984 -4.2913 0.0039, -6.0984 -4.3505 0.0039, -6.1024 -4.3504 0.0039, -6.0984 -3.7795 0.0039, -6.0984 -3.8387 0.0039, -6.1024 -3.8386 0.0039, -6.0984 -2.7559 0.0039, -6.0984 -2.815 0.0039, -6.1024 -2.815 0.0039, -6.0984 -2.2441 0.0039, -6.0984 -2.3032 0.0039, -6.1024 -2.3031 0.0039, -6.0984 -1.7323 0.0039, -6.0984 -1.7914 0.0039, -6.1024 -1.7913 0.0039, -6.0984 -1.2205 0.0039, -6.0984 -1.2796 0.0039, -6.1024 -1.2795 0.0039, -6.0984 -0.7087 0.0039, -6.0984 -0.7678 0.0039, -6.1024 -0.7677 0.0039, -5.7047 -0.5118 0.0039, -5.7047 -0.315 0.0039, -5.3648 -0.315 0.0039, -6.0984 -0.1969 0.0039, -6.0984 -0.256 0.0039, -6.1024 -0.2559 0.0039, -6.0984 0.315 0.0039, -6.0984 0.2558 0.0039, -6.1024 0.2559 0.0039, -6.0984 2.0472 0.0039, -6.0984 1.9881 0.0039, -6.1024 1.9882 0.0039, -6.0984 2.5591 0.0039, -6.0984 2.4999 0.0039, -6.1024 2.5 0.0039, -6.0984 3.5827 0.0039, -6.0984 3.5235 0.0039, -6.1024 3.5236 0.0039, -6.0984 4.0945 0.0039, -6.0984 4.0354 0.0039, -6.1024 4.0354 0.0039, -6.0984 4.6063 0.0039, -6.0984 4.5472 0.0039, -6.1024 4.5472 0.0039, -4.626 5.5079 0.0039, -4.6851 5.5079 0.0039, -4.685 5.5118 0.0039, 0.4921 5.5079 0.0039, 0.433 5.5079 0.0039, 0.4331 5.5118 0.0039, 1.5157 5.5079 0.0039, 1.4566 5.5079 0.0039, 1.4567 5.5118 0.0039, 5.7047 0.8268 0.0039, 5.7047 0.7283 0.0039, 2.5984 0.7283 0.0039, 6.0984 -0.5118 0.0039, 6.0984 -0.4527 0.0039, 6.1024 -0.4528 0.0039, 0.5315 0.8465 0.0039, 0.1673 0.8465 0.0039, 0.1673 0.9055 0.0039, 6.0984 -2.5591 0.0039, 6.0984 -2.4999 0.0039, 6.1024 -2.5 0.0039, 2.2244 -5.5079 0.0039, 2.2835 -5.5079 0.0039, 2.2835 -5.5118 0.0039, 1.2008 -5.5079 0.0039, 1.2599 -5.5079 0.0039, 1.2598 -5.5118 0.0039, -2.8937 -5.5079 0.0039, -2.8346 -5.5079 0.0039, -2.8346 -5.5118 0.0039, -3.622 -3.189 0.0039, -3.622 -3.2579 0.0039, -4.7244 -3.2579 0.0039, -4.5472 -0.1772 0.0039, -4.5472 -0.315 0.0039, -4.7244 -0.315 0.0039, -4.9016 -0.6102 0.0039, -4.9016 -0.315 0.0039, -5.3346 0.6102 0.0039, -5.3346 0.1772 0.0039, -4.9016 0.6102 0.0039, -4.9016 0.1772 0.0039, -4.9016 -0.1772 0.0039, -5.3346 -0.1772 0.0039, -5.3346 -0.315 0.0039, -5.3346 -0.6102 0.0039, -4.7244 -0.9055 0.0039, -5.3648 -0.9055 0.0039, -4.1142 0.6102 0.0039, -4.5472 0.6102 0.0039, -4.5472 0.1772 0.0039, -4.5472 -0.6102 0.0039, -4.1142 -0.1772 0.0039, -3.622 0.5906 0.0039, -4.1142 -0.315 0.0039, -3.622 -0.315 0.0039, -4.1142 -0.6102 0.0039, -3.622 -0.5906 0.0039, -2.5984 -0.9055 0.0039, -2.8346 -0.5906 0.0039, -2.5984 -0.315 0.0039, -2.8346 -0.315 0.0039, -2.5984 0.7283 0.0039, -2.8346 0.5906 0.0039, -2.5984 -3.0807 0.0039, -2.5984 -3.2579 0.0039, -2.8346 -3.2579 0.0039, -3.4055 -5.5079 0.0039, -3.3464 -5.5079 0.0039, -3.3465 -5.5118 0.0039, -2.8346 -4.3701 0.0039, -3.1496 -5.5118 0.0039, -3.1497 -5.5079 0.0039, -3.0906 -5.5079 0.0039, -4.1142 -4.5472 0.0039, -4.1142 -4.1142 0.0039, -3.622 -4.3701 0.0039, -4.5472 -3.3268 0.0039, -4.5472 -3.7598 0.0039, -3.4055 -5.1142 0.0039, -4.5472 -4.5472 0.0039, -3.0906 -5.1142 0.0039, -2.8937 -5.1142 0.0039, -3.9173 -5.5079 0.0039, -3.8582 -5.5079 0.0039, -3.8583 -5.5118 0.0039, -2.5984 -5.1142 0.0039, -4.1142 -3.3268 0.0039, -4.1142 -3.7598 0.0039, -3.6614 -5.5118 0.0039, -3.6615 -5.5079 0.0039, -3.6024 -5.5079 0.0039, -4.1732 -5.5118 0.0039, -4.1733 -5.5079 0.0039, -4.1142 -5.5079 0.0039, -3.9173 -5.1142 0.0039, -4.1142 -5.1142 0.0039, -4.4291 -5.1142 0.0039, -3.6024 -5.1142 0.0039, -4.37 -5.5079 0.0039, -4.3701 -5.5118 0.0039, -4.4291 -5.5079 0.0039, -4.685 -5.5118 0.0039, -4.6851 -5.5079 0.0039, -4.626 -5.5079 0.0039, -4.626 -5.1142 0.0039, -4.7244 -5.1142 0.0039, -4.5472 -4.1142 0.0039, -0.2362 2.4803 0.0039, -1.0236 2.4803 0.0039, -2.5984 3.0807 0.0039, -1.0236 1.2992 0.0039, -0.2362 1.2992 0.0039, 0.1673 1.5748 0.0039, -2.3622 1.5748 0.0039, -2.3622 1.2992 0.0039, -2.5984 0.9055 0.0039, -1.5748 1.2992 0.0039, 0.1673 -0.9055 0.0039, 0.1673 -2.3327 0.0039, -0.2362 -2.3327 0.0039, -0.2362 -1.2992 0.0039, -1.0236 -1.2992 0.0039, -1.0236 -2.4803 0.0039, -0.2362 -2.4803 0.0039, 0.1673 -3.0807 0.0039, 0.689 -5.5079 0.0039, 0.7481 -5.5079 0.0039, 0.748 -5.5118 0.0039, 0.2362 -3.2579 0.0039, 0.1673 -3.2579 0.0039, 0.2362 -3.189 0.0039, 1.0236 -3.189 0.0039, 1.3681 -3.0807 0.0039, 1.0236 -3.2579 0.0039, 1.3681 -3.2579 0.0039, 1.0236 -4.3701 0.0039, 1.3681 -5.1142 0.0039, 0.2362 -4.3701 0.0039, 1.2008 -5.1142 0.0039, 0.9449 -5.5118 0.0039, 0.9448 -5.5079 0.0039, 1.0039 -5.5079 0.0039, 0.4331 -5.5118 0.0039, 0.433 -5.5079 0.0039, 0.4921 -5.5079 0.0039, 0.689 -5.1142 0.0039, 0.4921 -5.1142 0.0039, 0.1772 -5.1142 0.0039, 1.0039 -5.1142 0.0039, 0.2363 -5.5079 0.0039, 0.2362 -5.5118 0.0039, 0.1772 -5.5079 0.0039, 0.1673 -5.5118 0.0039, -0.2362 1.5748 0.0039, 0.1673 3.0807 0.0039, 0.2362 2.4803 0.0039, 1.0236 2.4803 0.0039, 1.3681 3.0807 0.0039, 1.0236 1.5748 0.0039, 1.3681 1.5748 0.0039, 1.0236 1.2992 0.0039, 1.3681 0.9055 0.0039, 0.2362 1.2992 0.0039, 2.4803 -5.5118 0.0039, 2.4802 -5.5079 0.0039, 2.5394 -5.5079 0.0039, 2.5984 -5.5118 0.0039, 2.5394 -5.1142 0.0039, 2.5984 -3.2579 0.0039, 1.7126 -5.5079 0.0039, 1.7717 -5.5079 0.0039, 1.7717 -5.5118 0.0039, 1.9685 -5.5118 0.0039, 1.9684 -5.5079 0.0039, 2.0276 -5.5079 0.0039, 2.2244 -5.1142 0.0039, 1.5748 -4.3701 0.0039, 2.3622 -4.3701 0.0039, 2.3622 -3.2579 0.0039, 2.5984 -3.0807 0.0039, 2.3622 -3.189 0.0039, 1.5748 -3.189 0.0039, 1.5748 -3.2579 0.0039, 1.4567 -5.5118 0.0039, 1.4566 -5.5079 0.0039, 1.5157 -5.5079 0.0039, 1.7126 -5.1142 0.0039, 1.5157 -5.1142 0.0039, 2.0276 -5.1142 0.0039, 1.3681 0.7283 0.0039, 2.3622 0.5906 0.0039, 2.3622 -0.315 0.0039, 2.5984 -0.315 0.0039, 2.3622 -0.5906 0.0039, 2.5984 -0.9055 0.0039, 1.5748 -0.5906 0.0039, 1.3681 -0.9055 0.0039, 1.5748 -0.315 0.0039, 1.3681 -0.315 0.0039, 1.5748 0.5906 0.0039, 6.0984 -1.0236 0.0039, 6.0984 -0.9645 0.0039, 6.1024 -0.9646 0.0039, 3.622 -1.2992 0.0039, 2.8346 -1.2992 0.0039, 5.7047 -0.9055 0.0039, 3.622 -2.3327 0.0039, 5.7047 -1.0236 0.0039, 6.0984 -1.5354 0.0039, 6.0984 -1.4763 0.0039, 6.1024 -1.4764 0.0039, 6.1024 -1.2795 0.0039, 6.0984 -1.2796 0.0039, 6.0984 -1.2205 0.0039, 6.0984 -2.0472 0.0039, 6.0984 -1.9881 0.0039, 6.1024 -1.9882 0.0039, 6.1024 -1.7913 0.0039, 6.0984 -1.7914 0.0039, 6.0984 -1.7323 0.0039, 5.7047 -1.5354 0.0039, 5.7047 -1.7323 0.0039, 5.7047 -2.0472 0.0039, 5.7047 -1.2205 0.0039, 6.1024 -2.3031 0.0039, 6.0984 -2.3032 0.0039, 6.0984 -2.2441 0.0039, 5.7047 -2.2441 0.0039, 5.7047 -2.3327 0.0039, 3.622 -2.4803 0.0039, 5.7047 -2.5591 0.0039, 2.5984 -2.3327 0.0039, 2.8346 -2.3327 0.0039, 2.8346 -2.4803 0.0039, 6.1024 -2.815 0.0039, 6.0984 -2.815 0.0039, 6.0984 -2.7559 0.0039, 6.0984 -3.0117 0.0039, 6.1024 -3.0118 0.0039, 6.0984 -3.0709 0.0039, 6.1024 -3.0807 0.0039, 5.7047 -3.0709 0.0039, 5.7047 -2.7559 0.0039, 0.5315 -0.8465 0.0039, 0.7283 -0.8465 0.0039, 0.7283 -0.4134 0.0039, 1.1614 -0.8465 0.0039, 1.1614 -0.4134 0.0039, -0.5315 -0.4134 0.0039, -0.7283 -0.8465 0.0039, -0.7283 -0.4134 0.0039, 0.5315 -0.4134 0.0039, 0.1673 -0.4134 0.0039, 0.1673 -0.315 0.0039, 0.0984 -0.4134 0.0039, 0.0984 -0.8465 0.0039, -0.0984 -0.8465 0.0039, -0.0984 -0.4134 0.0039, -2.3622 -0.5906 0.0039, -1.5748 -0.5906 0.0039, -0.5315 -0.8465 0.0039, 0.1673 -0.8465 0.0039, -1.5748 -0.315 0.0039, -1.1614 -0.4134 0.0039, -1.1614 -0.8465 0.0039, 0.0984 0.8465 0.0039, -1.0236 1.5748 0.0039, -1.5748 1.5748 0.0039, -1.5748 2.4803 0.0039, -2.3622 2.4803 0.0039, -0.5315 0.8465 0.0039, -0.0984 0.8465 0.0039, -0.0984 0.7283 0.0039, 0.0984 0.7283 0.0039, -0.0984 0.4134 0.0039, 0.0984 0.4134 0.0039, -1.1614 0.2165 0.0039, -1.1614 -0.2165 0.0039, -0.7283 -0.2165 0.0039, -0.7283 0.2165 0.0039, -0.5315 0.2165 0.0039, -0.5315 -0.2165 0.0039, -1.1614 0.8465 0.0039, -0.7283 0.8465 0.0039, -0.7283 0.7283 0.0039, -0.5315 0.7283 0.0039, -0.7283 0.4134 0.0039, -0.5315 0.4134 0.0039, -2.3622 -0.315 0.0039, -2.3622 0.5906 0.0039, -1.5748 0.5906 0.0039, -1.1614 0.7283 0.0039, -1.1614 0.4134 0.0039, 0.0984 -0.2165 0.0039, -0.0984 -0.2165 0.0039, 0.0984 0.2165 0.0039, -0.0984 0.2165 0.0039, 1.1614 0.7283 0.0039, 1.1614 0.8465 0.0039, 0.7283 0.8465 0.0039, 0.1673 0.2165 0.0039, 0.1673 0.4134 0.0039, 0.5315 0.2165 0.0039, 0.2362 1.5748 0.0039, 0.5315 0.7283 0.0039, 0.7283 0.7283 0.0039, 0.5315 0.4134 0.0039, 0.7283 0.4134 0.0039, 0.5315 -0.2165 0.0039, 0.1673 -0.2165 0.0039, 1.1614 0.4134 0.0039, 1.1614 0.2165 0.0039, 0.7283 0.2165 0.0039, 0.7283 -0.2165 0.0039, 1.1614 -0.2165 0.0039, 6.1024 -4.8622 0.0039, 6.0984 -4.8623 0.0039, 6.0984 -4.8031 0.0039, 4.7835 -5.5079 0.0039, 4.8426 -5.5079 0.0039, 4.8425 -5.5118 0.0039, 6.1024 -3.3268 0.0039, 6.0984 -3.3269 0.0039, 6.1024 -3.2579 0.0039, 6.0984 -3.2677 0.0039, 6.0984 -3.5827 0.0039, 6.0984 -3.5235 0.0039, 6.1024 -3.5236 0.0039, 6.0984 -4.0945 0.0039, 6.0984 -4.0354 0.0039, 6.1024 -4.0354 0.0039, 5.0984 -5.1142 0.0039, 4.7835 -5.1142 0.0039, 3.622 -4.3701 0.0039, 2.8346 -4.3701 0.0039, 4.2717 -5.5079 0.0039, 4.3308 -5.5079 0.0039, 4.3307 -5.5118 0.0039, 6.0984 -5.059 0.0039, 6.1024 -5.0591 0.0039, 6.0984 -5.1181 0.0039, 6.1024 -5.5118 0.0039, 5.0984 -5.5079 0.0039, 5.0394 -5.5118 0.0039, 5.0393 -5.5079 0.0039, 5.7047 -3.2677 0.0039, 5.7047 -3.5827 0.0039, 3.622 -3.2579 0.0039, 6.1024 -3.8386 0.0039, 6.0984 -3.8387 0.0039, 6.0984 -3.7795 0.0039, 5.7047 -4.8031 0.0039, 5.7047 -5.1181 0.0039, 4.5276 -5.5118 0.0039, 4.5275 -5.5079 0.0039, 4.5866 -5.5079 0.0039, 5.7047 -4.6063 0.0039, 6.0984 -4.6063 0.0039, 6.1024 -4.5472 0.0039, 6.0984 -4.5472 0.0039, 6.1024 -4.3504 0.0039, 6.0984 -4.3505 0.0039, 6.0984 -4.2913 0.0039, 5.7047 -3.7795 0.0039, 5.7047 -4.0945 0.0039, 3.7598 -5.5079 0.0039, 3.819 -5.5079 0.0039, 3.8189 -5.5118 0.0039, 5.7047 -4.2913 0.0039, 4.0157 -5.5118 0.0039, 4.0157 -5.5079 0.0039, 4.0748 -5.5079 0.0039, 4.2717 -5.1142 0.0039, 4.0748 -5.1142 0.0039, 3.7598 -5.1142 0.0039, 4.5866 -5.1142 0.0039, 3.248 -5.5079 0.0039, 3.3072 -5.5079 0.0039, 3.3071 -5.5118 0.0039, 3.5039 -5.5118 0.0039, 3.5039 -5.5079 0.0039, 3.563 -5.5079 0.0039, 2.9921 -5.5118 0.0039, 2.992 -5.5079 0.0039, 3.0512 -5.5079 0.0039, 3.248 -5.1142 0.0039, 3.0512 -5.1142 0.0039, 2.7362 -5.1142 0.0039, 3.563 -5.1142 0.0039, 2.7954 -5.5079 0.0039, 2.7953 -5.5118 0.0039, 2.7362 -5.5079 0.0039, 3.622 -0.5906 0.0039, 5.7047 -0.7087 0.0039, 6.1024 -0.7677 0.0039, 6.0984 -0.7678 0.0039, 6.0984 -0.7087 0.0039, 5.7047 -0.5118 0.0039, 6.0984 0.5118 0.0039, 6.0984 0.5709 0.0039, 6.1024 0.5709 0.0039, 6.0984 -0.0 0.0039, 6.0984 0.0591 0.0039, 6.1024 0.0591 0.0039, 6.1024 0.2559 0.0039, 6.0984 0.2558 0.0039, 6.0984 0.315 0.0039, 5.7047 0.5118 0.0039, 5.7047 0.315 0.0039, 5.7047 -0.0 0.0039, 3.622 -0.315 0.0039, 3.622 0.5906 0.0039, 2.8346 0.5906 0.0039, 2.8346 -0.315 0.0039, 2.8346 -0.5906 0.0039, 6.1024 -0.2559 0.0039, 6.0984 -0.256 0.0039, 6.0984 -0.1969 0.0039, 5.7047 -0.315 0.0039, 5.7047 -0.1969 0.0039, 3.622 1.2992 0.0039, 6.1024 0.9055 0.0039, 2.5984 0.9055 0.0039, 5.7047 1.3386 0.0039, 6.1024 1.5748 0.0039, 6.0984 1.3386 0.0039, 6.1024 1.2795 0.0039, 6.0984 1.2794 0.0039, 6.0984 1.0828 0.0039, 6.1024 1.0827 0.0039, 6.0984 1.0236 0.0039, 5.7047 1.0236 0.0039, 3.622 1.5748 0.0039, 6.0984 2.7559 0.0039, 6.0984 2.815 0.0039, 6.1024 2.815 0.0039, 3.622 2.4803 0.0039, 5.7047 3.0709 0.0039, 5.7047 2.7559 0.0039, 6.0984 2.2441 0.0039, 6.0984 2.3032 0.0039, 6.1024 2.3031 0.0039, 2.5984 3.0807 0.0039, 2.8346 2.4803 0.0039, 2.5984 1.5748 0.0039, 2.8346 1.5748 0.0039, 2.8346 1.2992 0.0039, 6.1024 3.0118 0.0039, 6.0984 3.0117 0.0039, 6.1024 3.0807 0.0039, 6.0984 3.0709 0.0039, 6.1024 2.5 0.0039, 6.0984 2.4999 0.0039, 6.0984 2.5591 0.0039, 5.7047 2.2441 0.0039, 5.7047 2.5591 0.0039, 6.1024 1.9882 0.0039, 6.0984 1.9881 0.0039, 6.0984 2.0472 0.0039, 6.0984 1.7914 0.0039, 6.1024 1.7913 0.0039, 6.0984 1.7323 0.0039, 5.7047 1.7323 0.0039, 5.7047 2.0472 0.0039, 2.7362 5.1142 0.0039, 2.5984 5.5118 0.0039, 2.7362 5.5079 0.0039, 2.7953 5.5118 0.0039, 2.7954 5.5079 0.0039, 3.563 5.5079 0.0039, 3.5039 5.5079 0.0039, 3.5039 5.5118 0.0039, 3.248 5.5079 0.0039, 3.0512 5.1142 0.0039, 3.0512 5.5079 0.0039, 2.992 5.5079 0.0039, 2.9921 5.5118 0.0039, 3.3071 5.5118 0.0039, 3.3072 5.5079 0.0039, 4.0748 5.5079 0.0039, 4.0157 5.5079 0.0039, 4.0157 5.5118 0.0039, 6.0984 3.3269 0.0039, 6.1024 3.3268 0.0039, 6.0984 3.2677 0.0039, 5.7047 3.2677 0.0039, 3.8189 5.5118 0.0039, 3.819 5.5079 0.0039, 3.7598 5.5079 0.0039, 2.8346 4.3701 0.0039, 2.8346 3.189 0.0039, 3.622 3.189 0.0039, 4.5866 5.5079 0.0039, 4.5275 5.5079 0.0039, 4.5276 5.5118 0.0039, 3.248 5.1142 0.0039, 3.563 5.1142 0.0039, 3.622 4.3701 0.0039, 3.7598 5.1142 0.0039, 5.7047 3.5827 0.0039, 4.3307 5.5118 0.0039, 4.3308 5.5079 0.0039, 4.2717 5.5079 0.0039, 4.0748 5.1142 0.0039, 4.2717 5.1142 0.0039, 6.0984 3.7795 0.0039, 6.0984 3.8387 0.0039, 6.1024 3.8386 0.0039, 6.1024 3.5236 0.0039, 6.0984 3.5235 0.0039, 6.0984 3.5827 0.0039, 4.8425 5.5118 0.0039, 4.8426 5.5079 0.0039, 4.7835 5.5079 0.0039, 5.7047 3.7795 0.0039, 4.5866 5.1142 0.0039, 4.7835 5.1142 0.0039, 6.0984 4.2913 0.0039, 6.0984 4.3505 0.0039, 6.1024 4.3504 0.0039, 6.0984 4.8031 0.0039, 6.0984 4.8623 0.0039, 6.1024 4.8622 0.0039, 5.0393 5.5079 0.0039, 5.0394 5.5118 0.0039, 5.0984 5.5079 0.0039, 6.1024 5.5118 0.0039, 6.1024 4.0354 0.0039, 6.0984 4.0354 0.0039, 6.0984 4.0945 0.0039, 6.1024 5.0591 0.0039, 6.0984 5.059 0.0039, 6.0984 5.1181 0.0039, 5.7047 4.2913 0.0039, 5.7047 4.0945 0.0039, 5.7047 4.8031 0.0039, 5.0984 5.1142 0.0039, 5.7047 5.1181 0.0039, 6.1024 4.5472 0.0039, 6.0984 4.5472 0.0039, 6.0984 4.6063 0.0039, 5.7047 4.6063 0.0039, 2.0276 5.5079 0.0039, 1.9684 5.5079 0.0039, 1.9685 5.5118 0.0039, 1.7717 5.5118 0.0039, 1.7717 5.5079 0.0039, 1.7126 5.5079 0.0039, 1.5157 5.1142 0.0039, 2.3622 4.3701 0.0039, 1.7126 5.1142 0.0039, 2.0276 5.1142 0.0039, 2.2835 5.5118 0.0039, 2.2835 5.5079 0.0039, 2.2244 5.5079 0.0039, 2.4802 5.5079 0.0039, 2.4803 5.5118 0.0039, 2.5394 5.5079 0.0039, 2.5394 5.1142 0.0039, 2.2244 5.1142 0.0039, 1.3681 5.1142 0.0039, 1.5748 4.3701 0.0039, 1.5748 3.189 0.0039, 2.3622 3.189 0.0039, 0.2362 5.5118 0.0039, 0.2363 5.5079 0.0039, 0.1673 5.5118 0.0039, 0.1772 5.5079 0.0039, 0.1772 5.1142 0.0039, 0.2362 3.189 0.0039, 1.0236 3.189 0.0039, 0.2362 4.3701 0.0039, 1.0236 4.3701 0.0039, 0.4921 5.1142 0.0039, 1.0039 5.5079 0.0039, 0.9448 5.5079 0.0039, 0.9449 5.5118 0.0039, 0.748 5.5118 0.0039, 0.7481 5.5079 0.0039, 0.689 5.5079 0.0039, 1.0039 5.1142 0.0039, 0.689 5.1142 0.0039, 1.2598 5.5118 0.0039, 1.2599 5.5079 0.0039, 1.2008 5.5079 0.0039, 1.2008 5.1142 0.0039, -1.5551 5.5079 0.0039, -1.6143 5.5079 0.0039, -1.6142 5.5118 0.0039, -1.5748 4.3701 0.0039, -2.3622 4.3701 0.0039, -2.5984 5.1142 0.0039, -2.0669 5.5079 0.0039, -2.1261 5.5079 0.0039, -2.126 5.5118 0.0039, -1.0236 3.189 0.0039, -0.2362 3.189 0.0039, -2.3622 3.189 0.0039, -1.5748 3.189 0.0039, -0.2362 4.3701 0.0039, -1.0433 5.5079 0.0039, -1.1024 5.5079 0.0039, -1.1024 5.5118 0.0039, -2.0669 5.1142 0.0039, -1.0236 4.3701 0.0039, -2.3819 5.1142 0.0039, -2.5787 5.1142 0.0039, -2.3819 5.5079 0.0039, -2.5787 5.5079 0.0039, -1.2992 5.5118 0.0039, -1.2991 5.5079 0.0039, -1.3583 5.5079 0.0039, -1.811 5.5118 0.0039, -1.8109 5.5079 0.0039, -1.8701 5.5079 0.0039, -1.3583 5.1142 0.0039, -1.0433 5.1142 0.0039, -1.8701 5.1142 0.0039, -1.5551 5.1142 0.0039, -0.5315 5.5079 0.0039, -0.5906 5.5079 0.0039, -0.5906 5.5118 0.0039, -0.7874 5.5118 0.0039, -0.7873 5.5079 0.0039, -0.8465 5.5079 0.0039, -0.5315 5.1142 0.0039, -0.8465 5.1142 0.0039, -0.2756 5.5118 0.0039, -0.2755 5.5079 0.0039, -0.3346 5.5079 0.0039, -0.0788 5.5079 0.0039, -0.0787 5.5118 0.0039, -0.0197 5.5079 0.0039, -0.0197 5.1142 0.0039, -0.3346 5.1142 0.0039, -2.3228 5.5079 0.0039, -2.3228 5.5118 0.0039, -2.5984 5.5118 0.0039, -2.5984 5.5079 0.0039, -2.6378 5.5118 0.0039, -2.6379 5.5079 0.0039, -3.622 4.0551 0.0039, -4.5472 4.1142 0.0039, -4.1142 4.1142 0.0039, -3.0906 5.5079 0.0039, -3.1497 5.5079 0.0039, -3.1496 5.5118 0.0039, -3.622 3.189 0.0039, -2.8346 3.189 0.0039, -2.8346 4.3701 0.0039, -4.1142 5.5079 0.0039, -4.1733 5.5079 0.0039, -4.1732 5.5118 0.0039, -4.5472 3.7598 0.0039, -4.5472 3.3268 0.0039, -4.7244 3.0807 0.0039, -4.1142 3.3268 0.0039, -4.626 5.1142 0.0039, -4.1142 4.5472 0.0039, -4.7244 5.1142 0.0039, -4.5472 4.5472 0.0039, -2.8346 5.5118 0.0039, -2.8346 5.5079 0.0039, -2.8937 5.5079 0.0039, -3.0906 5.1142 0.0039, -2.8937 5.1142 0.0039, -4.3701 5.5118 0.0039, -4.37 5.5079 0.0039, -4.4291 5.5079 0.0039, -3.3071 4.3701 0.0039, -4.1142 5.1142 0.0039, -4.4291 5.1142 0.0039, -3.6024 5.5079 0.0039, -3.6615 5.5079 0.0039, -3.6614 5.5118 0.0039, -3.8583 5.5118 0.0039, -3.8582 5.5079 0.0039, -3.9173 5.5079 0.0039, -3.9173 5.1142 0.0039, -3.6024 5.1142 0.0039, -3.3465 5.5118 0.0039, -3.3464 5.5079 0.0039, -3.4055 5.5079 0.0039, -3.4055 5.1142 0.0039, -4.8819 5.5118 0.0039, -4.8818 5.5079 0.0039, -4.9409 5.5079 0.0039, -4.9016 3.3268 0.0039, -5.3346 3.3268 0.0039, -5.3648 3.0807 0.0039, -5.3346 3.7598 0.0039, -5.3648 5.5118 0.0039, -5.3346 4.5472 0.0039, -5.3346 4.1142 0.0039, -4.9016 3.7598 0.0039, -4.9016 4.1142 0.0039, -4.9016 4.5472 0.0039, -4.9409 5.1142 0.0039, -6.0984 5.059 0.0039, -6.1024 5.0591 0.0039, -6.0984 5.1181 0.0039, -6.1024 5.315 0.0039, -5.8466 5.1181 0.0039, -5.5909 4.9681 0.0039, -5.8466 5.5118 0.0039, -5.395 5.075 0.0039, -5.395 4.8419 0.0039, -5.7047 3.5827 0.0039, -5.7047 3.2677 0.0039, -5.7047 4.2913 0.0039, -5.7047 4.6063 0.0039, -6.1024 4.8622 0.0039, -6.0984 4.8623 0.0039, -6.0984 4.8031 0.0039, -5.9055 5.5118 0.0039, -5.7047 5.1181 0.0039, -5.7047 4.8031 0.0039, -5.8466 4.8031 0.0039, -5.8466 4.6063 0.0039, -6.1024 4.3504 0.0039, -6.0984 4.3505 0.0039, -6.0984 4.2913 0.0039, -5.8466 4.0945 0.0039, -5.8466 4.2913 0.0039, -5.7047 4.0945 0.0039, -6.1024 3.8386 0.0039, -6.0984 3.8387 0.0039, -6.0984 3.7795 0.0039, -5.7047 3.7795 0.0039, -5.8466 3.7795 0.0039, -5.8466 3.5827 0.0039, -6.1024 3.3268 0.0039, -6.0984 3.3269 0.0039, -6.0984 3.2677 0.0039, -5.8466 3.2677 0.0039, -5.8466 3.0807 0.0039, -6.1024 3.0807 0.0039, -5.3648 1.5748 0.0039, -5.8466 1.5748 0.0039, -5.8466 1.7323 0.0039, -5.7047 1.7323 0.0039, -5.7047 2.0472 0.0039, -6.0984 3.0117 0.0039, -6.1024 3.0118 0.0039, -6.0984 3.0709 0.0039, -5.8466 3.0709 0.0039, -5.7047 3.0709 0.0039, -5.7047 2.7559 0.0039, -6.1024 2.815 0.0039, -6.0984 2.815 0.0039, -6.0984 2.7559 0.0039, -5.8466 2.5591 0.0039, -5.8466 2.7559 0.0039, -5.7047 2.5591 0.0039, -6.1024 2.3031 0.0039, -6.0984 2.3032 0.0039, -6.0984 2.2441 0.0039, -5.7047 2.2441 0.0039, -5.8466 2.2441 0.0039, -5.8466 2.0472 0.0039, -6.1024 1.7913 0.0039, -6.0984 1.7914 0.0039, -6.0984 1.7323 0.0039, -6.1024 1.5748 0.0039, -6.1024 1.0827 0.0039, -6.0984 1.0828 0.0039, -6.0984 1.0236 0.0039, -6.0984 1.2794 0.0039, -6.1024 1.2795 0.0039, -6.0984 1.3386 0.0039, -5.8466 1.3386 0.0039, -5.7047 1.3386 0.0039, -5.7047 1.0236 0.0039, -5.8466 1.0236 0.0039, -5.8466 0.9055 0.0039, -6.1024 0.9055 0.0039, -6.0984 0.7676 0.0039, -6.1024 0.7677 0.0039, -6.0984 0.8268 0.0039, -5.8466 0.8268 0.0039, -5.7047 0.8268 0.0039, -5.7047 0.7283 0.0039, -5.7047 0.5118 0.0039, -5.7047 -0.1969 0.0039, -6.1024 0.5709 0.0039, -6.0984 0.5709 0.0039, -6.0984 0.5118 0.0039, -5.8466 0.315 0.0039, -5.8466 0.5118 0.0039, -5.7047 0.315 0.0039, -6.1024 0.0591 0.0039, -6.0984 0.0591 0.0039, -6.0984 0.0 0.0039, -5.7047 0.0 0.0039, -5.8466 0.0 0.0039, -5.8466 -0.1969 0.0039, -6.1024 -0.4528 0.0039, -6.0984 -0.4527 0.0039, -6.0984 -0.5118 0.0039, -5.8466 -0.7087 0.0039, -5.8466 -0.5118 0.0039, -5.7047 -0.7087 0.0039, -5.7047 -1.5354 0.0039, -5.7047 -1.2205 0.0039, -6.1024 -0.9646 0.0039, -6.0984 -0.9645 0.0039, -6.0984 -1.0236 0.0039, -5.7047 -0.9055 0.0039, -5.7047 -1.0236 0.0039, -5.8466 -1.0236 0.0039, -5.8466 -1.2205 0.0039, -6.1024 -1.4764 0.0039, -6.0984 -1.4763 0.0039, -6.0984 -1.5354 0.0039, -5.8466 -1.7323 0.0039, -5.8466 -1.5354 0.0039, -5.7047 -1.7323 0.0039, -6.1024 -1.9882 0.0039, -6.0984 -1.9881 0.0039, -6.0984 -2.0472 0.0039, -5.7047 -2.0472 0.0039, -5.7047 -2.2441 0.0039, -5.8466 -2.0472 0.0039, -5.8466 -2.2441 0.0039, -5.7047 -2.7559 0.0039, -5.3648 -2.3327 0.0039, -5.7047 -3.0709 0.0039, -5.3648 -3.0807 0.0039, -5.8466 -3.0807 0.0039, -6.1024 -2.5 0.0039, -6.0984 -2.4999 0.0039, -6.0984 -2.5591 0.0039, -5.7047 -2.3327 0.0039, -5.7047 -2.5591 0.0039, -5.8466 -2.5591 0.0039, -5.8466 -2.7559 0.0039, -6.1024 -3.0118 0.0039, -6.0984 -3.0117 0.0039, -6.1024 -3.0807 0.0039, -6.0984 -3.0709 0.0039, -5.8466 -3.0709 0.0039, -5.3648 -3.2579 0.0039, -5.3648 -5.5118 0.0039, -5.7047 -4.8031 0.0039, -5.7047 -5.1181 0.0039, -5.7047 -4.0945 0.0039, -5.7047 -3.7795 0.0039, -6.1024 -3.5236 0.0039, -6.0984 -3.5235 0.0039, -6.0984 -3.5827 0.0039, -6.0984 -3.3269 0.0039, -6.1024 -3.3268 0.0039, -6.0984 -3.2677 0.0039, -6.1024 -3.2579 0.0039, -5.8466 -3.2677 0.0039, -5.8466 -3.2579 0.0039, -5.7047 -3.2677 0.0039, -5.7047 -3.5827 0.0039, -5.8466 -3.5827 0.0039, -5.8466 -3.7795 0.0039, -6.1024 -4.0354 0.0039, -6.0984 -4.0354 0.0039, -6.0984 -4.0945 0.0039, -5.8466 -4.2913 0.0039, -5.8466 -4.0945 0.0039, -5.7047 -4.2913 0.0039, -6.1024 -4.5472 0.0039, -6.0984 -4.5472 0.0039, -6.0984 -4.6063 0.0039, -5.7047 -4.6063 0.0039, -5.8466 -4.6063 0.0039, -5.8466 -4.8031 0.0039, -6.1024 -5.0591 0.0039, -6.0984 -5.059 0.0039, -6.0984 -5.1181 0.0039, -5.8466 -5.1181 0.0039, -5.8466 -5.5118 0.0039, -6.1024 -5.5118 0.0039, -4.9016 -4.5472 0.0039, -5.3346 -4.5472 0.0039, -4.9409 -5.1142 0.0039, -4.9409 -5.5079 0.0039, -4.9016 -4.1142 0.0039, -4.8818 -5.5079 0.0039, -4.8819 -5.5118 0.0039, -5.3346 -4.1142 0.0039, -5.3346 -3.7598 0.0039, -4.9016 -3.7598 0.0039, -4.9016 -3.3268 0.0039, -5.3346 -3.3268 0.0039, -0.8465 -5.5079 0.0039, -0.7873 -5.5079 0.0039, -0.7874 -5.5118 0.0039, -1.3583 -5.5079 0.0039, -1.2991 -5.5079 0.0039, -1.2992 -5.5118 0.0039, -0.3346 -5.5079 0.0039, -0.2755 -5.5079 0.0039, -0.2756 -5.5118 0.0039, -1.1024 -5.5118 0.0039, -1.1024 -5.5079 0.0039, -1.0433 -5.5079 0.0039, -0.8465 -5.1142 0.0039, -1.0433 -5.1142 0.0039, -0.0787 -5.5118 0.0039, -0.0197 -5.5079 0.0039, -0.0788 -5.5079 0.0039, -1.8701 -5.5079 0.0039, -1.8109 -5.5079 0.0039, -1.811 -5.5118 0.0039, -0.2362 -4.3701 0.0039, -0.0197 -5.1142 0.0039, -1.0236 -4.3701 0.0039, -0.3346 -5.1142 0.0039, -1.3583 -5.1142 0.0039, -2.3622 -4.3701 0.0039, -1.5748 -4.3701 0.0039, -0.5315 -5.1142 0.0039, -1.6142 -5.5118 0.0039, -1.6143 -5.5079 0.0039, -1.5551 -5.5079 0.0039, -0.5906 -5.5118 0.0039, -0.5906 -5.5079 0.0039, -0.5315 -5.5079 0.0039, -1.8701 -5.1142 0.0039, -1.5551 -5.1142 0.0039, -2.126 -5.5118 0.0039, -2.1261 -5.5079 0.0039, -2.0669 -5.5079 0.0039, -2.5787 -5.1142 0.0039, -2.3228 -5.5079 0.0039, -2.3228 -5.5118 0.0039, -2.3819 -5.5079 0.0039, -2.5984 -5.5118 0.0039, -2.0669 -5.1142 0.0039, -2.3819 -5.1142 0.0039, -2.5787 -5.5079 0.0039, -2.5984 -5.5079 0.0039, -2.6378 -5.5118 0.0039, -2.6379 -5.5079 0.0039, 3.622 -3.189 0.0039, 2.8346 -3.189 0.0039, 2.8346 -3.2579 0.0039, 2.3622 1.2992 0.0039, 1.5748 1.2992 0.0039, 1.5748 1.5748 0.0039, 1.5748 2.4803 0.0039, 2.3622 2.4803 0.0039, 2.3622 1.5748 0.0039, 2.3622 -2.4803 0.0039, 1.5748 -2.4803 0.0039, 1.5748 -2.3327 0.0039, 1.3681 -2.3327 0.0039, 1.5748 -1.2992 0.0039, 2.3622 -1.2992 0.0039, 2.3622 -2.3327 0.0039, 0.2362 -2.3327 0.0039, 0.2362 -2.4803 0.0039, 0.2362 -1.2992 0.0039, 1.0236 -1.2992 0.0039, 1.0236 -2.3327 0.0039, 1.0236 -2.4803 0.0039, -0.2362 -3.2579 0.0039, -0.2362 -3.189 0.0039, -1.0236 -3.189 0.0039, -1.5748 -2.4803 0.0039, -1.0236 -2.3327 0.0039, -1.5748 -2.3327 0.0039, -1.5748 -1.2992 0.0039, -2.3622 -1.2992 0.0039, -2.5984 -2.3327 0.0039, -2.3622 -2.3327 0.0039, -2.3622 -2.4803 0.0039, -1.0236 -3.2579 0.0039, -1.5748 -3.2579 0.0039, -1.5748 -3.189 0.0039, -2.3622 -3.189 0.0039, -2.3622 -3.2579 0.0039, -4.5472 -1.752 0.0039, -4.5472 -2.185 0.0039, -4.7244 -2.3327 0.0039, -4.1142 -2.185 0.0039, -4.1142 -1.752 0.0039, -3.622 -1.2992 0.0039, -3.622 -2.3327 0.0039, -4.1142 -0.9646 0.0039, -4.5472 -0.9646 0.0039, -4.5472 -1.3976 0.0039, -4.1142 -2.9724 0.0039, -3.622 -2.4803 0.0039, -2.8346 -2.4803 0.0039, -4.1142 -2.5394 0.0039, -4.5472 -2.5394 0.0039, -4.7244 -3.0807 0.0039, -4.5472 -2.9724 0.0039, -2.8346 -2.3327 0.0039, -2.8346 -1.2992 0.0039, -2.8346 2.4803 0.0039, -3.622 2.4803 0.0039, -4.1142 2.185 0.0039, -4.1142 1.752 0.0039, -3.622 1.5748 0.0039, -4.5472 1.752 0.0039, -4.7244 1.5748 0.0039, -4.5472 2.185 0.0039, -4.1142 2.9724 0.0039, -4.5472 2.9724 0.0039, -4.5472 2.5394 0.0039, -4.1142 3.7598 0.0039, -4.1142 2.5394 0.0039, -4.5472 0.9646 0.0039, -4.7244 0.9055 0.0039, -4.5472 1.3976 0.0039, -4.1142 1.3976 0.0039, -4.1142 0.9646 0.0039, -3.622 1.2992 0.0039, -2.8346 -3.189 0.0039, -4.9016 -2.5394 0.0039, -4.9016 -2.9724 0.0039, -5.3346 -2.9724 0.0039, -5.3346 -2.5394 0.0039, -5.3346 -1.752 0.0039, -5.3346 -2.185 0.0039, -4.9016 -2.185 0.0039, -4.1142 -1.3976 0.0039, -4.9016 -1.752 0.0039, -5.3346 -1.3976 0.0039, -4.9016 -1.3976 0.0039, -4.9016 -0.9646 0.0039, -5.3346 -0.9646 0.0039, 6.0984 0.8268 0.0039, 6.1024 0.7677 0.0039, 6.0984 0.7676 0.0039, -4.1142 0.1772 0.0039, -4.9016 1.3976 0.0039, -4.9016 0.9646 0.0039, -5.3346 0.9646 0.0039, -5.3346 1.3976 0.0039, -5.3346 2.185 0.0039, -5.3346 1.752 0.0039, -4.9016 1.752 0.0039, -4.9016 2.185 0.0039, -5.3346 2.5394 0.0039, -4.9016 2.5394 0.0039, -4.9016 2.9724 0.0039, -5.3346 2.9724 0.0039, 6.0984 -4.8623 0.3189, 6.1024 -4.8622 0.3189, 6.1024 -5.0591 0.3189, 6.0984 -5.059 0.3189, -6.1024 -4.8622 0.3189, -6.0984 -4.8623 0.3189, -6.0984 -5.059 0.3189, -6.1024 -5.0591 0.3189, 6.0984 -4.3505 0.3189, 6.1024 -4.3504 0.3189, 6.1024 -4.5472 0.3189, 6.0984 -4.5472 0.3189, -6.1024 -4.3504 0.3189, -6.0984 -4.3505 0.3189, -6.0984 -4.5472 0.3189, -6.1024 -4.5472 0.3189, 6.0984 -3.8387 0.3189, 6.1024 -3.8386 0.3189, 6.1024 -4.0354 0.3189, 6.0984 -4.0354 0.3189, -6.1024 -3.8386 0.3189, -6.0984 -3.8387 0.3189, -6.0984 -4.0354 0.3189, -6.1024 -4.0354 0.3189, 6.0984 -3.3269 0.3189, 6.1024 -3.3268 0.3189, 6.1024 -3.5236 0.3189, 6.0984 -3.5235 0.3189, -6.1024 -3.3268 0.3189, -6.0984 -3.3269 0.3189, -6.0984 -3.5235 0.3189, -6.1024 -3.5236 0.3189, 6.0984 -2.815 0.3189, 6.1024 -2.815 0.3189, 6.1024 -3.0118 0.3189, 6.0984 -3.0117 0.3189, -6.1024 -2.815 0.3189, -6.0984 -2.815 0.3189, -6.0984 -3.0117 0.3189, -6.1024 -3.0118 0.3189, 6.0984 -2.3032 0.3189, 6.1024 -2.3031 0.3189, 6.1024 -2.5 0.3189, 6.0984 -2.4999 0.3189, -6.1024 -2.3031 0.3189, -6.0984 -2.3032 0.3189, -6.0984 -2.4999 0.3189, -6.1024 -2.5 0.3189, 6.0984 -1.7914 0.3189, 6.1024 -1.7913 0.3189, 6.1024 -1.9882 0.3189, 6.0984 -1.9881 0.3189, -6.1024 -1.7913 0.3189, -6.0984 -1.7914 0.3189, -6.0984 -1.9881 0.3189, -6.1024 -1.9882 0.3189, 6.0984 -1.2796 0.3189, 6.1024 -1.2795 0.3189, 6.1024 -1.4764 0.3189, 6.0984 -1.4763 0.3189, -6.1024 -1.2795 0.3189, -6.0984 -1.2796 0.3189, -6.0984 -1.4763 0.3189, -6.1024 -1.4764 0.3189, 6.0984 -0.7678 0.3189, 6.1024 -0.7677 0.3189, 6.1024 -0.9646 0.3189, 6.0984 -0.9645 0.3189, -6.1024 -0.7677 0.3189, -6.0984 -0.7678 0.3189, -6.0984 -0.9645 0.3189, -6.1024 -0.9646 0.3189, 6.0984 -0.256 0.3189, 6.1024 -0.2559 0.3189, 6.1024 -0.4528 0.3189, 6.0984 -0.4527 0.3189, -6.1024 -0.2559 0.3189, -6.0984 -0.256 0.3189, -6.0984 -0.4527 0.3189, -6.1024 -0.4528 0.3189, 6.0984 0.2558 0.3189, 6.1024 0.2559 0.3189, 6.1024 0.0591 0.3189, 6.0984 0.0591 0.3189, -6.1024 0.2559 0.3189, -6.0984 0.2558 0.3189, -6.0984 0.0591 0.3189, -6.1024 0.0591 0.3189, 6.0984 0.7676 0.3189, 6.1024 0.7677 0.3189, 6.1024 0.5709 0.3189, 6.0984 0.5709 0.3189, -6.1024 0.7677 0.3189, -6.0984 0.7676 0.3189, -6.0984 0.5709 0.3189, -6.1024 0.5709 0.3189, 6.0984 1.2794 0.3189, 6.1024 1.2795 0.3189, 6.1024 1.0827 0.3189, 6.0984 1.0828 0.3189, -6.1024 1.2795 0.3189, -6.0984 1.2794 0.3189, -6.0984 1.0828 0.3189, -6.1024 1.0827 0.3189, 6.0984 1.9881 0.3189, 6.1024 1.9882 0.3189, 6.1024 1.7913 0.3189, 6.0984 1.7914 0.3189, -6.1024 1.9882 0.3189, -6.0984 1.9881 0.3189, -6.0984 1.7914 0.3189, -6.1024 1.7913 0.3189, 6.0984 2.4999 0.3189, 6.1024 2.5 0.3189, 6.1024 2.3031 0.3189, 6.0984 2.3032 0.3189, -6.1024 2.5 0.3189, -6.0984 2.4999 0.3189, -6.0984 2.3032 0.3189, -6.1024 2.3031 0.3189, 6.0984 3.0117 0.3189, 6.1024 3.0118 0.3189, 6.1024 2.815 0.3189, 6.0984 2.815 0.3189, -6.1024 3.0118 0.3189, -6.0984 3.0117 0.3189, -6.0984 2.815 0.3189, -6.1024 2.815 0.3189, 6.0984 3.5235 0.3189, 6.1024 3.5236 0.3189, 6.1024 3.3268 0.3189, 6.0984 3.3269 0.3189, -6.1024 3.5236 0.3189, -6.0984 3.5235 0.3189, -6.0984 3.3269 0.3189, -6.1024 3.3268 0.3189, 6.0984 4.0354 0.3189, 6.1024 4.0354 0.3189, 6.1024 3.8386 0.3189, 6.0984 3.8387 0.3189, -6.1024 4.0354 0.3189, -6.0984 4.0354 0.3189, -6.0984 3.8387 0.3189, -6.1024 3.8386 0.3189, 6.0984 4.5472 0.3189, 6.1024 4.5472 0.3189, 6.1024 4.3504 0.3189, 6.0984 4.3505 0.3189, -6.1024 4.5472 0.3189, -6.0984 4.5472 0.3189, -6.0984 4.3505 0.3189, -6.1024 4.3504 0.3189, 5.0393 -5.5079 0.3189, 5.0394 -5.5118 0.3189, 4.8425 -5.5118 0.3189, 4.8426 -5.5079 0.3189, 5.0394 5.5118 0.3189, 5.0393 5.5079 0.3189, 4.8426 5.5079 0.3189, 4.8425 5.5118 0.3189, 4.5275 -5.5079 0.3189, 4.5276 -5.5118 0.3189, 4.3307 -5.5118 0.3189, 4.3308 -5.5079 0.3189, 4.5276 5.5118 0.3189, 4.5275 5.5079 0.3189, 4.3308 5.5079 0.3189, 4.3307 5.5118 0.3189, 4.0157 -5.5079 0.3189, 4.0157 -5.5118 0.3189, 3.8189 -5.5118 0.3189, 3.819 -5.5079 0.3189, 4.0157 5.5118 0.3189, 4.0157 5.5079 0.3189, 3.819 5.5079 0.3189, 3.8189 5.5118 0.3189, 3.5039 -5.5079 0.3189, 3.5039 -5.5118 0.3189, 3.3071 -5.5118 0.3189, 3.3072 -5.5079 0.3189, 3.5039 5.5118 0.3189, 3.5039 5.5079 0.3189, 3.3072 5.5079 0.3189, 3.3071 5.5118 0.3189, 2.992 -5.5079 0.3189, 2.9921 -5.5118 0.3189, 2.7953 -5.5118 0.3189, 2.7954 -5.5079 0.3189, 2.9921 5.5118 0.3189, 2.992 5.5079 0.3189, 2.7954 5.5079 0.3189, 2.7953 5.5118 0.3189, 2.4802 -5.5079 0.3189, 2.4803 -5.5118 0.3189, 2.2835 -5.5118 0.3189, 2.2835 -5.5079 0.3189, 2.4803 5.5118 0.3189, 2.4802 5.5079 0.3189, 2.2835 5.5079 0.3189, 2.2835 5.5118 0.3189, 1.9684 -5.5079 0.3189, 1.9685 -5.5118 0.3189, 1.7717 -5.5118 0.3189, 1.7717 -5.5079 0.3189, 1.9685 5.5118 0.3189, 1.9684 5.5079 0.3189, 1.7717 5.5079 0.3189, 1.7717 5.5118 0.3189, 1.4566 -5.5079 0.3189, 1.4567 -5.5118 0.3189, 1.2598 -5.5118 0.3189, 1.2599 -5.5079 0.3189, 1.4567 5.5118 0.3189, 1.4566 5.5079 0.3189, 1.2599 5.5079 0.3189, 1.2598 5.5118 0.3189, 0.9448 -5.5079 0.3189, 0.9449 -5.5118 0.3189, 0.748 -5.5118 0.3189, 0.7481 -5.5079 0.3189, 0.9449 5.5118 0.3189, 0.9448 5.5079 0.3189, 0.7481 5.5079 0.3189, 0.748 5.5118 0.3189, 0.433 -5.5079 0.3189, 0.4331 -5.5118 0.3189, 0.2362 -5.5118 0.3189, 0.2363 -5.5079 0.3189, 0.4331 5.5118 0.3189, 0.433 5.5079 0.3189, 0.2363 5.5079 0.3189, 0.2362 5.5118 0.3189, -0.0788 -5.5079 0.3189, -0.0787 -5.5118 0.3189, -0.2756 -5.5118 0.3189, -0.2755 -5.5079 0.3189, -0.0787 5.5118 0.3189, -0.0788 5.5079 0.3189, -0.2755 5.5079 0.3189, -0.2756 5.5118 0.3189, -0.5906 -5.5079 0.3189, -0.5906 -5.5118 0.3189, -0.7874 -5.5118 0.3189, -0.7873 -5.5079 0.3189, -0.5906 5.5118 0.3189, -0.5906 5.5079 0.3189, -0.7873 5.5079 0.3189, -0.7874 5.5118 0.3189, -1.1024 -5.5079 0.3189, -1.1024 -5.5118 0.3189, -1.2992 -5.5118 0.3189, -1.2991 -5.5079 0.3189, -1.1024 5.5118 0.3189, -1.1024 5.5079 0.3189, -1.2991 5.5079 0.3189, -1.2992 5.5118 0.3189, -1.6143 -5.5079 0.3189, -1.6142 -5.5118 0.3189, -1.811 -5.5118 0.3189, -1.8109 -5.5079 0.3189, -1.6142 5.5118 0.3189, -1.6143 5.5079 0.3189, -1.8109 5.5079 0.3189, -1.811 5.5118 0.3189, -2.1261 -5.5079 0.3189, -2.126 -5.5118 0.3189, -2.3228 -5.5118 0.3189, -2.3228 -5.5079 0.3189, -2.126 5.5118 0.3189, -2.1261 5.5079 0.3189, -2.3228 5.5079 0.3189, -2.3228 5.5118 0.3189, -2.6379 -5.5079 0.3189, -2.6378 -5.5118 0.3189, -2.8346 -5.5118 0.3189, -2.8346 -5.5079 0.3189, -2.6378 5.5118 0.3189, -2.6379 5.5079 0.3189, -2.8346 5.5079 0.3189, -2.8346 5.5118 0.3189, -3.1497 -5.5079 0.3189, -3.1496 -5.5118 0.3189, -3.3465 -5.5118 0.3189, -3.3464 -5.5079 0.3189, -3.1496 5.5118 0.3189, -3.1497 5.5079 0.3189, -3.3464 5.5079 0.3189, -3.3465 5.5118 0.3189, -3.6615 -5.5079 0.3189, -3.6614 -5.5118 0.3189, -3.8583 -5.5118 0.3189, -3.8582 -5.5079 0.3189, -3.6614 5.5118 0.3189, -3.6615 5.5079 0.3189, -3.8582 5.5079 0.3189, -3.8583 5.5118 0.3189, -4.1733 -5.5079 0.3189, -4.1732 -5.5118 0.3189, -4.3701 -5.5118 0.3189, -4.37 -5.5079 0.3189, -4.1732 5.5118 0.3189, -4.1733 5.5079 0.3189, -4.37 5.5079 0.3189, -4.3701 5.5118 0.3189, -4.6851 -5.5079 0.3189, -4.685 -5.5118 0.3189, -4.8819 -5.5118 0.3189, -4.8818 -5.5079 0.3189, 6.0984 5.059 0.3189, 6.1024 5.0591 0.3189, 6.1024 4.8622 0.3189, 6.0984 4.8623 0.3189, -4.685 5.5118 0.3189, -4.6851 5.5079 0.3189, -4.8818 5.5079 0.3189, -4.8819 5.5118 0.3189, -6.1024 5.0591 0.3189, -6.0984 5.059 0.3189, -6.0984 4.8623 0.3189, -6.1024 4.8622 0.3189, 6.1024 5.5118 0.3189, 6.1024 -5.5118 0.3189, -5.9055 5.5118 0.3189, -6.1024 -5.5118 0.3189, -6.1024 5.315 0.3189
            ]
        }
        coordIndex [
            0,1,2,-1,3,4,5,-1,6,7,8,-1,9,10,11,-1,12,13,14,-1,15,16,17,-1,18,19,20,-1,21,22,23,-1,24,25,26,-1,27,28,29,-1,30,31,32,-1,33,34,35,-1,36,37,38,-1,39,40,41,-1,42,43,44,-1,45,46,47,-1,48,49,50,-1,51,52,53,-1,54,55,56,-1,57,58,59,-1,60,61,62,-1,63,64,65,-1,66,67,68,-1,69,70,71,-1,72,73,74,-1,75,76,77,-1,78,79,80,-1,81,82,83,-1,84,85,86,-1,87,88,89,-1,90,91,89,-1,1,92,93,-1,92,1,94,-1,94,1,0,-1,94,0,95,-1,95,0,96,-1,95,96,93,-1,93,96,97,-1,93,97,1,-1,97,98,32,-1,32,98,99,-1,90,100,99,-1,99,100,101,-1,99,101,32,-1,102,103,0,-1,0,103,104,-1,90,89,100,-1,100,89,88,-1,100,88,105,-1,106,107,108,-1,108,107,109,-1,108,109,110,-1,110,109,111,-1,110,111,112,-1,112,111,113,-1,112,113,114,-1,114,113,115,-1,114,115,116,-1,116,115,117,-1,116,117,107,-1,118,119,120,-1,121,122,123,-1,120,119,124,-1,125,126,127,-1,128,129,130,-1,86,131,132,-1,133,134,135,-1,135,134,136,-1,135,136,127,-1,127,136,81,-1,127,81,125,-1,125,81,83,-1,137,138,139,-1,124,140,130,-1,130,140,136,-1,130,136,128,-1,128,136,134,-1,131,86,141,-1,141,86,85,-1,141,85,142,-1,143,144,145,-1,146,147,148,-1,139,146,137,-1,137,146,148,-1,137,148,149,-1,150,151,134,-1,148,150,149,-1,149,150,134,-1,149,134,152,-1,152,134,133,-1,152,133,145,-1,145,133,121,-1,145,121,143,-1,143,121,123,-1,153,154,155,-1,155,154,156,-1,156,157,158,-1,156,158,155,-1,155,158,159,-1,155,159,151,-1,151,159,134,-1,134,159,160,-1,134,160,161,-1,162,163,164,-1,165,166,71,-1,71,166,167,-1,168,169,170,-1,170,169,171,-1,172,173,174,-1,174,175,172,-1,172,175,176,-1,172,176,112,-1,177,178,179,-1,180,181,182,-1,183,184,185,-1,185,184,179,-1,185,179,186,-1,186,179,187,-1,186,187,188,-1,188,187,189,-1,188,189,190,-1,190,189,191,-1,190,191,192,-1,192,191,193,-1,194,195,196,-1,197,198,199,-1,182,197,180,-1,180,197,199,-1,180,199,200,-1,201,202,192,-1,199,201,200,-1,200,201,192,-1,200,192,203,-1,203,192,193,-1,203,193,196,-1,196,193,78,-1,196,78,194,-1,194,78,80,-1,204,205,206,-1,206,205,207,-1,206,207,202,-1,202,207,184,-1,202,184,192,-1,192,184,183,-1,166,208,167,-1,167,208,209,-1,167,209,210,-1,211,212,213,-1,213,212,214,-1,213,214,215,-1,215,214,216,-1,215,216,217,-1,218,219,220,-1,218,220,221,-1,221,220,222,-1,221,222,223,-1,224,225,226,-1,227,228,229,-1,230,231,222,-1,222,231,232,-1,222,232,223,-1,223,232,233,-1,223,233,234,-1,234,233,235,-1,234,235,187,-1,187,235,236,-1,187,236,189,-1,189,236,237,-1,189,237,231,-1,238,239,240,-1,226,238,224,-1,224,238,240,-1,224,240,241,-1,241,240,242,-1,77,227,75,-1,75,227,229,-1,75,229,230,-1,230,229,243,-1,230,243,231,-1,231,243,241,-1,231,241,189,-1,189,241,242,-1,189,242,191,-1,244,65,245,-1,245,65,246,-1,246,65,247,-1,246,247,248,-1,248,247,249,-1,248,249,250,-1,250,249,251,-1,250,251,252,-1,252,251,253,-1,252,253,254,-1,255,256,257,-1,258,259,249,-1,258,260,261,-1,261,260,262,-1,263,264,265,-1,266,267,268,-1,269,270,271,-1,272,273,274,-1,265,272,263,-1,263,272,274,-1,263,274,275,-1,276,277,261,-1,274,276,275,-1,275,276,261,-1,275,261,278,-1,278,261,262,-1,278,262,268,-1,268,262,255,-1,268,255,266,-1,266,255,257,-1,279,280,281,-1,271,279,269,-1,269,279,281,-1,269,281,277,-1,277,281,282,-1,277,282,261,-1,261,282,283,-1,261,283,284,-1,284,283,285,-1,284,285,234,-1,249,259,286,-1,286,259,287,-1,286,287,234,-1,234,287,288,-1,234,288,284,-1,289,290,291,-1,292,293,294,-1,294,293,295,-1,294,295,296,-1,296,295,234,-1,296,234,297,-1,297,234,285,-1,297,285,291,-1,291,285,72,-1,291,72,289,-1,289,72,74,-1,298,299,172,-1,299,298,300,-1,172,299,251,-1,251,299,301,-1,251,301,253,-1,253,301,302,-1,253,302,300,-1,303,304,305,-1,306,307,308,-1,308,307,309,-1,310,311,309,-1,309,311,312,-1,309,312,308,-1,112,313,314,-1,315,311,112,-1,112,311,310,-1,112,310,172,-1,172,310,316,-1,172,316,298,-1,312,303,308,-1,308,303,305,-1,308,305,317,-1,317,305,318,-1,317,318,314,-1,314,318,319,-1,314,319,112,-1,112,319,304,-1,112,304,315,-1,315,304,303,-1,70,320,71,-1,71,320,170,-1,71,170,165,-1,165,170,171,-1,165,171,321,-1,321,171,322,-1,321,322,163,-1,163,322,323,-1,163,323,164,-1,164,323,324,-1,164,324,5,-1,325,170,326,-1,326,170,320,-1,326,320,327,-1,327,320,328,-1,327,328,329,-1,329,328,330,-1,331,332,317,-1,317,332,333,-1,334,335,333,-1,333,335,336,-1,333,336,317,-1,337,170,338,-1,338,170,325,-1,338,325,339,-1,339,325,340,-1,339,340,341,-1,341,340,342,-1,313,112,343,-1,343,112,114,-1,343,114,344,-1,344,114,116,-1,344,116,345,-1,345,116,346,-1,345,346,347,-1,348,349,350,-1,350,349,351,-1,352,353,216,-1,216,353,354,-1,317,345,331,-1,331,345,347,-1,331,347,334,-1,334,347,341,-1,334,341,335,-1,335,341,342,-1,335,342,351,-1,351,342,329,-1,351,329,350,-1,350,329,330,-1,350,330,355,-1,355,330,356,-1,355,356,357,-1,210,358,167,-1,167,358,217,-1,167,217,71,-1,71,217,216,-1,71,216,69,-1,69,216,354,-1,69,354,359,-1,359,354,360,-1,359,360,361,-1,361,360,362,-1,298,306,300,-1,300,306,308,-1,300,308,253,-1,253,308,363,-1,336,349,317,-1,317,349,348,-1,317,348,308,-1,308,348,364,-1,308,364,363,-1,245,254,244,-1,244,254,253,-1,244,253,365,-1,365,253,366,-1,365,366,362,-1,362,366,367,-1,362,367,361,-1,356,361,357,-1,357,361,367,-1,357,367,363,-1,363,367,368,-1,363,368,253,-1,253,368,369,-1,253,369,366,-1,370,371,372,-1,373,374,375,-1,376,377,378,-1,378,377,379,-1,380,381,382,-1,383,384,385,-1,386,387,388,-1,388,387,389,-1,390,391,392,-1,393,394,395,-1,395,394,396,-1,395,396,397,-1,397,396,398,-1,397,398,399,-1,400,401,402,-1,403,404,405,-1,388,402,386,-1,386,402,406,-1,386,406,397,-1,397,406,407,-1,397,407,395,-1,408,409,410,-1,411,412,372,-1,370,372,413,-1,413,372,412,-1,413,412,414,-1,415,416,417,-1,382,403,380,-1,380,403,405,-1,380,405,401,-1,401,405,418,-1,401,418,402,-1,402,418,419,-1,420,421,422,-1,385,415,383,-1,383,415,417,-1,383,417,419,-1,419,417,423,-1,419,423,402,-1,402,423,411,-1,402,411,406,-1,406,411,372,-1,424,425,426,-1,392,424,390,-1,390,424,426,-1,390,426,427,-1,428,429,389,-1,426,428,427,-1,427,428,389,-1,427,389,430,-1,430,389,387,-1,430,387,410,-1,410,387,373,-1,410,373,408,-1,408,373,375,-1,431,432,433,-1,434,435,436,-1,437,438,439,-1,433,437,431,-1,431,437,439,-1,431,439,440,-1,441,442,389,-1,439,441,440,-1,440,441,389,-1,440,389,443,-1,443,389,429,-1,443,429,436,-1,436,429,420,-1,436,420,434,-1,434,420,422,-1,444,445,446,-1,446,445,221,-1,446,221,442,-1,442,221,223,-1,442,223,389,-1,258,249,260,-1,260,249,447,-1,260,447,448,-1,449,450,451,-1,68,449,66,-1,66,449,451,-1,66,451,452,-1,453,454,455,-1,456,457,458,-1,459,460,461,-1,455,459,453,-1,453,459,461,-1,453,461,462,-1,463,464,465,-1,461,463,462,-1,462,463,465,-1,462,465,64,-1,64,465,466,-1,64,466,65,-1,65,466,467,-1,65,467,247,-1,247,467,468,-1,247,468,249,-1,249,468,469,-1,249,469,447,-1,470,471,472,-1,451,448,452,-1,452,448,447,-1,452,447,473,-1,473,447,465,-1,473,465,474,-1,474,465,464,-1,474,464,472,-1,472,464,456,-1,472,456,470,-1,470,456,458,-1,475,476,477,-1,478,479,480,-1,480,479,481,-1,480,481,482,-1,483,484,485,-1,485,484,476,-1,485,476,486,-1,486,476,475,-1,486,475,478,-1,478,475,487,-1,478,487,479,-1,488,489,490,-1,491,492,487,-1,487,492,493,-1,494,495,496,-1,497,498,499,-1,499,498,500,-1,499,500,477,-1,477,500,501,-1,477,501,475,-1,502,503,504,-1,504,503,505,-1,504,505,492,-1,506,507,508,-1,509,487,510,-1,510,487,493,-1,510,493,508,-1,508,493,488,-1,508,488,506,-1,506,488,490,-1,511,512,513,-1,514,515,516,-1,516,515,479,-1,516,479,517,-1,517,479,487,-1,517,487,518,-1,518,487,509,-1,518,509,513,-1,513,509,494,-1,513,494,511,-1,511,494,496,-1,519,520,521,-1,521,520,522,-1,521,522,523,-1,524,525,526,-1,527,528,529,-1,530,531,529,-1,529,531,532,-1,529,532,527,-1,527,532,533,-1,534,535,536,-1,537,538,539,-1,539,538,504,-1,539,504,540,-1,541,542,543,-1,544,545,497,-1,497,545,546,-1,547,548,549,-1,550,551,552,-1,552,551,540,-1,552,540,546,-1,546,540,504,-1,546,504,497,-1,497,504,492,-1,497,492,498,-1,498,492,491,-1,526,541,524,-1,524,541,543,-1,524,543,551,-1,551,543,553,-1,551,553,540,-1,540,553,554,-1,555,556,557,-1,536,555,534,-1,534,555,557,-1,534,557,558,-1,558,557,559,-1,560,561,562,-1,563,564,565,-1,566,567,568,-1,562,563,560,-1,560,563,565,-1,560,565,569,-1,569,565,554,-1,549,566,547,-1,547,566,568,-1,547,568,570,-1,570,568,571,-1,572,573,574,-1,575,576,577,-1,578,579,580,-1,580,579,581,-1,582,583,584,-1,585,586,587,-1,574,582,572,-1,572,582,584,-1,572,584,588,-1,588,584,589,-1,590,591,592,-1,592,591,580,-1,592,580,587,-1,587,580,581,-1,587,581,585,-1,593,594,595,-1,553,558,554,-1,554,558,559,-1,554,559,569,-1,569,559,570,-1,569,570,589,-1,589,570,571,-1,589,571,588,-1,588,571,591,-1,588,591,596,-1,596,591,590,-1,596,590,595,-1,595,590,575,-1,595,575,593,-1,593,575,577,-1,597,598,599,-1,600,601,602,-1,62,600,60,-1,60,600,602,-1,60,602,603,-1,604,605,606,-1,607,608,609,-1,610,611,612,-1,612,611,520,-1,612,520,613,-1,527,550,528,-1,528,550,552,-1,528,552,519,-1,519,552,544,-1,519,544,520,-1,520,544,497,-1,520,497,613,-1,613,497,604,-1,613,604,614,-1,614,604,606,-1,614,606,609,-1,609,606,597,-1,609,597,607,-1,607,597,599,-1,602,605,603,-1,603,605,604,-1,603,604,615,-1,615,604,616,-1,615,616,212,-1,212,616,617,-1,212,617,497,-1,497,617,618,-1,497,618,604,-1,619,620,621,-1,621,620,622,-1,621,622,623,-1,209,624,625,-1,626,623,627,-1,627,623,628,-1,629,630,631,-1,632,633,634,-1,635,627,636,-1,636,627,628,-1,636,628,634,-1,634,628,57,-1,634,57,632,-1,632,57,59,-1,637,638,639,-1,631,637,629,-1,629,637,639,-1,629,639,635,-1,635,639,640,-1,635,640,627,-1,627,640,615,-1,627,615,625,-1,625,615,212,-1,625,212,209,-1,209,212,211,-1,209,211,210,-1,641,642,643,-1,644,645,646,-1,647,648,649,-1,650,651,209,-1,164,652,653,-1,626,624,623,-1,623,624,209,-1,623,209,621,-1,621,209,651,-1,621,651,654,-1,655,656,657,-1,658,659,660,-1,660,659,661,-1,660,661,662,-1,662,661,663,-1,208,162,209,-1,209,162,164,-1,209,164,650,-1,650,164,653,-1,650,653,659,-1,659,653,644,-1,659,644,661,-1,661,644,646,-1,664,665,666,-1,667,668,669,-1,670,671,654,-1,649,667,647,-1,647,667,669,-1,647,669,658,-1,658,669,672,-1,658,672,659,-1,659,672,673,-1,674,675,676,-1,643,664,641,-1,641,664,666,-1,641,666,673,-1,673,666,670,-1,673,670,659,-1,659,670,654,-1,677,678,679,-1,680,654,681,-1,681,654,671,-1,681,671,679,-1,679,671,655,-1,679,655,677,-1,677,655,657,-1,682,683,684,-1,685,686,687,-1,687,686,621,-1,687,621,688,-1,688,621,654,-1,688,654,689,-1,689,654,680,-1,689,680,684,-1,684,680,674,-1,684,674,682,-1,682,674,676,-1,690,662,691,-1,691,662,663,-1,691,663,692,-1,692,663,693,-1,692,693,694,-1,694,693,695,-1,696,697,698,-1,699,700,701,-1,702,703,164,-1,164,703,704,-1,705,706,707,-1,708,709,710,-1,710,709,711,-1,712,713,714,-1,714,713,715,-1,714,715,697,-1,716,717,718,-1,701,716,699,-1,699,716,718,-1,699,718,719,-1,720,698,713,-1,721,722,723,-1,696,698,724,-1,724,698,720,-1,724,720,704,-1,704,720,646,-1,704,646,164,-1,164,646,645,-1,164,645,652,-1,725,713,726,-1,726,713,712,-1,726,712,723,-1,723,712,54,-1,723,54,721,-1,721,54,56,-1,727,728,729,-1,730,731,732,-1,707,730,705,-1,705,730,732,-1,705,732,725,-1,725,732,733,-1,725,733,713,-1,713,733,734,-1,735,736,737,-1,718,720,719,-1,719,720,713,-1,719,713,738,-1,738,713,734,-1,738,734,737,-1,737,734,727,-1,737,727,735,-1,735,727,729,-1,739,740,741,-1,742,710,743,-1,743,710,744,-1,743,744,745,-1,746,747,748,-1,744,746,745,-1,745,746,748,-1,745,748,749,-1,749,748,750,-1,749,750,714,-1,714,750,751,-1,714,751,752,-1,752,751,747,-1,752,747,741,-1,741,747,746,-1,741,746,739,-1,753,754,755,-1,755,754,756,-1,755,756,757,-1,758,759,760,-1,760,759,746,-1,760,746,761,-1,761,746,744,-1,761,744,762,-1,762,744,763,-1,764,765,761,-1,761,765,758,-1,766,767,768,-1,756,769,757,-1,757,769,759,-1,757,759,770,-1,770,759,758,-1,770,758,771,-1,771,758,765,-1,771,765,772,-1,772,765,773,-1,772,773,768,-1,768,773,51,-1,768,51,766,-1,766,51,53,-1,774,775,776,-1,50,774,48,-1,48,774,776,-1,48,776,777,-1,777,776,778,-1,777,778,779,-1,780,781,782,-1,778,764,779,-1,779,764,761,-1,779,761,783,-1,783,761,762,-1,783,762,784,-1,784,762,785,-1,784,785,782,-1,782,785,45,-1,782,45,780,-1,780,45,47,-1,786,787,788,-1,763,744,789,-1,789,744,790,-1,789,790,788,-1,788,790,791,-1,788,791,786,-1,792,793,794,-1,795,796,744,-1,797,798,799,-1,799,798,791,-1,799,791,800,-1,800,791,790,-1,800,790,801,-1,801,790,744,-1,801,744,802,-1,803,804,805,-1,44,803,42,-1,42,803,805,-1,42,805,806,-1,806,805,807,-1,806,807,808,-1,809,810,811,-1,807,802,808,-1,808,802,744,-1,808,744,812,-1,812,744,796,-1,812,796,813,-1,813,796,814,-1,813,814,811,-1,811,814,39,-1,811,39,809,-1,809,39,41,-1,815,816,817,-1,794,793,817,-1,817,793,818,-1,817,818,815,-1,819,820,821,-1,822,823,824,-1,824,823,818,-1,824,818,825,-1,825,818,793,-1,825,793,826,-1,826,793,792,-1,826,792,827,-1,827,792,2,-1,827,2,828,-1,828,2,829,-1,828,829,821,-1,821,829,830,-1,821,830,819,-1,831,832,833,-1,833,832,830,-1,833,830,834,-1,834,830,829,-1,834,829,835,-1,835,829,2,-1,835,2,836,-1,836,2,1,-1,836,1,837,-1,97,32,1,-1,1,32,31,-1,1,31,838,-1,839,840,841,-1,38,839,36,-1,36,839,841,-1,36,841,842,-1,842,841,843,-1,842,843,844,-1,845,846,847,-1,843,837,844,-1,844,837,1,-1,844,1,848,-1,848,1,838,-1,848,838,849,-1,849,838,850,-1,849,850,847,-1,847,850,33,-1,847,33,845,-1,845,33,35,-1,851,852,853,-1,29,851,27,-1,27,851,853,-1,27,853,854,-1,854,853,855,-1,854,855,856,-1,857,858,101,-1,859,860,861,-1,855,30,856,-1,856,30,32,-1,856,32,862,-1,862,32,101,-1,862,101,863,-1,863,101,858,-1,863,858,864,-1,864,858,865,-1,864,865,861,-1,861,865,24,-1,861,24,859,-1,859,24,26,-1,866,867,868,-1,23,866,21,-1,21,866,868,-1,21,868,869,-1,869,868,870,-1,869,870,871,-1,872,873,874,-1,870,857,871,-1,871,857,101,-1,871,101,875,-1,875,101,876,-1,875,876,877,-1,877,876,878,-1,877,878,874,-1,874,878,18,-1,874,18,872,-1,872,18,20,-1,879,880,881,-1,881,880,882,-1,881,882,883,-1,884,885,886,-1,887,880,888,-1,888,880,879,-1,888,879,889,-1,889,879,890,-1,889,890,886,-1,886,890,15,-1,886,15,884,-1,884,15,17,-1,891,892,893,-1,893,892,894,-1,893,894,883,-1,883,894,895,-1,883,895,881,-1,896,897,898,-1,898,897,899,-1,900,901,896,-1,902,903,904,-1,905,906,907,-1,907,906,908,-1,907,908,909,-1,909,908,910,-1,909,910,911,-1,911,910,896,-1,911,896,912,-1,912,896,901,-1,912,901,913,-1,913,901,914,-1,913,914,904,-1,904,914,12,-1,904,12,902,-1,902,12,14,-1,915,916,917,-1,11,915,9,-1,9,915,917,-1,9,917,918,-1,918,917,919,-1,918,919,920,-1,921,922,923,-1,919,900,920,-1,920,900,896,-1,920,896,924,-1,924,896,898,-1,924,898,925,-1,925,898,926,-1,925,926,923,-1,923,926,6,-1,923,6,921,-1,921,6,8,-1,927,928,929,-1,899,897,930,-1,930,897,931,-1,930,931,929,-1,929,931,932,-1,929,932,927,-1,933,160,934,-1,934,160,935,-1,934,935,936,-1,85,130,142,-1,142,130,129,-1,142,129,132,-1,132,129,161,-1,132,161,86,-1,86,161,160,-1,86,160,937,-1,937,160,933,-1,938,939,936,-1,936,939,897,-1,936,897,934,-1,934,897,896,-1,934,896,940,-1,940,896,941,-1,940,941,937,-1,937,941,942,-1,937,942,86,-1,86,942,943,-1,86,943,896,-1,896,943,944,-1,896,944,941,-1,945,946,947,-1,948,949,950,-1,951,952,953,-1,954,955,956,-1,947,954,945,-1,945,954,956,-1,945,956,957,-1,957,956,958,-1,207,959,960,-1,960,959,961,-1,962,963,964,-1,965,966,967,-1,967,966,968,-1,969,970,958,-1,958,970,971,-1,958,971,957,-1,957,971,972,-1,973,974,975,-1,976,977,978,-1,979,970,980,-1,980,970,969,-1,980,969,975,-1,975,969,948,-1,975,948,973,-1,973,948,950,-1,981,982,983,-1,124,119,140,-1,140,119,970,-1,140,970,984,-1,985,986,987,-1,987,986,988,-1,964,981,962,-1,962,981,983,-1,962,983,979,-1,979,983,989,-1,979,989,970,-1,970,989,990,-1,970,990,984,-1,984,990,991,-1,990,987,991,-1,991,987,988,-1,991,988,992,-1,992,988,993,-1,992,993,994,-1,379,400,378,-1,378,400,402,-1,378,402,295,-1,295,402,995,-1,295,995,234,-1,234,995,996,-1,234,996,223,-1,223,996,997,-1,223,997,389,-1,998,477,999,-1,999,477,216,-1,999,216,1000,-1,1000,216,214,-1,1000,214,1001,-1,1001,214,212,-1,1001,212,1002,-1,1002,212,497,-1,1002,497,1003,-1,1003,497,499,-1,1003,499,998,-1,998,499,477,-1,1004,234,1005,-1,1005,234,187,-1,1005,187,1006,-1,1006,187,1007,-1,1006,1007,1008,-1,1008,1007,251,-1,1008,251,1009,-1,1009,251,249,-1,1009,249,1010,-1,1010,249,286,-1,1010,286,1004,-1,1004,286,234,-1,173,1011,1012,-1,1011,173,1013,-1,1013,173,172,-1,1013,172,1014,-1,1014,172,251,-1,1014,251,1015,-1,1015,251,1007,-1,1015,1007,1016,-1,1016,1007,187,-1,1016,187,1012,-1,1012,187,179,-1,1012,179,173,-1,173,179,178,-1,173,178,174,-1,960,966,207,-1,207,966,965,-1,207,965,184,-1,184,965,1017,-1,184,1017,179,-1,179,1017,1018,-1,1018,1019,179,-1,179,1019,118,-1,179,118,177,-1,177,118,1020,-1,177,1020,1021,-1,1021,1020,1022,-1,1021,1022,176,-1,176,1022,1023,-1,176,1023,112,-1,112,1023,1024,-1,112,1024,1025,-1,1025,1024,1026,-1,1025,1026,118,-1,118,1026,1027,-1,118,1027,1020,-1,953,976,951,-1,951,976,978,-1,951,978,968,-1,968,978,972,-1,968,972,967,-1,967,972,971,-1,967,971,1028,-1,1028,971,1029,-1,1028,1029,1019,-1,1019,1029,1030,-1,1019,1030,118,-1,118,1030,1031,-1,118,1031,119,-1,119,1031,1032,-1,119,1032,970,-1,1033,1034,1035,-1,1035,1034,1036,-1,1037,1038,1036,-1,1036,1038,1039,-1,1036,1039,1035,-1,1040,1041,100,-1,100,1041,1042,-1,1043,1044,1045,-1,1044,1043,1039,-1,1039,1043,1046,-1,1039,1046,1035,-1,1035,1046,1047,-1,1035,1047,1048,-1,1047,1049,1048,-1,1048,1049,1043,-1,1048,1043,118,-1,118,1043,1045,-1,118,1045,1025,-1,1025,1045,1050,-1,1025,1050,112,-1,112,1050,1051,-1,112,1051,1038,-1,5,4,164,-1,164,4,1052,-1,164,1052,1053,-1,1054,1053,1055,-1,1055,1053,1056,-1,1055,1056,1057,-1,1057,1056,1058,-1,1057,1058,1059,-1,1060,1061,710,-1,710,1061,1062,-1,742,749,710,-1,710,749,714,-1,710,714,708,-1,708,714,697,-1,708,697,1063,-1,1063,697,696,-1,1063,696,711,-1,711,696,702,-1,711,702,710,-1,710,702,164,-1,710,164,1060,-1,1060,164,1053,-1,1060,1053,1064,-1,1064,1053,1054,-1,1064,1054,1059,-1,1065,1066,1067,-1,1067,1066,1058,-1,1067,1058,1068,-1,1068,1058,1056,-1,1068,1056,1069,-1,324,168,5,-1,5,168,170,-1,5,170,3,-1,3,170,1069,-1,3,1069,1070,-1,1070,1069,1056,-1,908,893,910,-1,910,893,883,-1,910,883,896,-1,896,883,882,-1,896,882,86,-1,86,882,1048,-1,86,1048,84,-1,84,1048,118,-1,84,118,1071,-1,1071,118,120,-1,1072,1035,1073,-1,1073,1035,1048,-1,1073,1048,1074,-1,1074,1048,882,-1,1074,882,1075,-1,1075,882,880,-1,1075,880,1072,-1,1076,1077,880,-1,1072,880,1035,-1,1035,880,1077,-1,1035,1077,1078,-1,105,110,100,-1,100,110,112,-1,100,112,1040,-1,1040,112,1038,-1,1040,1038,1079,-1,1079,1038,1037,-1,1079,1037,1042,-1,1042,1037,1033,-1,1042,1033,100,-1,100,1033,1035,-1,100,1035,1080,-1,1080,1035,1078,-1,887,876,880,-1,880,876,101,-1,880,101,1076,-1,1076,101,1081,-1,1076,1081,1080,-1,1080,1081,1082,-1,1080,1082,100,-1,100,1082,1083,-1,100,1083,101,-1,101,1083,1084,-1,101,1084,1081,-1,365,352,244,-1,244,352,216,-1,244,216,65,-1,65,216,477,-1,65,477,63,-1,63,477,476,-1,63,476,1085,-1,1085,476,1086,-1,1085,1086,1087,-1,1065,1069,1066,-1,1066,1069,170,-1,1066,170,116,-1,116,170,337,-1,116,337,346,-1,91,96,89,-1,89,96,0,-1,89,0,87,-1,87,0,104,-1,87,104,106,-1,106,104,1088,-1,106,1088,107,-1,107,1088,102,-1,107,102,116,-1,116,102,0,-1,116,0,1066,-1,1066,0,2,-1,1089,1058,1090,-1,1090,1058,1066,-1,1090,1066,1091,-1,1091,1066,2,-1,1091,2,1092,-1,1092,2,792,-1,1092,792,1089,-1,1093,1094,792,-1,1089,792,1058,-1,1058,792,1094,-1,1058,1094,1095,-1,1095,1096,1058,-1,1058,1096,710,-1,1058,710,1059,-1,1059,710,1062,-1,1059,1062,1064,-1,794,795,792,-1,792,795,744,-1,792,744,1093,-1,1093,744,1097,-1,1093,1097,1096,-1,1096,1097,1098,-1,1096,1098,710,-1,710,1098,1099,-1,710,1099,744,-1,744,1099,1100,-1,744,1100,1097,-1,1101,371,1102,-1,1102,371,370,-1,1103,394,1104,-1,1104,394,393,-1,1105,8,1106,-1,1106,8,7,-1,1107,928,1108,-1,1108,928,927,-1,1109,416,1110,-1,1110,416,415,-1,1111,413,1112,-1,1112,413,414,-1,1113,11,1114,-1,1114,11,10,-1,1115,922,1116,-1,1116,922,921,-1,1117,404,1118,-1,1118,404,403,-1,1119,385,1120,-1,1120,385,384,-1,1121,14,1122,-1,1122,14,13,-1,1123,916,1124,-1,1124,916,915,-1,1125,377,1126,-1,1126,377,376,-1,1127,382,1128,-1,1128,382,381,-1,1129,906,1130,-1,1130,906,905,-1,1131,903,1132,-1,1132,903,902,-1,1133,290,1134,-1,1134,290,289,-1,1135,293,1136,-1,1136,293,292,-1,1137,17,1138,-1,1138,17,16,-1,1139,892,1140,-1,1140,892,891,-1,1141,280,1142,-1,1142,280,279,-1,1143,74,1144,-1,1144,74,73,-1,1145,20,1146,-1,1146,20,19,-1,1147,885,1148,-1,1148,885,884,-1,1149,273,1150,-1,1150,273,272,-1,1151,271,1152,-1,1152,271,270,-1,1153,23,1154,-1,1154,23,22,-1,1155,873,1156,-1,1156,873,872,-1,1157,267,1158,-1,1158,267,266,-1,1159,265,1160,-1,1160,265,264,-1,1161,26,1162,-1,1162,26,25,-1,1163,867,1164,-1,1164,867,866,-1,1165,450,1166,-1,1166,450,449,-1,1167,257,1168,-1,1168,257,256,-1,1169,29,1170,-1,1170,29,28,-1,1171,860,1172,-1,1172,860,859,-1,1173,471,1174,-1,1174,471,470,-1,1175,68,1176,-1,1176,68,67,-1,1177,35,1178,-1,1178,35,34,-1,1179,852,1180,-1,1180,852,851,-1,1181,460,1182,-1,1182,460,459,-1,1183,458,1184,-1,1184,458,457,-1,1185,38,1186,-1,1186,38,37,-1,1187,846,1188,-1,1188,846,845,-1,1189,1087,1190,-1,1190,1087,1086,-1,1191,455,1192,-1,1192,455,454,-1,1193,832,1194,-1,1194,832,831,-1,1195,840,1196,-1,1196,840,839,-1,1197,482,1198,-1,1198,482,481,-1,1199,484,1200,-1,1200,484,483,-1,1201,823,1202,-1,1202,823,822,-1,1203,820,1204,-1,1204,820,819,-1,1205,512,1206,-1,1206,512,511,-1,1207,515,1208,-1,1208,515,514,-1,1209,41,1210,-1,1210,41,40,-1,1211,816,1212,-1,1212,816,815,-1,1213,507,1214,-1,1214,507,506,-1,1215,496,1216,-1,1216,496,495,-1,1217,44,1218,-1,1218,44,43,-1,1219,810,1220,-1,1220,810,809,-1,1221,503,1222,-1,1222,503,502,-1,1223,490,1224,-1,1224,490,489,-1,1225,798,1226,-1,1226,798,797,-1,1227,804,1228,-1,1228,804,803,-1,1229,564,1230,-1,1230,564,563,-1,1231,538,1232,-1,1232,538,537,-1,1233,47,1234,-1,1234,47,46,-1,1235,787,1236,-1,1236,787,786,-1,1237,583,1238,-1,1238,583,582,-1,1239,562,1240,-1,1240,562,561,-1,1241,50,1242,-1,1242,50,49,-1,1243,781,1244,-1,1244,781,780,-1,1245,594,1246,-1,1246,594,593,-1,1247,574,1248,-1,1248,574,573,-1,1249,53,1250,-1,1250,53,52,-1,1251,775,1252,-1,1252,775,774,-1,1253,399,1254,-1,1254,399,398,-1,1255,375,1256,-1,1256,375,374,-1,1257,579,1258,-1,1258,579,578,-1,1259,567,1260,-1,1260,567,566,-1,1261,409,1262,-1,1262,409,408,-1,1263,392,1264,-1,1264,392,391,-1,1265,549,1266,-1,1266,549,548,-1,1267,556,1268,-1,1268,556,555,-1,1269,425,1270,-1,1270,425,424,-1,1271,422,1272,-1,1272,422,421,-1,1273,536,1274,-1,1274,536,535,-1,1275,542,1276,-1,1276,542,541,-1,1277,435,1278,-1,1278,435,434,-1,1279,433,1280,-1,1280,433,432,-1,1281,526,1282,-1,1282,526,525,-1,1283,533,1284,-1,1284,533,532,-1,1285,438,1286,-1,1286,438,437,-1,1287,445,1288,-1,1288,445,444,-1,1289,531,1290,-1,1290,531,530,-1,1291,523,1292,-1,1292,523,522,-1,1293,219,1294,-1,1294,219,218,-1,1295,77,1296,-1,1296,77,76,-1,1297,611,1298,-1,1298,611,610,-1,1299,608,1300,-1,1300,608,607,-1,1301,228,1302,-1,1302,228,227,-1,1303,226,1304,-1,1304,226,225,-1,1305,599,1306,-1,1306,599,598,-1,1307,601,1308,-1,1308,601,600,-1,1309,239,1310,-1,1310,239,238,-1,1311,80,1312,-1,1312,80,79,-1,1313,62,1314,-1,1314,62,61,-1,1315,638,1316,-1,1316,638,637,-1,1317,195,1318,-1,1318,195,194,-1,1319,182,1320,-1,1320,182,181,-1,1321,631,1322,-1,1322,631,630,-1,1323,633,1324,-1,1324,633,632,-1,1325,198,1326,-1,1326,198,197,-1,1327,205,1328,-1,1328,205,204,-1,1329,59,1330,-1,1330,59,58,-1,1331,620,1332,-1,1332,620,619,-1,1333,961,1334,-1,1334,961,959,-1,1335,953,1336,-1,1336,953,952,-1,1337,686,1338,-1,1338,686,685,-1,1339,683,1340,-1,1340,683,682,-1,1341,977,1342,-1,1342,977,976,-1,1343,947,1344,-1,1344,947,946,-1,1345,676,1346,-1,1346,676,675,-1,1347,678,1348,-1,1348,678,677,-1,1349,955,1350,-1,1350,955,954,-1,1351,950,1352,-1,1352,950,949,-1,1353,657,1354,-1,1354,657,656,-1,1355,665,1356,-1,1356,665,664,-1,1357,974,1358,-1,1358,974,973,-1,1359,964,1360,-1,1360,964,963,-1,1361,643,1362,-1,1362,643,642,-1,1363,668,1364,-1,1364,668,667,-1,1365,982,1366,-1,1366,982,981,-1,1367,986,1368,-1,1368,986,985,-1,1369,649,1370,-1,1370,649,648,-1,1371,690,1372,-1,1372,690,691,-1,1373,994,1374,-1,1374,994,993,-1,1375,83,1376,-1,1376,83,82,-1,1377,694,1378,-1,1378,694,695,-1,1379,717,1380,-1,1380,717,716,-1,1381,126,1382,-1,1382,126,125,-1,1383,123,1384,-1,1384,123,122,-1,1385,701,1386,-1,1386,701,700,-1,1387,736,1388,-1,1388,736,735,-1,1389,144,1390,-1,1390,144,143,-1,1391,139,1392,-1,1392,139,138,-1,1393,729,1394,-1,1394,729,728,-1,1395,731,1396,-1,1396,731,730,-1,1397,147,1398,-1,1398,147,146,-1,1399,154,1400,-1,1400,154,153,-1,1401,707,1402,-1,1402,707,706,-1,1403,722,1404,-1,1404,722,721,-1,1405,157,1406,-1,1406,157,156,-1,1407,939,1408,-1,1408,939,938,-1,1409,586,1410,-1,1410,586,585,-1,1411,577,1412,-1,1412,577,576,-1,1413,56,1414,-1,1414,56,55,-1,1415,740,1416,-1,1416,740,739,-1,1417,754,1418,-1,1418,754,753,-1,1419,767,1420,-1,1420,767,766,-1,577,1411,593,-1,593,1411,1246,-1,1238,582,1247,-1,1247,582,574,-1,562,1239,563,-1,563,1239,1230,-1,1222,502,1231,-1,1231,502,538,-1,455,1191,459,-1,459,1191,1182,-1,1174,470,1183,-1,1183,470,458,-1,484,1199,1086,-1,1086,1199,1190,-1,68,1175,449,-1,449,1175,1166,-1,1158,266,1167,-1,1167,266,257,-1,490,1223,506,-1,506,1223,1214,-1,1206,511,1215,-1,1215,511,496,-1,515,1207,481,-1,481,1207,1198,-1,581,1421,585,-1,585,1421,1410,-1,382,1127,403,-1,403,1127,1118,-1,1110,415,1119,-1,1119,415,385,-1,293,1135,376,-1,376,1135,1126,-1,413,1111,370,-1,370,1111,1102,-1,1422,396,1103,-1,1103,396,394,-1,265,1159,272,-1,272,1159,1150,-1,1142,279,1151,-1,1151,279,271,-1,74,1143,289,-1,289,1143,1134,-1,707,1401,730,-1,730,1401,1396,-1,1388,735,1393,-1,1393,735,729,-1,1380,716,1385,-1,1385,716,701,-1,769,1423,739,-1,739,1423,1416,-1,1404,721,1413,-1,1413,721,56,-1,599,1305,607,-1,607,1305,1300,-1,1292,522,1297,-1,1297,522,611,-1,1284,532,1289,-1,1289,532,531,-1,631,1321,637,-1,637,1321,1316,-1,1308,600,1313,-1,1313,600,62,-1,536,1273,555,-1,555,1273,1268,-1,1260,566,1265,-1,1265,566,549,-1,1421,581,1257,-1,1257,581,579,-1,1276,541,1281,-1,1281,541,526,-1,649,1369,667,-1,667,1369,1364,-1,1356,664,1361,-1,1361,664,643,-1,1348,677,1353,-1,1353,677,657,-1,1372,691,1377,-1,1377,691,694,-1,686,1337,619,-1,619,1337,1332,-1,1324,632,1329,-1,1329,632,59,-1,1340,682,1345,-1,1345,682,676,-1,47,1233,780,-1,780,1233,1244,-1,1252,774,1241,-1,1241,774,50,-1,1420,766,1249,-1,1249,766,53,-1,44,1217,803,-1,803,1217,1228,-1,1236,786,1225,-1,1225,786,798,-1,29,1169,851,-1,851,1169,1180,-1,1188,845,1177,-1,1177,845,35,-1,1196,839,1185,-1,1185,839,38,-1,23,1153,866,-1,866,1153,1164,-1,1172,859,1161,-1,1161,859,26,-1,823,1201,815,-1,815,1201,1212,-1,1220,809,1209,-1,1209,809,41,-1,1204,819,1193,-1,1193,819,832,-1,8,1105,921,-1,921,1105,1116,-1,1124,915,1113,-1,1113,915,11,-1,1132,902,1121,-1,1121,902,14,-1,932,1424,927,-1,927,1424,1108,-1,17,1137,884,-1,884,1137,1148,-1,1156,872,1145,-1,1145,872,20,-1,1140,891,1129,-1,1129,891,906,-1,1425,756,1417,-1,1417,756,754,-1,154,1399,156,-1,156,1399,1406,-1,1424,932,1407,-1,1407,932,939,-1,83,1375,125,-1,125,1375,1382,-1,1390,143,1383,-1,1383,143,123,-1,986,1367,993,-1,993,1367,1374,-1,139,1391,146,-1,146,1391,1398,-1,433,1279,437,-1,437,1279,1286,-1,1294,218,1287,-1,1287,218,445,-1,422,1271,434,-1,434,1271,1278,-1,77,1295,227,-1,227,1295,1302,-1,1310,238,1303,-1,1303,238,226,-1,396,1422,398,-1,398,1422,1254,-1,1262,408,1255,-1,1255,408,375,-1,392,1263,424,-1,424,1263,1270,-1,947,1343,954,-1,954,1343,1350,-1,1358,973,1351,-1,1351,973,950,-1,953,1335,976,-1,976,1335,1342,-1,964,1359,981,-1,981,1359,1366,-1,80,1311,194,-1,194,1311,1318,-1,1326,197,1319,-1,1319,197,182,-1,205,1327,959,-1,959,1327,1334,-1,769,756,1423,-1,1423,756,1425,-1,
        ]
    }
}
Shape{
    appearance Appearance {
        material  Material 	{
            diffuseColor 0.9686274509803922 0.8784313725490196 0.6
            specularColor 0.6784313725490196 0.615686274509804 0.4196078431372549
            ambientIntensity 0.8737
            transparency 0.0
            shininess 0.5
        }
    }
    geometry IndexedFaceSet {
        ccw TRUE
        solid FALSE
        coord DEF co Coordinate {
            point [
                -5.7047 4.8031 0.0039, -5.7047 4.8031 0.0, -5.7047 5.1181 0.0039, -5.7047 5.1181 0.0, -6.0984 5.1181 0.0039, -6.0984 5.1181 0.0, -6.0984 4.8031 0.0039, -6.0984 4.8031 0.0, -6.0984 5.059 0.0039, -6.0984 5.055 0.0, -6.0984 5.059 0.3189, -6.0984 5.055 0.3228, -6.0984 5.1181 0.3189, -6.0984 5.1181 0.3228, -6.0748 5.051 0.3228, -6.0748 5.051 0.0, -6.0529 5.0411 0.3228, -6.0529 5.0411 0.0, -6.0342 5.026 0.3228, -6.0342 5.026 0.0, -6.0199 5.0067 0.3228, -6.0199 5.0067 0.0, -6.0109 4.9845 0.3228, -6.0109 4.9845 0.0, -6.0079 4.9606 0.3228, -6.0079 4.9606 0.0, -6.0109 4.9368 0.3228, -6.0109 4.9368 0.0, -6.0199 4.9145 0.3228, -6.0199 4.9145 0.0, -6.0342 4.8952 0.3228, -6.0342 4.8952 0.0, -6.0529 4.8801 0.3228, -6.0529 4.8801 0.0, -6.0748 4.8703 0.3228, -6.0748 4.8703 0.0, -6.0984 4.8662 0.3228, -6.0984 4.8662 0.0, -6.0984 4.8031 0.3189, -6.0984 4.8031 0.3228, -6.0984 4.8623 0.3189, -6.0984 4.8623 0.0039, -4.626 5.1142 0.0039, -4.626 5.1142 0.0, -4.626 5.5079 0.0039, -4.626 5.5079 0.0, -4.9409 5.5079 0.0039, -4.9409 5.5079 0.0, -4.9409 5.1142 0.0039, -4.9409 5.1142 0.0, -4.6851 5.5079 0.0039, -4.6891 5.5079 0.0, -4.6851 5.5079 0.3189, -4.6891 5.5079 0.3228, -4.626 5.5079 0.3189, -4.626 5.5079 0.3228, -4.6931 5.4842 0.3228, -4.6931 5.4842 0.0, -4.703 5.4623 0.3228, -4.703 5.4623 0.0, -4.7181 5.4436 0.3228, -4.7181 5.4436 0.0, -4.7374 5.4293 0.3228, -4.7374 5.4293 0.0, -4.7596 5.4204 0.3228, -4.7596 5.4204 0.0, -4.7835 5.4173 0.3228, -4.7835 5.4173 0.0, -4.8073 5.4204 0.3228, -4.8073 5.4204 0.0, -4.8296 5.4293 0.3228, -4.8296 5.4293 0.0, -4.8489 5.4436 0.3228, -4.8489 5.4436 0.0, -4.8639 5.4623 0.3228, -4.8639 5.4623 0.0, -4.8738 5.4842 0.3228, -4.8738 5.4842 0.0, -4.8779 5.5079 0.3228, -4.8779 5.5079 0.0, -4.9409 5.5079 0.3189, -4.9409 5.5079 0.3228, -4.8818 5.5079 0.3189, -4.8818 5.5079 0.0039, 6.0984 5.1181 0.0039, 6.0984 5.1181 0.0, 5.7047 5.1181 0.0039, 5.7047 5.1181 0.0, 5.7047 4.8031 0.0039, 5.7047 4.8031 0.0, 6.0984 4.8031 0.0039, 6.0984 4.8031 0.0, 6.0984 4.8662 0.3228, 6.0984 4.8662 0.0, 6.0748 4.8703 0.3228, 6.0748 4.8703 0.0, 6.0529 4.8801 0.3228, 6.0529 4.8801 0.0, 6.0342 4.8952 0.3228, 6.0342 4.8952 0.0, 6.0199 4.9145 0.3228, 6.0199 4.9145 0.0, 6.0109 4.9368 0.3228, 6.0109 4.9368 0.0, 6.0079 4.9606 0.3228, 6.0079 4.9606 0.0, 6.0109 4.9845 0.3228, 6.0109 4.9845 0.0, 6.0199 5.0067 0.3228, 6.0199 5.0067 0.0, 6.0342 5.026 0.3228, 6.0342 5.026 0.0, 6.0529 5.0411 0.3228, 6.0529 5.0411 0.0, 6.0748 5.051 0.3228, 6.0748 5.051 0.0, 6.0984 5.055 0.3228, 6.0984 5.055 0.0, 6.0984 5.1181 0.3189, 6.0984 5.1181 0.3228, 6.0984 5.059 0.3189, 6.0984 5.059 0.0039, 6.0984 4.8623 0.0039, 6.0984 4.8623 0.3189, 6.0984 4.8031 0.3189, 6.0984 4.8031 0.3228, -4.626 -5.5079 0.0039, -4.626 -5.5079 0.0, -4.626 -5.1142 0.0039, -4.626 -5.1142 0.0, -4.9409 -5.1142 0.0039, -4.9409 -5.1142 0.0, -4.9409 -5.5079 0.0039, -4.9409 -5.5079 0.0, -4.8779 -5.5079 0.3228, -4.8779 -5.5079 0.0, -4.8738 -5.4842 0.3228, -4.8738 -5.4842 0.0, -4.8639 -5.4623 0.3228, -4.8639 -5.4623 0.0, -4.8489 -5.4436 0.3228, -4.8489 -5.4436 0.0, -4.8296 -5.4293 0.3228, -4.8296 -5.4293 0.0, -4.8073 -5.4204 0.3228, -4.8073 -5.4204 0.0, -4.7835 -5.4173 0.3228, -4.7835 -5.4173 0.0, -4.7596 -5.4204 0.3228, -4.7596 -5.4204 0.0, -4.7374 -5.4293 0.3228, -4.7374 -5.4293 0.0, -4.7181 -5.4436 0.3228, -4.7181 -5.4436 0.0, -4.703 -5.4623 0.3228, -4.703 -5.4623 0.0, -4.6931 -5.4842 0.3228, -4.6931 -5.4842 0.0, -4.6891 -5.5079 0.3228, -4.6891 -5.5079 0.0, -4.626 -5.5079 0.3189, -4.626 -5.5079 0.3228, -4.6851 -5.5079 0.3189, -4.6851 -5.5079 0.0039, -4.8818 -5.5079 0.0039, -4.8818 -5.5079 0.3189, -4.9409 -5.5079 0.3189, -4.9409 -5.5079 0.3228, -4.1142 5.1142 0.0039, -4.1142 5.1142 0.0, -4.1142 5.5079 0.0039, -4.1142 5.5079 0.0, -4.4291 5.5079 0.0039, -4.4291 5.5079 0.0, -4.4291 5.1142 0.0039, -4.4291 5.1142 0.0, -4.1733 5.5079 0.0039, -4.1772 5.5079 0.0, -4.1733 5.5079 0.3189, -4.1772 5.5079 0.3228, -4.1142 5.5079 0.3189, -4.1142 5.5079 0.3228, -4.1813 5.4842 0.3228, -4.1813 5.4842 0.0, -4.1912 5.4623 0.3228, -4.1912 5.4623 0.0, -4.2062 5.4436 0.3228, -4.2062 5.4436 0.0, -4.2256 5.4293 0.3228, -4.2256 5.4293 0.0, -4.2478 5.4204 0.3228, -4.2478 5.4204 0.0, -4.2717 5.4173 0.3228, -4.2717 5.4173 0.0, -4.2955 5.4204 0.3228, -4.2955 5.4204 0.0, -4.3178 5.4293 0.3228, -4.3178 5.4293 0.0, -4.3371 5.4436 0.3228, -4.3371 5.4436 0.0, -4.3521 5.4623 0.3228, -4.3521 5.4623 0.0, -4.362 5.4842 0.3228, -4.362 5.4842 0.0, -4.3661 5.5079 0.3228, -4.3661 5.5079 0.0, -4.4291 5.5079 0.3189, -4.4291 5.5079 0.3228, -4.37 5.5079 0.3189, -4.37 5.5079 0.0039, -4.1142 -5.5079 0.0039, -4.1142 -5.5079 0.0, -4.1142 -5.1142 0.0039, -4.1142 -5.1142 0.0, -4.4291 -5.1142 0.0039, -4.4291 -5.1142 0.0, -4.4291 -5.5079 0.0039, -4.4291 -5.5079 0.0, -4.3661 -5.5079 0.3228, -4.3661 -5.5079 0.0, -4.362 -5.4842 0.3228, -4.362 -5.4842 0.0, -4.3521 -5.4623 0.3228, -4.3521 -5.4623 0.0, -4.3371 -5.4436 0.3228, -4.3371 -5.4436 0.0, -4.3178 -5.4293 0.3228, -4.3178 -5.4293 0.0, -4.2955 -5.4204 0.3228, -4.2955 -5.4204 0.0, -4.2717 -5.4173 0.3228, -4.2717 -5.4173 0.0, -4.2478 -5.4204 0.3228, -4.2478 -5.4204 0.0, -4.2256 -5.4293 0.3228, -4.2256 -5.4293 0.0, -4.2062 -5.4436 0.3228, -4.2062 -5.4436 0.0, -4.1912 -5.4623 0.3228, -4.1912 -5.4623 0.0, -4.1813 -5.4842 0.3228, -4.1813 -5.4842 0.0, -4.1772 -5.5079 0.3228, -4.1772 -5.5079 0.0, -4.1142 -5.5079 0.3189, -4.1142 -5.5079 0.3228, -4.1733 -5.5079 0.3189, -4.1733 -5.5079 0.0039, -4.37 -5.5079 0.0039, -4.37 -5.5079 0.3189, -4.4291 -5.5079 0.3189, -4.4291 -5.5079 0.3228, -3.6024 5.1142 0.0039, -3.6024 5.1142 0.0, -3.6024 5.5079 0.0039, -3.6024 5.5079 0.0, -3.9173 5.5079 0.0039, -3.9173 5.5079 0.0, -3.9173 5.1142 0.0039, -3.9173 5.1142 0.0, -3.6615 5.5079 0.0039, -3.6654 5.5079 0.0, -3.6615 5.5079 0.3189, -3.6654 5.5079 0.3228, -3.6024 5.5079 0.3189, -3.6024 5.5079 0.3228, -3.6695 5.4842 0.3228, -3.6695 5.4842 0.0, -3.6794 5.4623 0.3228, -3.6794 5.4623 0.0, -3.6944 5.4436 0.3228, -3.6944 5.4436 0.0, -3.7137 5.4293 0.3228, -3.7137 5.4293 0.0, -3.736 5.4204 0.3228, -3.736 5.4204 0.0, -3.7598 5.4173 0.3228, -3.7598 5.4173 0.0, -3.7837 5.4204 0.3228, -3.7837 5.4204 0.0, -3.8059 5.4293 0.3228, -3.8059 5.4293 0.0, -3.8252 5.4436 0.3228, -3.8252 5.4436 0.0, -3.8403 5.4623 0.3228, -3.8403 5.4623 0.0, -3.8502 5.4842 0.3228, -3.8502 5.4842 0.0, -3.8542 5.5079 0.3228, -3.8542 5.5079 0.0, -3.9173 5.5079 0.3189, -3.9173 5.5079 0.3228, -3.8582 5.5079 0.3189, -3.8582 5.5079 0.0039, -3.6024 -5.5079 0.0039, -3.6024 -5.5079 0.0, -3.6024 -5.1142 0.0039, -3.6024 -5.1142 0.0, -3.9173 -5.1142 0.0039, -3.9173 -5.1142 0.0, -3.9173 -5.5079 0.0039, -3.9173 -5.5079 0.0, -3.8542 -5.5079 0.3228, -3.8542 -5.5079 0.0, -3.8502 -5.4842 0.3228, -3.8502 -5.4842 0.0, -3.8403 -5.4623 0.3228, -3.8403 -5.4623 0.0, -3.8252 -5.4436 0.3228, -3.8252 -5.4436 0.0, -3.8059 -5.4293 0.3228, -3.8059 -5.4293 0.0, -3.7837 -5.4204 0.3228, -3.7837 -5.4204 0.0, -3.7598 -5.4173 0.3228, -3.7598 -5.4173 0.0, -3.736 -5.4204 0.3228, -3.736 -5.4204 0.0, -3.7137 -5.4293 0.3228, -3.7137 -5.4293 0.0, -3.6944 -5.4436 0.3228, -3.6944 -5.4436 0.0, -3.6794 -5.4623 0.3228, -3.6794 -5.4623 0.0, -3.6695 -5.4842 0.3228, -3.6695 -5.4842 0.0, -3.6654 -5.5079 0.3228, -3.6654 -5.5079 0.0, -3.6024 -5.5079 0.3189, -3.6024 -5.5079 0.3228, -3.6615 -5.5079 0.3189, -3.6615 -5.5079 0.0039, -3.8582 -5.5079 0.0039, -3.8582 -5.5079 0.3189, -3.9173 -5.5079 0.3189, -3.9173 -5.5079 0.3228, -3.0906 5.1142 0.0039, -3.0906 5.1142 0.0, -3.0906 5.5079 0.0039, -3.0906 5.5079 0.0, -3.4055 5.5079 0.0039, -3.4055 5.5079 0.0, -3.4055 5.1142 0.0039, -3.4055 5.1142 0.0, -3.1497 5.5079 0.0039, -3.1536 5.5079 0.0, -3.1497 5.5079 0.3189, -3.1536 5.5079 0.3228, -3.0906 5.5079 0.3189, -3.0906 5.5079 0.3228, -3.1577 5.4842 0.3228, -3.1577 5.4842 0.0, -3.1675 5.4623 0.3228, -3.1675 5.4623 0.0, -3.1826 5.4436 0.3228, -3.1826 5.4436 0.0, -3.2019 5.4293 0.3228, -3.2019 5.4293 0.0, -3.2242 5.4204 0.3228, -3.2242 5.4204 0.0, -3.248 5.4173 0.3228, -3.248 5.4173 0.0, -3.2719 5.4204 0.3228, -3.2719 5.4204 0.0, -3.2941 5.4293 0.3228, -3.2941 5.4293 0.0, -3.3134 5.4436 0.3228, -3.3134 5.4436 0.0, -3.3285 5.4623 0.3228, -3.3285 5.4623 0.0, -3.3384 5.4842 0.3228, -3.3384 5.4842 0.0, -3.3424 5.5079 0.3228, -3.3424 5.5079 0.0, -3.4055 5.5079 0.3189, -3.4055 5.5079 0.3228, -3.3464 5.5079 0.3189, -3.3464 5.5079 0.0039, -3.0906 -5.5079 0.0039, -3.0906 -5.5079 0.0, -3.0906 -5.1142 0.0039, -3.0906 -5.1142 0.0, -3.4055 -5.1142 0.0039, -3.4055 -5.1142 0.0, -3.4055 -5.5079 0.0039, -3.4055 -5.5079 0.0, -3.3424 -5.5079 0.3228, -3.3424 -5.5079 0.0, -3.3384 -5.4842 0.3228, -3.3384 -5.4842 0.0, -3.3285 -5.4623 0.3228, -3.3285 -5.4623 0.0, -3.3134 -5.4436 0.3228, -3.3134 -5.4436 0.0, -3.2941 -5.4293 0.3228, -3.2941 -5.4293 0.0, -3.2719 -5.4204 0.3228, -3.2719 -5.4204 0.0, -3.248 -5.4173 0.3228, -3.248 -5.4173 0.0, -3.2242 -5.4204 0.3228, -3.2242 -5.4204 0.0, -3.2019 -5.4293 0.3228, -3.2019 -5.4293 0.0, -3.1826 -5.4436 0.3228, -3.1826 -5.4436 0.0, -3.1675 -5.4623 0.3228, -3.1675 -5.4623 0.0, -3.1577 -5.4842 0.3228, -3.1577 -5.4842 0.0, -3.1536 -5.5079 0.3228, -3.1536 -5.5079 0.0, -3.0906 -5.5079 0.3189, -3.0906 -5.5079 0.3228, -3.1497 -5.5079 0.3189, -3.1497 -5.5079 0.0039, -3.3464 -5.5079 0.0039, -3.3464 -5.5079 0.3189, -3.4055 -5.5079 0.3189, -3.4055 -5.5079 0.3228, -2.5787 5.1142 0.0039, -2.5787 5.1142 0.0, -2.5787 5.5079 0.0039, -2.5787 5.5079 0.0, -2.8937 5.5079 0.0039, -2.8937 5.5079 0.0, -2.8937 5.1142 0.0039, -2.8937 5.1142 0.0, -2.6379 5.5079 0.0039, -2.6418 5.5079 0.0, -2.6379 5.5079 0.3189, -2.6418 5.5079 0.3228, -2.5787 5.5079 0.3189, -2.5787 5.5079 0.3228, -2.6459 5.4842 0.3228, -2.6459 5.4842 0.0, -2.6557 5.4623 0.3228, -2.6557 5.4623 0.0, -2.6708 5.4436 0.3228, -2.6708 5.4436 0.0, -2.6901 5.4293 0.3228, -2.6901 5.4293 0.0, -2.7124 5.4204 0.3228, -2.7124 5.4204 0.0, -2.7362 5.4173 0.3228, -2.7362 5.4173 0.0, -2.76 5.4204 0.3228, -2.76 5.4204 0.0, -2.7823 5.4293 0.3228, -2.7823 5.4293 0.0, -2.8016 5.4436 0.3228, -2.8016 5.4436 0.0, -2.8167 5.4623 0.3228, -2.8167 5.4623 0.0, -2.8266 5.4842 0.3228, -2.8266 5.4842 0.0, -2.8306 5.5079 0.3228, -2.8306 5.5079 0.0, -2.8937 5.5079 0.3189, -2.8937 5.5079 0.3228, -2.8346 5.5079 0.3189, -2.8346 5.5079 0.0039, -2.5787 -5.5079 0.0039, -2.5787 -5.5079 0.0, -2.5787 -5.1142 0.0039, -2.5787 -5.1142 0.0, -2.8937 -5.1142 0.0039, -2.8937 -5.1142 0.0, -2.8937 -5.5079 0.0039, -2.8937 -5.5079 0.0, -2.8306 -5.5079 0.3228, -2.8306 -5.5079 0.0, -2.8266 -5.4842 0.3228, -2.8266 -5.4842 0.0, -2.8167 -5.4623 0.3228, -2.8167 -5.4623 0.0, -2.8016 -5.4436 0.3228, -2.8016 -5.4436 0.0, -2.7823 -5.4293 0.3228, -2.7823 -5.4293 0.0, -2.76 -5.4204 0.3228, -2.76 -5.4204 0.0, -2.7362 -5.4173 0.3228, -2.7362 -5.4173 0.0, -2.7124 -5.4204 0.3228, -2.7124 -5.4204 0.0, -2.6901 -5.4293 0.3228, -2.6901 -5.4293 0.0, -2.6708 -5.4436 0.3228, -2.6708 -5.4436 0.0, -2.6557 -5.4623 0.3228, -2.6557 -5.4623 0.0, -2.6459 -5.4842 0.3228, -2.6459 -5.4842 0.0, -2.6418 -5.5079 0.3228, -2.6418 -5.5079 0.0, -2.5787 -5.5079 0.3189, -2.5787 -5.5079 0.3228, -2.6379 -5.5079 0.3189, -2.6379 -5.5079 0.0039, -2.8346 -5.5079 0.0039, -2.8346 -5.5079 0.3189, -2.8937 -5.5079 0.3189, -2.8937 -5.5079 0.3228, -2.0669 5.1142 0.0039, -2.0669 5.1142 0.0, -2.0669 5.5079 0.0039, -2.0669 5.5079 0.0, -2.3819 5.5079 0.0039, -2.3819 5.5079 0.0, -2.3819 5.1142 0.0039, -2.3819 5.1142 0.0, -2.1261 5.5079 0.0039, -2.13 5.5079 0.0, -2.1261 5.5079 0.3189, -2.13 5.5079 0.3228, -2.0669 5.5079 0.3189, -2.0669 5.5079 0.3228, -2.134 5.4842 0.3228, -2.134 5.4842 0.0, -2.1439 5.4623 0.3228, -2.1439 5.4623 0.0, -2.159 5.4436 0.3228, -2.159 5.4436 0.0, -2.1783 5.4293 0.3228, -2.1783 5.4293 0.0, -2.2006 5.4204 0.3228, -2.2006 5.4204 0.0, -2.2244 5.4173 0.3228, -2.2244 5.4173 0.0, -2.2482 5.4204 0.3228, -2.2482 5.4204 0.0, -2.2705 5.4293 0.3228, -2.2705 5.4293 0.0, -2.2898 5.4436 0.3228, -2.2898 5.4436 0.0, -2.3049 5.4623 0.3228, -2.3049 5.4623 0.0, -2.3148 5.4842 0.3228, -2.3148 5.4842 0.0, -2.3188 5.5079 0.3228, -2.3188 5.5079 0.0, -2.3819 5.5079 0.3189, -2.3819 5.5079 0.3228, -2.3228 5.5079 0.3189, -2.3228 5.5079 0.0039, -2.0669 -5.5079 0.0039, -2.0669 -5.5079 0.0, -2.0669 -5.1142 0.0039, -2.0669 -5.1142 0.0, -2.3819 -5.1142 0.0039, -2.3819 -5.1142 0.0, -2.3819 -5.5079 0.0039, -2.3819 -5.5079 0.0, -2.3188 -5.5079 0.3228, -2.3188 -5.5079 0.0, -2.3148 -5.4842 0.3228, -2.3148 -5.4842 0.0, -2.3049 -5.4623 0.3228, -2.3049 -5.4623 0.0, -2.2898 -5.4436 0.3228, -2.2898 -5.4436 0.0, -2.2705 -5.4293 0.3228, -2.2705 -5.4293 0.0, -2.2482 -5.4204 0.3228, -2.2482 -5.4204 0.0, -2.2244 -5.4173 0.3228, -2.2244 -5.4173 0.0, -2.2006 -5.4204 0.3228, -2.2006 -5.4204 0.0, -2.1783 -5.4293 0.3228, -2.1783 -5.4293 0.0, -2.159 -5.4436 0.3228, -2.159 -5.4436 0.0, -2.1439 -5.4623 0.3228, -2.1439 -5.4623 0.0, -2.134 -5.4842 0.3228, -2.134 -5.4842 0.0, -2.13 -5.5079 0.3228, -2.13 -5.5079 0.0, -2.0669 -5.5079 0.3189, -2.0669 -5.5079 0.3228, -2.1261 -5.5079 0.3189, -2.1261 -5.5079 0.0039, -2.3228 -5.5079 0.0039, -2.3228 -5.5079 0.3189, -2.3819 -5.5079 0.3189, -2.3819 -5.5079 0.3228, -1.5551 5.1142 0.0039, -1.5551 5.1142 0.0, -1.5551 5.5079 0.0039, -1.5551 5.5079 0.0, -1.8701 5.5079 0.0039, -1.8701 5.5079 0.0, -1.8701 5.1142 0.0039, -1.8701 5.1142 0.0, -1.6143 5.5079 0.0039, -1.6182 5.5079 0.0, -1.6143 5.5079 0.3189, -1.6182 5.5079 0.3228, -1.5551 5.5079 0.3189, -1.5551 5.5079 0.3228, -1.6222 5.4842 0.3228, -1.6222 5.4842 0.0, -1.6321 5.4623 0.3228, -1.6321 5.4623 0.0, -1.6472 5.4436 0.3228, -1.6472 5.4436 0.0, -1.6665 5.4293 0.3228, -1.6665 5.4293 0.0, -1.6888 5.4204 0.3228, -1.6888 5.4204 0.0, -1.7126 5.4173 0.3228, -1.7126 5.4173 0.0, -1.7364 5.4204 0.3228, -1.7364 5.4204 0.0, -1.7587 5.4293 0.3228, -1.7587 5.4293 0.0, -1.778 5.4436 0.3228, -1.778 5.4436 0.0, -1.7931 5.4623 0.3228, -1.7931 5.4623 0.0, -1.803 5.4842 0.3228, -1.803 5.4842 0.0, -1.807 5.5079 0.3228, -1.807 5.5079 0.0, -1.8701 5.5079 0.3189, -1.8701 5.5079 0.3228, -1.8109 5.5079 0.3189, -1.8109 5.5079 0.0039, -1.5551 -5.5079 0.0039, -1.5551 -5.5079 0.0, -1.5551 -5.1142 0.0039, -1.5551 -5.1142 0.0, -1.8701 -5.1142 0.0039, -1.8701 -5.1142 0.0, -1.8701 -5.5079 0.0039, -1.8701 -5.5079 0.0, -1.807 -5.5079 0.3228, -1.807 -5.5079 0.0, -1.803 -5.4842 0.3228, -1.803 -5.4842 0.0, -1.7931 -5.4623 0.3228, -1.7931 -5.4623 0.0, -1.778 -5.4436 0.3228, -1.778 -5.4436 0.0, -1.7587 -5.4293 0.3228, -1.7587 -5.4293 0.0, -1.7364 -5.4204 0.3228, -1.7364 -5.4204 0.0, -1.7126 -5.4173 0.3228, -1.7126 -5.4173 0.0, -1.6888 -5.4204 0.3228, -1.6888 -5.4204 0.0, -1.6665 -5.4293 0.3228, -1.6665 -5.4293 0.0, -1.6472 -5.4436 0.3228, -1.6472 -5.4436 0.0, -1.6321 -5.4623 0.3228, -1.6321 -5.4623 0.0, -1.6222 -5.4842 0.3228, -1.6222 -5.4842 0.0, -1.6182 -5.5079 0.3228, -1.6182 -5.5079 0.0, -1.5551 -5.5079 0.3189, -1.5551 -5.5079 0.3228, -1.6143 -5.5079 0.3189, -1.6143 -5.5079 0.0039, -1.8109 -5.5079 0.0039, -1.8109 -5.5079 0.3189, -1.8701 -5.5079 0.3189, -1.8701 -5.5079 0.3228, -1.0433 5.1142 0.0039, -1.0433 5.1142 0.0, -1.0433 5.5079 0.0039, -1.0433 5.5079 0.0, -1.3583 5.5079 0.0039, -1.3583 5.5079 0.0, -1.3583 5.1142 0.0039, -1.3583 5.1142 0.0, -1.1024 5.5079 0.0039, -1.1064 5.5079 0.0, -1.1024 5.5079 0.3189, -1.1064 5.5079 0.3228, -1.0433 5.5079 0.3189, -1.0433 5.5079 0.3228, -1.1104 5.4842 0.3228, -1.1104 5.4842 0.0, -1.1203 5.4623 0.3228, -1.1203 5.4623 0.0, -1.1354 5.4436 0.3228, -1.1354 5.4436 0.0, -1.1547 5.4293 0.3228, -1.1547 5.4293 0.0, -1.177 5.4204 0.3228, -1.177 5.4204 0.0, -1.2008 5.4173 0.3228, -1.2008 5.4173 0.0, -1.2246 5.4204 0.3228, -1.2246 5.4204 0.0, -1.2469 5.4293 0.3228, -1.2469 5.4293 0.0, -1.2662 5.4436 0.3228, -1.2662 5.4436 0.0, -1.2813 5.4623 0.3228, -1.2813 5.4623 0.0, -1.2912 5.4842 0.3228, -1.2912 5.4842 0.0, -1.2952 5.5079 0.3228, -1.2952 5.5079 0.0, -1.3583 5.5079 0.3189, -1.3583 5.5079 0.3228, -1.2991 5.5079 0.3189, -1.2991 5.5079 0.0039, -1.0433 -5.5079 0.0039, -1.0433 -5.5079 0.0, -1.0433 -5.1142 0.0039, -1.0433 -5.1142 0.0, -1.3583 -5.1142 0.0039, -1.3583 -5.1142 0.0, -1.3583 -5.5079 0.0039, -1.3583 -5.5079 0.0, -1.2952 -5.5079 0.3228, -1.2952 -5.5079 0.0, -1.2912 -5.4842 0.3228, -1.2912 -5.4842 0.0, -1.2813 -5.4623 0.3228, -1.2813 -5.4623 0.0, -1.2662 -5.4436 0.3228, -1.2662 -5.4436 0.0, -1.2469 -5.4293 0.3228, -1.2469 -5.4293 0.0, -1.2246 -5.4204 0.3228, -1.2246 -5.4204 0.0, -1.2008 -5.4173 0.3228, -1.2008 -5.4173 0.0, -1.177 -5.4204 0.3228, -1.177 -5.4204 0.0, -1.1547 -5.4293 0.3228, -1.1547 -5.4293 0.0, -1.1354 -5.4436 0.3228, -1.1354 -5.4436 0.0, -1.1203 -5.4623 0.3228, -1.1203 -5.4623 0.0, -1.1104 -5.4842 0.3228, -1.1104 -5.4842 0.0, -1.1064 -5.5079 0.3228, -1.1064 -5.5079 0.0, -1.0433 -5.5079 0.3189, -1.0433 -5.5079 0.3228, -1.1024 -5.5079 0.3189, -1.1024 -5.5079 0.0039, -1.2991 -5.5079 0.0039, -1.2991 -5.5079 0.3189, -1.3583 -5.5079 0.3189, -1.3583 -5.5079 0.3228, -0.5315 5.1142 0.0039, -0.5315 5.1142 0.0, -0.5315 5.5079 0.0039, -0.5315 5.5079 0.0, -0.8465 5.5079 0.0039, -0.8465 5.5079 0.0, -0.8465 5.1142 0.0039, -0.8465 5.1142 0.0, -0.5906 5.5079 0.0039, -0.5946 5.5079 0.0, -0.5906 5.5079 0.3189, -0.5946 5.5079 0.3228, -0.5315 5.5079 0.3189, -0.5315 5.5079 0.3228, -0.5986 5.4842 0.3228, -0.5986 5.4842 0.0, -0.6085 5.4623 0.3228, -0.6085 5.4623 0.0, -0.6236 5.4436 0.3228, -0.6236 5.4436 0.0, -0.6429 5.4293 0.3228, -0.6429 5.4293 0.0, -0.6652 5.4204 0.3228, -0.6652 5.4204 0.0, -0.689 5.4173 0.3228, -0.689 5.4173 0.0, -0.7128 5.4204 0.3228, -0.7128 5.4204 0.0, -0.7351 5.4293 0.3228, -0.7351 5.4293 0.0, -0.7544 5.4436 0.3228, -0.7544 5.4436 0.0, -0.7695 5.4623 0.3228, -0.7695 5.4623 0.0, -0.7793 5.4842 0.3228, -0.7793 5.4842 0.0, -0.7834 5.5079 0.3228, -0.7834 5.5079 0.0, -0.8465 5.5079 0.3189, -0.8465 5.5079 0.3228, -0.7873 5.5079 0.3189, -0.7873 5.5079 0.0039, -0.5315 -5.5079 0.0039, -0.5315 -5.5079 0.0, -0.5315 -5.1142 0.0039, -0.5315 -5.1142 0.0, -0.8465 -5.1142 0.0039, -0.8465 -5.1142 0.0, -0.8465 -5.5079 0.0039, -0.8465 -5.5079 0.0, -0.7834 -5.5079 0.3228, -0.7834 -5.5079 0.0, -0.7793 -5.4842 0.3228, -0.7793 -5.4842 0.0, -0.7695 -5.4623 0.3228, -0.7695 -5.4623 0.0, -0.7544 -5.4436 0.3228, -0.7544 -5.4436 0.0, -0.7351 -5.4293 0.3228, -0.7351 -5.4293 0.0, -0.7128 -5.4204 0.3228, -0.7128 -5.4204 0.0, -0.689 -5.4173 0.3228, -0.689 -5.4173 0.0, -0.6652 -5.4204 0.3228, -0.6652 -5.4204 0.0, -0.6429 -5.4293 0.3228, -0.6429 -5.4293 0.0, -0.6236 -5.4436 0.3228, -0.6236 -5.4436 0.0, -0.6085 -5.4623 0.3228, -0.6085 -5.4623 0.0, -0.5986 -5.4842 0.3228, -0.5986 -5.4842 0.0, -0.5946 -5.5079 0.3228, -0.5946 -5.5079 0.0, -0.5315 -5.5079 0.3189, -0.5315 -5.5079 0.3228, -0.5906 -5.5079 0.3189, -0.5906 -5.5079 0.0039, -0.7873 -5.5079 0.0039, -0.7873 -5.5079 0.3189, -0.8465 -5.5079 0.3189, -0.8465 -5.5079 0.3228, -0.0197 5.1142 0.0039, -0.0197 5.1142 0.0, -0.0197 5.5079 0.0039, -0.0197 5.5079 0.0, -0.3346 5.5079 0.0039, -0.3346 5.5079 0.0, -0.3346 5.1142 0.0039, -0.3346 5.1142 0.0, -0.0788 5.5079 0.0039, -0.0828 5.5079 0.0, -0.0788 5.5079 0.3189, -0.0828 5.5079 0.3228, -0.0197 5.5079 0.3189, -0.0197 5.5079 0.3228, -0.0868 5.4842 0.3228, -0.0868 5.4842 0.0, -0.0967 5.4623 0.3228, -0.0967 5.4623 0.0, -0.1118 5.4436 0.3228, -0.1118 5.4436 0.0, -0.1311 5.4293 0.3228, -0.1311 5.4293 0.0, -0.1533 5.4204 0.3228, -0.1533 5.4204 0.0, -0.1772 5.4173 0.3228, -0.1772 5.4173 0.0, -0.201 5.4204 0.3228, -0.201 5.4204 0.0, -0.2233 5.4293 0.3228, -0.2233 5.4293 0.0, -0.2426 5.4436 0.3228, -0.2426 5.4436 0.0, -0.2577 5.4623 0.3228, -0.2577 5.4623 0.0, -0.2675 5.4842 0.3228, -0.2675 5.4842 0.0, -0.2716 5.5079 0.3228, -0.2716 5.5079 0.0, -0.3346 5.5079 0.3189, -0.3346 5.5079 0.3228, -0.2755 5.5079 0.3189, -0.2755 5.5079 0.0039, -0.0197 -5.5079 0.0039, -0.0197 -5.5079 0.0, -0.0197 -5.1142 0.0039, -0.0197 -5.1142 0.0, -0.3346 -5.1142 0.0039, -0.3346 -5.1142 0.0, -0.3346 -5.5079 0.0039, -0.3346 -5.5079 0.0, -0.2716 -5.5079 0.3228, -0.2716 -5.5079 0.0, -0.2675 -5.4842 0.3228, -0.2675 -5.4842 0.0, -0.2577 -5.4623 0.3228, -0.2577 -5.4623 0.0, -0.2426 -5.4436 0.3228, -0.2426 -5.4436 0.0, -0.2233 -5.4293 0.3228, -0.2233 -5.4293 0.0, -0.201 -5.4204 0.3228, -0.201 -5.4204 0.0, -0.1772 -5.4173 0.3228, -0.1772 -5.4173 0.0, -0.1533 -5.4204 0.3228, -0.1533 -5.4204 0.0, -0.1311 -5.4293 0.3228, -0.1311 -5.4293 0.0, -0.1118 -5.4436 0.3228, -0.1118 -5.4436 0.0, -0.0967 -5.4623 0.3228, -0.0967 -5.4623 0.0, -0.0868 -5.4842 0.3228, -0.0868 -5.4842 0.0, -0.0828 -5.5079 0.3228, -0.0828 -5.5079 0.0, -0.0197 -5.5079 0.3189, -0.0197 -5.5079 0.3228, -0.0788 -5.5079 0.3189, -0.0788 -5.5079 0.0039, -0.2755 -5.5079 0.0039, -0.2755 -5.5079 0.3189, -0.3346 -5.5079 0.3189, -0.3346 -5.5079 0.3228, 0.4921 5.1142 0.0039, 0.4921 5.1142 0.0, 0.4921 5.5079 0.0039, 0.4921 5.5079 0.0, 0.1772 5.5079 0.0039, 0.1772 5.5079 0.0, 0.1772 5.1142 0.0039, 0.1772 5.1142 0.0, 0.433 5.5079 0.0039, 0.4291 5.5079 0.0, 0.433 5.5079 0.3189, 0.4291 5.5079 0.3228, 0.4921 5.5079 0.3189, 0.4921 5.5079 0.3228, 0.425 5.4842 0.3228, 0.425 5.4842 0.0, 0.4151 5.4623 0.3228, 0.4151 5.4623 0.0, 0.4001 5.4436 0.3228, 0.4001 5.4436 0.0, 0.3807 5.4293 0.3228, 0.3807 5.4293 0.0, 0.3585 5.4204 0.3228, 0.3585 5.4204 0.0, 0.3346 5.4173 0.3228, 0.3346 5.4173 0.0, 0.3108 5.4204 0.3228, 0.3108 5.4204 0.0, 0.2885 5.4293 0.3228, 0.2885 5.4293 0.0, 0.2692 5.4436 0.3228, 0.2692 5.4436 0.0, 0.2542 5.4623 0.3228, 0.2542 5.4623 0.0, 0.2443 5.4842 0.3228, 0.2443 5.4842 0.0, 0.2402 5.5079 0.3228, 0.2402 5.5079 0.0, 0.1772 5.5079 0.3189, 0.1772 5.5079 0.3228, 0.2363 5.5079 0.3189, 0.2363 5.5079 0.0039, 0.4921 -5.5079 0.0039, 0.4921 -5.5079 0.0, 0.4921 -5.1142 0.0039, 0.4921 -5.1142 0.0, 0.1772 -5.1142 0.0039, 0.1772 -5.1142 0.0, 0.1772 -5.5079 0.0039, 0.1772 -5.5079 0.0, 0.2402 -5.5079 0.3228, 0.2402 -5.5079 0.0, 0.2443 -5.4842 0.3228, 0.2443 -5.4842 0.0, 0.2542 -5.4623 0.3228, 0.2542 -5.4623 0.0, 0.2692 -5.4436 0.3228, 0.2692 -5.4436 0.0, 0.2885 -5.4293 0.3228, 0.2885 -5.4293 0.0, 0.3108 -5.4204 0.3228, 0.3108 -5.4204 0.0, 0.3346 -5.4173 0.3228, 0.3346 -5.4173 0.0, 0.3585 -5.4204 0.3228, 0.3585 -5.4204 0.0, 0.3807 -5.4293 0.3228, 0.3807 -5.4293 0.0, 0.4001 -5.4436 0.3228, 0.4001 -5.4436 0.0, 0.4151 -5.4623 0.3228, 0.4151 -5.4623 0.0, 0.425 -5.4842 0.3228, 0.425 -5.4842 0.0, 0.4291 -5.5079 0.3228, 0.4291 -5.5079 0.0, 0.4921 -5.5079 0.3189, 0.4921 -5.5079 0.3228, 0.433 -5.5079 0.3189, 0.433 -5.5079 0.0039, 0.2363 -5.5079 0.0039, 0.2363 -5.5079 0.3189, 0.1772 -5.5079 0.3189, 0.1772 -5.5079 0.3228, 1.0039 5.1142 0.0039, 1.0039 5.1142 0.0, 1.0039 5.5079 0.0039, 1.0039 5.5079 0.0, 0.689 5.5079 0.0039, 0.689 5.5079 0.0, 0.689 5.1142 0.0039, 0.689 5.1142 0.0, 0.9448 5.5079 0.0039, 0.9409 5.5079 0.0, 0.9448 5.5079 0.3189, 0.9409 5.5079 0.3228, 1.0039 5.5079 0.3189, 1.0039 5.5079 0.3228, 0.9368 5.4842 0.3228, 0.9368 5.4842 0.0, 0.9269 5.4623 0.3228, 0.9269 5.4623 0.0, 0.9119 5.4436 0.3228, 0.9119 5.4436 0.0, 0.8926 5.4293 0.3228, 0.8926 5.4293 0.0, 0.8703 5.4204 0.3228, 0.8703 5.4204 0.0, 0.8465 5.4173 0.3228, 0.8465 5.4173 0.0, 0.8226 5.4204 0.3228, 0.8226 5.4204 0.0, 0.8004 5.4293 0.3228, 0.8004 5.4293 0.0, 0.7811 5.4436 0.3228, 0.7811 5.4436 0.0, 0.766 5.4623 0.3228, 0.766 5.4623 0.0, 0.7561 5.4842 0.3228, 0.7561 5.4842 0.0, 0.7521 5.5079 0.3228, 0.7521 5.5079 0.0, 0.689 5.5079 0.3189, 0.689 5.5079 0.3228, 0.7481 5.5079 0.3189, 0.7481 5.5079 0.0039, 1.0039 -5.5079 0.0039, 1.0039 -5.5079 0.0, 1.0039 -5.1142 0.0039, 1.0039 -5.1142 0.0, 0.689 -5.1142 0.0039, 0.689 -5.1142 0.0, 0.689 -5.5079 0.0039, 0.689 -5.5079 0.0, 0.7521 -5.5079 0.3228, 0.7521 -5.5079 0.0, 0.7561 -5.4842 0.3228, 0.7561 -5.4842 0.0, 0.766 -5.4623 0.3228, 0.766 -5.4623 0.0, 0.7811 -5.4436 0.3228, 0.7811 -5.4436 0.0, 0.8004 -5.4293 0.3228, 0.8004 -5.4293 0.0, 0.8226 -5.4204 0.3228, 0.8226 -5.4204 0.0, 0.8465 -5.4173 0.3228, 0.8465 -5.4173 0.0, 0.8703 -5.4204 0.3228, 0.8703 -5.4204 0.0, 0.8926 -5.4293 0.3228, 0.8926 -5.4293 0.0, 0.9119 -5.4436 0.3228, 0.9119 -5.4436 0.0, 0.9269 -5.4623 0.3228, 0.9269 -5.4623 0.0, 0.9368 -5.4842 0.3228, 0.9368 -5.4842 0.0, 0.9409 -5.5079 0.3228, 0.9409 -5.5079 0.0, 1.0039 -5.5079 0.3189, 1.0039 -5.5079 0.3228, 0.9448 -5.5079 0.3189, 0.9448 -5.5079 0.0039, 0.7481 -5.5079 0.0039, 0.7481 -5.5079 0.3189, 0.689 -5.5079 0.3189, 0.689 -5.5079 0.3228, 1.5157 5.1142 0.0039, 1.5157 5.1142 0.0, 1.5157 5.5079 0.0039, 1.5157 5.5079 0.0, 1.2008 5.5079 0.0039, 1.2008 5.5079 0.0, 1.2008 5.1142 0.0039, 1.2008 5.1142 0.0, 1.4566 5.5079 0.0039, 1.4527 5.5079 0.0, 1.4566 5.5079 0.3189, 1.4527 5.5079 0.3228, 1.5157 5.5079 0.3189, 1.5157 5.5079 0.3228, 1.4486 5.4842 0.3228, 1.4486 5.4842 0.0, 1.4388 5.4623 0.3228, 1.4388 5.4623 0.0, 1.4237 5.4436 0.3228, 1.4237 5.4436 0.0, 1.4044 5.4293 0.3228, 1.4044 5.4293 0.0, 1.3821 5.4204 0.3228, 1.3821 5.4204 0.0, 1.3583 5.4173 0.3228, 1.3583 5.4173 0.0, 1.3344 5.4204 0.3228, 1.3344 5.4204 0.0, 1.3122 5.4293 0.3228, 1.3122 5.4293 0.0, 1.2929 5.4436 0.3228, 1.2929 5.4436 0.0, 1.2778 5.4623 0.3228, 1.2778 5.4623 0.0, 1.2679 5.4842 0.3228, 1.2679 5.4842 0.0, 1.2639 5.5079 0.3228, 1.2639 5.5079 0.0, 1.2008 5.5079 0.3189, 1.2008 5.5079 0.3228, 1.2599 5.5079 0.3189, 1.2599 5.5079 0.0039, 1.5157 -5.5079 0.0039, 1.5157 -5.5079 0.0, 1.5157 -5.1142 0.0039, 1.5157 -5.1142 0.0, 1.2008 -5.1142 0.0039, 1.2008 -5.1142 0.0, 1.2008 -5.5079 0.0039, 1.2008 -5.5079 0.0, 1.2639 -5.5079 0.3228, 1.2639 -5.5079 0.0, 1.2679 -5.4842 0.3228, 1.2679 -5.4842 0.0, 1.2778 -5.4623 0.3228, 1.2778 -5.4623 0.0, 1.2929 -5.4436 0.3228, 1.2929 -5.4436 0.0, 1.3122 -5.4293 0.3228, 1.3122 -5.4293 0.0, 1.3344 -5.4204 0.3228, 1.3344 -5.4204 0.0, 1.3583 -5.4173 0.3228, 1.3583 -5.4173 0.0, 1.3821 -5.4204 0.3228, 1.3821 -5.4204 0.0, 1.4044 -5.4293 0.3228, 1.4044 -5.4293 0.0, 1.4237 -5.4436 0.3228, 1.4237 -5.4436 0.0, 1.4388 -5.4623 0.3228, 1.4388 -5.4623 0.0, 1.4486 -5.4842 0.3228, 1.4486 -5.4842 0.0, 1.4527 -5.5079 0.3228, 1.4527 -5.5079 0.0, 1.5157 -5.5079 0.3189, 1.5157 -5.5079 0.3228, 1.4566 -5.5079 0.3189, 1.4566 -5.5079 0.0039, 1.2599 -5.5079 0.0039, 1.2599 -5.5079 0.3189, 1.2008 -5.5079 0.3189, 1.2008 -5.5079 0.3228, 2.0276 5.1142 0.0039, 2.0276 5.1142 0.0, 2.0276 5.5079 0.0039, 2.0276 5.5079 0.0, 1.7126 5.5079 0.0039, 1.7126 5.5079 0.0, 1.7126 5.1142 0.0039, 1.7126 5.1142 0.0, 1.9684 5.5079 0.0039, 1.9645 5.5079 0.0, 1.9684 5.5079 0.3189, 1.9645 5.5079 0.3228, 2.0276 5.5079 0.3189, 2.0276 5.5079 0.3228, 1.9604 5.4842 0.3228, 1.9604 5.4842 0.0, 1.9506 5.4623 0.3228, 1.9506 5.4623 0.0, 1.9355 5.4436 0.3228, 1.9355 5.4436 0.0, 1.9162 5.4293 0.3228, 1.9162 5.4293 0.0, 1.8939 5.4204 0.3228, 1.8939 5.4204 0.0, 1.8701 5.4173 0.3228, 1.8701 5.4173 0.0, 1.8463 5.4204 0.3228, 1.8463 5.4204 0.0, 1.824 5.4293 0.3228, 1.824 5.4293 0.0, 1.8047 5.4436 0.3228, 1.8047 5.4436 0.0, 1.7896 5.4623 0.3228, 1.7896 5.4623 0.0, 1.7797 5.4842 0.3228, 1.7797 5.4842 0.0, 1.7757 5.5079 0.3228, 1.7757 5.5079 0.0, 1.7126 5.5079 0.3189, 1.7126 5.5079 0.3228, 1.7717 5.5079 0.3189, 1.7717 5.5079 0.0039, 2.0276 -5.5079 0.0039, 2.0276 -5.5079 0.0, 2.0276 -5.1142 0.0039, 2.0276 -5.1142 0.0, 1.7126 -5.1142 0.0039, 1.7126 -5.1142 0.0, 1.7126 -5.5079 0.0039, 1.7126 -5.5079 0.0, 1.7757 -5.5079 0.3228, 1.7757 -5.5079 0.0, 1.7797 -5.4842 0.3228, 1.7797 -5.4842 0.0, 1.7896 -5.4623 0.3228, 1.7896 -5.4623 0.0, 1.8047 -5.4436 0.3228, 1.8047 -5.4436 0.0, 1.824 -5.4293 0.3228, 1.824 -5.4293 0.0, 1.8463 -5.4204 0.3228, 1.8463 -5.4204 0.0, 1.8701 -5.4173 0.3228, 1.8701 -5.4173 0.0, 1.8939 -5.4204 0.3228, 1.8939 -5.4204 0.0, 1.9162 -5.4293 0.3228, 1.9162 -5.4293 0.0, 1.9355 -5.4436 0.3228, 1.9355 -5.4436 0.0, 1.9506 -5.4623 0.3228, 1.9506 -5.4623 0.0, 1.9604 -5.4842 0.3228, 1.9604 -5.4842 0.0, 1.9645 -5.5079 0.3228, 1.9645 -5.5079 0.0, 2.0276 -5.5079 0.3189, 2.0276 -5.5079 0.3228, 1.9684 -5.5079 0.3189, 1.9684 -5.5079 0.0039, 1.7717 -5.5079 0.0039, 1.7717 -5.5079 0.3189, 1.7126 -5.5079 0.3189, 1.7126 -5.5079 0.3228, 2.5394 5.1142 0.0039, 2.5394 5.1142 0.0, 2.5394 5.5079 0.0039, 2.5394 5.5079 0.0, 2.2244 5.5079 0.0039, 2.2244 5.5079 0.0, 2.2244 5.1142 0.0039, 2.2244 5.1142 0.0, 2.4802 5.5079 0.0039, 2.4763 5.5079 0.0, 2.4802 5.5079 0.3189, 2.4763 5.5079 0.3228, 2.5394 5.5079 0.3189, 2.5394 5.5079 0.3228, 2.4723 5.4842 0.3228, 2.4723 5.4842 0.0, 2.4624 5.4623 0.3228, 2.4624 5.4623 0.0, 2.4473 5.4436 0.3228, 2.4473 5.4436 0.0, 2.428 5.4293 0.3228, 2.428 5.4293 0.0, 2.4057 5.4204 0.3228, 2.4057 5.4204 0.0, 2.3819 5.4173 0.3228, 2.3819 5.4173 0.0, 2.3581 5.4204 0.3228, 2.3581 5.4204 0.0, 2.3358 5.4293 0.3228, 2.3358 5.4293 0.0, 2.3165 5.4436 0.3228, 2.3165 5.4436 0.0, 2.3014 5.4623 0.3228, 2.3014 5.4623 0.0, 2.2915 5.4842 0.3228, 2.2915 5.4842 0.0, 2.2875 5.5079 0.3228, 2.2875 5.5079 0.0, 2.2244 5.5079 0.3189, 2.2244 5.5079 0.3228, 2.2835 5.5079 0.3189, 2.2835 5.5079 0.0039, 2.5394 -5.5079 0.0039, 2.5394 -5.5079 0.0, 2.5394 -5.1142 0.0039, 2.5394 -5.1142 0.0, 2.2244 -5.1142 0.0039, 2.2244 -5.1142 0.0, 2.2244 -5.5079 0.0039, 2.2244 -5.5079 0.0, 2.2875 -5.5079 0.3228, 2.2875 -5.5079 0.0, 2.2915 -5.4842 0.3228, 2.2915 -5.4842 0.0, 2.3014 -5.4623 0.3228, 2.3014 -5.4623 0.0, 2.3165 -5.4436 0.3228, 2.3165 -5.4436 0.0, 2.3358 -5.4293 0.3228, 2.3358 -5.4293 0.0, 2.3581 -5.4204 0.3228, 2.3581 -5.4204 0.0, 2.3819 -5.4173 0.3228, 2.3819 -5.4173 0.0, 2.4057 -5.4204 0.3228, 2.4057 -5.4204 0.0, 2.428 -5.4293 0.3228, 2.428 -5.4293 0.0, 2.4473 -5.4436 0.3228, 2.4473 -5.4436 0.0, 2.4624 -5.4623 0.3228, 2.4624 -5.4623 0.0, 2.4723 -5.4842 0.3228, 2.4723 -5.4842 0.0, 2.4763 -5.5079 0.3228, 2.4763 -5.5079 0.0, 2.5394 -5.5079 0.3189, 2.5394 -5.5079 0.3228, 2.4802 -5.5079 0.3189, 2.4802 -5.5079 0.0039, 2.2835 -5.5079 0.0039, 2.2835 -5.5079 0.3189, 2.2244 -5.5079 0.3189, 2.2244 -5.5079 0.3228, 3.0512 5.1142 0.0039, 3.0512 5.1142 0.0, 3.0512 5.5079 0.0039, 3.0512 5.5079 0.0, 2.7362 5.5079 0.0039, 2.7362 5.5079 0.0, 2.7362 5.1142 0.0039, 2.7362 5.1142 0.0, 2.992 5.5079 0.0039, 2.9881 5.5079 0.0, 2.992 5.5079 0.3189, 2.9881 5.5079 0.3228, 3.0512 5.5079 0.3189, 3.0512 5.5079 0.3228, 2.9841 5.4842 0.3228, 2.9841 5.4842 0.0, 2.9742 5.4623 0.3228, 2.9742 5.4623 0.0, 2.9591 5.4436 0.3228, 2.9591 5.4436 0.0, 2.9398 5.4293 0.3228, 2.9398 5.4293 0.0, 2.9175 5.4204 0.3228, 2.9175 5.4204 0.0, 2.8937 5.4173 0.3228, 2.8937 5.4173 0.0, 2.8699 5.4204 0.3228, 2.8699 5.4204 0.0, 2.8476 5.4293 0.3228, 2.8476 5.4293 0.0, 2.8283 5.4436 0.3228, 2.8283 5.4436 0.0, 2.8132 5.4623 0.3228, 2.8132 5.4623 0.0, 2.8033 5.4842 0.3228, 2.8033 5.4842 0.0, 2.7993 5.5079 0.3228, 2.7993 5.5079 0.0, 2.7362 5.5079 0.3189, 2.7362 5.5079 0.3228, 2.7954 5.5079 0.3189, 2.7954 5.5079 0.0039, 3.0512 -5.5079 0.0039, 3.0512 -5.5079 0.0, 3.0512 -5.1142 0.0039, 3.0512 -5.1142 0.0, 2.7362 -5.1142 0.0039, 2.7362 -5.1142 0.0, 2.7362 -5.5079 0.0039, 2.7362 -5.5079 0.0, 2.7993 -5.5079 0.3228, 2.7993 -5.5079 0.0, 2.8033 -5.4842 0.3228, 2.8033 -5.4842 0.0, 2.8132 -5.4623 0.3228, 2.8132 -5.4623 0.0, 2.8283 -5.4436 0.3228, 2.8283 -5.4436 0.0, 2.8476 -5.4293 0.3228, 2.8476 -5.4293 0.0, 2.8699 -5.4204 0.3228, 2.8699 -5.4204 0.0, 2.8937 -5.4173 0.3228, 2.8937 -5.4173 0.0, 2.9175 -5.4204 0.3228, 2.9175 -5.4204 0.0, 2.9398 -5.4293 0.3228, 2.9398 -5.4293 0.0, 2.9591 -5.4436 0.3228, 2.9591 -5.4436 0.0, 2.9742 -5.4623 0.3228, 2.9742 -5.4623 0.0, 2.9841 -5.4842 0.3228, 2.9841 -5.4842 0.0, 2.9881 -5.5079 0.3228, 2.9881 -5.5079 0.0, 3.0512 -5.5079 0.3189, 3.0512 -5.5079 0.3228, 2.992 -5.5079 0.3189, 2.992 -5.5079 0.0039, 2.7954 -5.5079 0.0039, 2.7954 -5.5079 0.3189, 2.7362 -5.5079 0.3189, 2.7362 -5.5079 0.3228, 3.563 5.1142 0.0039, 3.563 5.1142 0.0, 3.563 5.5079 0.0039, 3.563 5.5079 0.0, 3.248 5.5079 0.0039, 3.248 5.5079 0.0, 3.248 5.1142 0.0039, 3.248 5.1142 0.0, 3.5039 5.5079 0.0039, 3.4999 5.5079 0.0, 3.5039 5.5079 0.3189, 3.4999 5.5079 0.3228, 3.563 5.5079 0.3189, 3.563 5.5079 0.3228, 3.4959 5.4842 0.3228, 3.4959 5.4842 0.0, 3.486 5.4623 0.3228, 3.486 5.4623 0.0, 3.4709 5.4436 0.3228, 3.4709 5.4436 0.0, 3.4516 5.4293 0.3228, 3.4516 5.4293 0.0, 3.4293 5.4204 0.3228, 3.4293 5.4204 0.0, 3.4055 5.4173 0.3228, 3.4055 5.4173 0.0, 3.3817 5.4204 0.3228, 3.3817 5.4204 0.0, 3.3594 5.4293 0.3228, 3.3594 5.4293 0.0, 3.3401 5.4436 0.3228, 3.3401 5.4436 0.0, 3.325 5.4623 0.3228, 3.325 5.4623 0.0, 3.3151 5.4842 0.3228, 3.3151 5.4842 0.0, 3.3111 5.5079 0.3228, 3.3111 5.5079 0.0, 3.248 5.5079 0.3189, 3.248 5.5079 0.3228, 3.3072 5.5079 0.3189, 3.3072 5.5079 0.0039, 3.563 -5.5079 0.0039, 3.563 -5.5079 0.0, 3.563 -5.1142 0.0039, 3.563 -5.1142 0.0, 3.248 -5.1142 0.0039, 3.248 -5.1142 0.0, 3.248 -5.5079 0.0039, 3.248 -5.5079 0.0, 3.3111 -5.5079 0.3228, 3.3111 -5.5079 0.0, 3.3151 -5.4842 0.3228, 3.3151 -5.4842 0.0, 3.325 -5.4623 0.3228, 3.325 -5.4623 0.0, 3.3401 -5.4436 0.3228, 3.3401 -5.4436 0.0, 3.3594 -5.4293 0.3228, 3.3594 -5.4293 0.0, 3.3817 -5.4204 0.3228, 3.3817 -5.4204 0.0, 3.4055 -5.4173 0.3228, 3.4055 -5.4173 0.0, 3.4293 -5.4204 0.3228, 3.4293 -5.4204 0.0, 3.4516 -5.4293 0.3228, 3.4516 -5.4293 0.0, 3.4709 -5.4436 0.3228, 3.4709 -5.4436 0.0, 3.486 -5.4623 0.3228, 3.486 -5.4623 0.0, 3.4959 -5.4842 0.3228, 3.4959 -5.4842 0.0, 3.4999 -5.5079 0.3228, 3.4999 -5.5079 0.0, 3.563 -5.5079 0.3189, 3.563 -5.5079 0.3228, 3.5039 -5.5079 0.3189, 3.5039 -5.5079 0.0039, 3.3072 -5.5079 0.0039, 3.3072 -5.5079 0.3189, 3.248 -5.5079 0.3189, 3.248 -5.5079 0.3228, 4.0748 5.1142 0.0039, 4.0748 5.1142 0.0, 4.0748 5.5079 0.0039, 4.0748 5.5079 0.0, 3.7598 5.5079 0.0039, 3.7598 5.5079 0.0, 3.7598 5.1142 0.0039, 3.7598 5.1142 0.0, 4.0157 5.5079 0.0039, 4.0117 5.5079 0.0, 4.0157 5.5079 0.3189, 4.0117 5.5079 0.3228, 4.0748 5.5079 0.3189, 4.0748 5.5079 0.3228, 4.0077 5.4842 0.3228, 4.0077 5.4842 0.0, 3.9978 5.4623 0.3228, 3.9978 5.4623 0.0, 3.9827 5.4436 0.3228, 3.9827 5.4436 0.0, 3.9634 5.4293 0.3228, 3.9634 5.4293 0.0, 3.9411 5.4204 0.3228, 3.9411 5.4204 0.0, 3.9173 5.4173 0.3228, 3.9173 5.4173 0.0, 3.8935 5.4204 0.3228, 3.8935 5.4204 0.0, 3.8712 5.4293 0.3228, 3.8712 5.4293 0.0, 3.8519 5.4436 0.3228, 3.8519 5.4436 0.0, 3.8368 5.4623 0.3228, 3.8368 5.4623 0.0, 3.827 5.4842 0.3228, 3.827 5.4842 0.0, 3.8229 5.5079 0.3228, 3.8229 5.5079 0.0, 3.7598 5.5079 0.3189, 3.7598 5.5079 0.3228, 3.819 5.5079 0.3189, 3.819 5.5079 0.0039, 4.0748 -5.5079 0.0039, 4.0748 -5.5079 0.0, 4.0748 -5.1142 0.0039, 4.0748 -5.1142 0.0, 3.7598 -5.1142 0.0039, 3.7598 -5.1142 0.0, 3.7598 -5.5079 0.0039, 3.7598 -5.5079 0.0, 3.8229 -5.5079 0.3228, 3.8229 -5.5079 0.0, 3.827 -5.4842 0.3228, 3.827 -5.4842 0.0, 3.8368 -5.4623 0.3228, 3.8368 -5.4623 0.0, 3.8519 -5.4436 0.3228, 3.8519 -5.4436 0.0, 3.8712 -5.4293 0.3228, 3.8712 -5.4293 0.0, 3.8935 -5.4204 0.3228, 3.8935 -5.4204 0.0, 3.9173 -5.4173 0.3228, 3.9173 -5.4173 0.0, 3.9411 -5.4204 0.3228, 3.9411 -5.4204 0.0, 3.9634 -5.4293 0.3228, 3.9634 -5.4293 0.0, 3.9827 -5.4436 0.3228, 3.9827 -5.4436 0.0, 3.9978 -5.4623 0.3228, 3.9978 -5.4623 0.0, 4.0077 -5.4842 0.3228, 4.0077 -5.4842 0.0, 4.0117 -5.5079 0.3228, 4.0117 -5.5079 0.0, 4.0748 -5.5079 0.3189, 4.0748 -5.5079 0.3228, 4.0157 -5.5079 0.3189, 4.0157 -5.5079 0.0039, 3.819 -5.5079 0.0039, 3.819 -5.5079 0.3189, 3.7598 -5.5079 0.3189, 3.7598 -5.5079 0.3228, 4.5866 5.1142 0.0039, 4.5866 5.1142 0.0, 4.5866 5.5079 0.0039, 4.5866 5.5079 0.0, 4.2717 5.5079 0.0039, 4.2717 5.5079 0.0, 4.2717 5.1142 0.0039, 4.2717 5.1142 0.0, 4.5768 5.1142 0.0039, 4.5275 5.5079 0.0039, 4.5235 5.5079 0.0, 4.5275 5.5079 0.3189, 4.5235 5.5079 0.3228, 4.5866 5.5079 0.3189, 4.5866 5.5079 0.3228, 4.5195 5.4842 0.3228, 4.5195 5.4842 0.0, 4.5096 5.4623 0.3228, 4.5096 5.4623 0.0, 4.4945 5.4436 0.3228, 4.4945 5.4436 0.0, 4.4752 5.4293 0.3228, 4.4752 5.4293 0.0, 4.453 5.4204 0.3228, 4.453 5.4204 0.0, 4.4291 5.4173 0.3228, 4.4291 5.4173 0.0, 4.4053 5.4204 0.3228, 4.4053 5.4204 0.0, 4.383 5.4293 0.3228, 4.383 5.4293 0.0, 4.3637 5.4436 0.3228, 4.3637 5.4436 0.0, 4.3486 5.4623 0.3228, 4.3486 5.4623 0.0, 4.3388 5.4842 0.3228, 4.3388 5.4842 0.0, 4.3347 5.5079 0.3228, 4.3347 5.5079 0.0, 4.2717 5.5079 0.3189, 4.2717 5.5079 0.3228, 4.3308 5.5079 0.3189, 4.3308 5.5079 0.0039, 4.5866 -5.5079 0.0039, 4.5866 -5.5079 0.0, 4.5866 -5.1142 0.0039, 4.5866 -5.1142 0.0, 4.2717 -5.1142 0.0, 4.2717 -5.1142 0.0039, 4.5768 -5.1142 0.0039, 4.2717 -5.5079 0.0039, 4.2717 -5.5079 0.0, 4.3347 -5.5079 0.3228, 4.3347 -5.5079 0.0, 4.3388 -5.4842 0.3228, 4.3388 -5.4842 0.0, 4.3486 -5.4623 0.3228, 4.3486 -5.4623 0.0, 4.3637 -5.4436 0.3228, 4.3637 -5.4436 0.0, 4.383 -5.4293 0.3228, 4.383 -5.4293 0.0, 4.4053 -5.4204 0.3228, 4.4053 -5.4204 0.0, 4.4291 -5.4173 0.3228, 4.4291 -5.4173 0.0, 4.453 -5.4204 0.3228, 4.453 -5.4204 0.0, 4.4752 -5.4293 0.3228, 4.4752 -5.4293 0.0, 4.4945 -5.4436 0.3228, 4.4945 -5.4436 0.0, 4.5096 -5.4623 0.3228, 4.5096 -5.4623 0.0, 4.5195 -5.4842 0.3228, 4.5195 -5.4842 0.0, 4.5235 -5.5079 0.3228, 4.5235 -5.5079 0.0, 4.5866 -5.5079 0.3189, 4.5866 -5.5079 0.3228, 4.5275 -5.5079 0.3189, 4.5275 -5.5079 0.0039, 4.3308 -5.5079 0.0039, 4.3308 -5.5079 0.3189, 4.2717 -5.5079 0.3189, 4.2717 -5.5079 0.3228, 5.0984 5.1142 0.0039, 5.0984 5.1142 0.0, 5.0984 5.5079 0.0039, 5.0984 5.5079 0.0, 4.7835 5.5079 0.0039, 4.7835 5.5079 0.0, 4.7835 5.1142 0.0039, 4.7835 5.1142 0.0, 5.0393 5.5079 0.0039, 5.0354 5.5079 0.0, 5.0393 5.5079 0.3189, 5.0354 5.5079 0.3228, 5.0984 5.5079 0.3189, 5.0984 5.5079 0.3228, 5.0313 5.4842 0.3228, 5.0313 5.4842 0.0, 5.0214 5.4623 0.3228, 5.0214 5.4623 0.0, 5.0064 5.4436 0.3228, 5.0064 5.4436 0.0, 4.987 5.4293 0.3228, 4.987 5.4293 0.0, 4.9648 5.4204 0.3228, 4.9648 5.4204 0.0, 4.9409 5.4173 0.3228, 4.9409 5.4173 0.0, 4.9171 5.4204 0.3228, 4.9171 5.4204 0.0, 4.8948 5.4293 0.3228, 4.8948 5.4293 0.0, 4.8755 5.4436 0.3228, 4.8755 5.4436 0.0, 4.8605 5.4623 0.3228, 4.8605 5.4623 0.0, 4.8506 5.4842 0.3228, 4.8506 5.4842 0.0, 4.8465 5.5079 0.3228, 4.8465 5.5079 0.0, 4.7835 5.5079 0.3189, 4.7835 5.5079 0.3228, 4.8426 5.5079 0.3189, 4.8426 5.5079 0.0039, 5.0984 -5.5079 0.0039, 5.0984 -5.5079 0.0, 5.0984 -5.1142 0.0039, 5.0984 -5.1142 0.0, 4.7835 -5.1142 0.0039, 4.7835 -5.1142 0.0, 4.7835 -5.5079 0.0039, 4.7835 -5.5079 0.0, 4.8465 -5.5079 0.3228, 4.8465 -5.5079 0.0, 4.8506 -5.4842 0.3228, 4.8506 -5.4842 0.0, 4.8605 -5.4623 0.3228, 4.8605 -5.4623 0.0, 4.8755 -5.4436 0.3228, 4.8755 -5.4436 0.0, 4.8948 -5.4293 0.3228, 4.8948 -5.4293 0.0, 4.9171 -5.4204 0.3228, 4.9171 -5.4204 0.0, 4.9409 -5.4173 0.3228, 4.9409 -5.4173 0.0, 4.9648 -5.4204 0.3228, 4.9648 -5.4204 0.0, 4.987 -5.4293 0.3228, 4.987 -5.4293 0.0, 5.0064 -5.4436 0.3228, 5.0064 -5.4436 0.0, 5.0214 -5.4623 0.3228, 5.0214 -5.4623 0.0, 5.0313 -5.4842 0.3228, 5.0313 -5.4842 0.0, 5.0354 -5.5079 0.3228, 5.0354 -5.5079 0.0, 5.0984 -5.5079 0.3189, 5.0984 -5.5079 0.3228, 5.0393 -5.5079 0.3189, 5.0393 -5.5079 0.0039, 4.8426 -5.5079 0.0039, 4.8426 -5.5079 0.3189, 4.7835 -5.5079 0.3189, 4.7835 -5.5079 0.3228, -5.7047 4.2913 0.0039, -5.7047 4.2913 0.0, -5.7047 4.6063 0.0039, -5.7047 4.6063 0.0, -6.0984 4.6063 0.0039, -6.0984 4.6063 0.0, -6.0984 4.2913 0.0039, -6.0984 4.2913 0.0, -6.0984 4.5472 0.0039, -6.0984 4.5432 0.0, -6.0984 4.5472 0.3189, -6.0984 4.5432 0.3228, -6.0984 4.6063 0.3189, -6.0984 4.6063 0.3228, -6.0748 4.5392 0.3228, -6.0748 4.5392 0.0, -6.0529 4.5293 0.3228, -6.0529 4.5293 0.0, -6.0342 4.5142 0.3228, -6.0342 4.5142 0.0, -6.0199 4.4949 0.3228, -6.0199 4.4949 0.0, -6.0109 4.4726 0.3228, -6.0109 4.4726 0.0, -6.0079 4.4488 0.3228, -6.0079 4.4488 0.0, -6.0109 4.425 0.3228, -6.0109 4.425 0.0, -6.0199 4.4027 0.3228, -6.0199 4.4027 0.0, -6.0342 4.3834 0.3228, -6.0342 4.3834 0.0, -6.0529 4.3683 0.3228, -6.0529 4.3683 0.0, -6.0748 4.3585 0.3228, -6.0748 4.3585 0.0, -6.0984 4.3544 0.3228, -6.0984 4.3544 0.0, -6.0984 4.2913 0.3189, -6.0984 4.2913 0.3228, -6.0984 4.3505 0.3189, -6.0984 4.3505 0.0039, 6.0984 4.6063 0.0039, 6.0984 4.6063 0.0, 5.7047 4.6063 0.0039, 5.7047 4.6063 0.0, 5.7047 4.2913 0.0039, 5.7047 4.2913 0.0, 6.0984 4.2913 0.0039, 6.0984 4.2913 0.0, 6.0984 4.3544 0.3228, 6.0984 4.3544 0.0, 6.0748 4.3585 0.3228, 6.0748 4.3585 0.0, 6.0529 4.3683 0.3228, 6.0529 4.3683 0.0, 6.0342 4.3834 0.3228, 6.0342 4.3834 0.0, 6.0199 4.4027 0.3228, 6.0199 4.4027 0.0, 6.0109 4.425 0.3228, 6.0109 4.425 0.0, 6.0079 4.4488 0.3228, 6.0079 4.4488 0.0, 6.0109 4.4726 0.3228, 6.0109 4.4726 0.0, 6.0199 4.4949 0.3228, 6.0199 4.4949 0.0, 6.0342 4.5142 0.3228, 6.0342 4.5142 0.0, 6.0529 4.5293 0.3228, 6.0529 4.5293 0.0, 6.0748 4.5392 0.3228, 6.0748 4.5392 0.0, 6.0984 4.5432 0.3228, 6.0984 4.5432 0.0, 6.0984 4.6063 0.3189, 6.0984 4.6063 0.3228, 6.0984 4.5472 0.3189, 6.0984 4.5472 0.0039, 6.0984 4.3505 0.0039, 6.0984 4.3505 0.3189, 6.0984 4.2913 0.3189, 6.0984 4.2913 0.3228, -5.7047 3.7795 0.0039, -5.7047 3.7795 0.0, -5.7047 3.937 0.0039, -5.7047 4.0945 0.0, -5.7047 4.0945 0.0039, -6.0984 4.0945 0.0039, -6.0984 4.0945 0.0, -6.0984 3.7795 0.0039, -6.0984 3.7795 0.0, -6.0984 4.0354 0.0039, -6.0984 4.0314 0.0, -6.0984 4.0354 0.3189, -6.0984 4.0314 0.3228, -6.0984 4.0945 0.3189, -6.0984 4.0945 0.3228, -6.0748 4.0274 0.3228, -6.0748 4.0274 0.0, -6.0529 4.0175 0.3228, -6.0529 4.0175 0.0, -6.0342 4.0024 0.3228, -6.0342 4.0024 0.0, -6.0199 3.9831 0.3228, -6.0199 3.9831 0.0, -6.0109 3.9608 0.3228, -6.0109 3.9608 0.0, -6.0079 3.937 0.3228, -6.0079 3.937 0.0, -6.0109 3.9132 0.3228, -6.0109 3.9132 0.0, -6.0199 3.8909 0.3228, -6.0199 3.8909 0.0, -6.0342 3.8716 0.3228, -6.0342 3.8716 0.0, -6.0529 3.8565 0.3228, -6.0529 3.8565 0.0, -6.0748 3.8466 0.3228, -6.0748 3.8466 0.0, -6.0984 3.8426 0.3228, -6.0984 3.8426 0.0, -6.0984 3.7795 0.3189, -6.0984 3.7795 0.3228, -6.0984 3.8387 0.3189, -6.0984 3.8387 0.0039, 6.0984 4.0945 0.0039, 6.0984 4.0945 0.0, 5.7047 4.0945 0.0039, 5.7047 4.0945 0.0, 5.7047 3.937 0.0039, 5.7047 3.7795 0.0, 5.7047 3.7795 0.0039, 6.0984 3.7795 0.0039, 6.0984 3.7795 0.0, 6.0984 3.8426 0.3228, 6.0984 3.8426 0.0, 6.0748 3.8466 0.3228, 6.0748 3.8466 0.0, 6.0529 3.8565 0.3228, 6.0529 3.8565 0.0, 6.0342 3.8716 0.3228, 6.0342 3.8716 0.0, 6.0199 3.8909 0.3228, 6.0199 3.8909 0.0, 6.0109 3.9132 0.3228, 6.0109 3.9132 0.0, 6.0079 3.937 0.3228, 6.0079 3.937 0.0, 6.0109 3.9608 0.3228, 6.0109 3.9608 0.0, 6.0199 3.9831 0.3228, 6.0199 3.9831 0.0, 6.0342 4.0024 0.3228, 6.0342 4.0024 0.0, 6.0529 4.0175 0.3228, 6.0529 4.0175 0.0, 6.0748 4.0274 0.3228, 6.0748 4.0274 0.0, 6.0984 4.0314 0.3228, 6.0984 4.0314 0.0, 6.0984 4.0945 0.3189, 6.0984 4.0945 0.3228, 6.0984 4.0354 0.3189, 6.0984 4.0354 0.0039, 6.0984 3.8387 0.0039, 6.0984 3.8387 0.3189, 6.0984 3.7795 0.3189, 6.0984 3.7795 0.3228, -5.7047 3.2677 0.0039, -5.7047 3.2677 0.0, -5.7047 3.5827 0.0039, -5.7047 3.5827 0.0, -6.0984 3.5827 0.0039, -6.0984 3.5827 0.0, -6.0984 3.2677 0.0039, -6.0984 3.2677 0.0, -6.0984 3.5235 0.0039, -6.0984 3.5196 0.0, -6.0984 3.5235 0.3189, -6.0984 3.5196 0.3228, -6.0984 3.5827 0.3189, -6.0984 3.5827 0.3228, -6.0748 3.5156 0.3228, -6.0748 3.5156 0.0, -6.0529 3.5057 0.3228, -6.0529 3.5057 0.0, -6.0342 3.4906 0.3228, -6.0342 3.4906 0.0, -6.0199 3.4713 0.3228, -6.0199 3.4713 0.0, -6.0109 3.449 0.3228, -6.0109 3.449 0.0, -6.0079 3.4252 0.3228, -6.0079 3.4252 0.0, -6.0109 3.4014 0.3228, -6.0109 3.4014 0.0, -6.0199 3.3791 0.3228, -6.0199 3.3791 0.0, -6.0342 3.3598 0.3228, -6.0342 3.3598 0.0, -6.0529 3.3447 0.3228, -6.0529 3.3447 0.0, -6.0748 3.3348 0.3228, -6.0748 3.3348 0.0, -6.0984 3.3308 0.3228, -6.0984 3.3308 0.0, -6.0984 3.2677 0.3189, -6.0984 3.2677 0.3228, -6.0984 3.3269 0.3189, -6.0984 3.3269 0.0039, 6.0984 3.5827 0.0039, 6.0984 3.5827 0.0, 5.7047 3.5827 0.0039, 5.7047 3.5827 0.0, 5.7047 3.2677 0.0039, 5.7047 3.2677 0.0, 6.0984 3.2677 0.0039, 6.0984 3.2677 0.0, 6.0984 3.3308 0.3228, 6.0984 3.3308 0.0, 6.0748 3.3348 0.3228, 6.0748 3.3348 0.0, 6.0529 3.3447 0.3228, 6.0529 3.3447 0.0, 6.0342 3.3598 0.3228, 6.0342 3.3598 0.0, 6.0199 3.3791 0.3228, 6.0199 3.3791 0.0, 6.0109 3.4014 0.3228, 6.0109 3.4014 0.0, 6.0079 3.4252 0.3228, 6.0079 3.4252 0.0, 6.0109 3.449 0.3228, 6.0109 3.449 0.0, 6.0199 3.4713 0.3228, 6.0199 3.4713 0.0, 6.0342 3.4906 0.3228, 6.0342 3.4906 0.0, 6.0529 3.5057 0.3228, 6.0529 3.5057 0.0, 6.0748 3.5156 0.3228, 6.0748 3.5156 0.0, 6.0984 3.5196 0.3228, 6.0984 3.5196 0.0, 6.0984 3.5827 0.3189, 6.0984 3.5827 0.3228, 6.0984 3.5235 0.3189, 6.0984 3.5235 0.0039, 6.0984 3.3269 0.0039, 6.0984 3.3269 0.3189, 6.0984 3.2677 0.3189, 6.0984 3.2677 0.3228, -5.7047 2.7559 0.0039, -5.7047 2.7559 0.0, -5.7047 3.0709 0.0039, -5.7047 3.0709 0.0, -6.0984 3.0709 0.0039, -6.0984 3.0709 0.0, -6.0984 2.7559 0.0039, -6.0984 2.7559 0.0, -6.0984 3.0117 0.0039, -6.0984 3.0078 0.0, -6.0984 3.0117 0.3189, -6.0984 3.0078 0.3228, -6.0984 3.0709 0.3189, -6.0984 3.0709 0.3228, -6.0748 3.0038 0.3228, -6.0748 3.0038 0.0, -6.0529 2.9939 0.3228, -6.0529 2.9939 0.0, -6.0342 2.9788 0.3228, -6.0342 2.9788 0.0, -6.0199 2.9595 0.3228, -6.0199 2.9595 0.0, -6.0109 2.9372 0.3228, -6.0109 2.9372 0.0, -6.0079 2.9134 0.3228, -6.0079 2.9134 0.0, -6.0109 2.8896 0.3228, -6.0109 2.8896 0.0, -6.0199 2.8673 0.3228, -6.0199 2.8673 0.0, -6.0342 2.848 0.3228, -6.0342 2.848 0.0, -6.0529 2.8329 0.3228, -6.0529 2.8329 0.0, -6.0748 2.823 0.3228, -6.0748 2.823 0.0, -6.0984 2.819 0.3228, -6.0984 2.819 0.0, -6.0984 2.7559 0.3189, -6.0984 2.7559 0.3228, -6.0984 2.815 0.3189, -6.0984 2.815 0.0039, 6.0984 3.0709 0.0039, 6.0984 3.0709 0.0, 5.7047 3.0709 0.0039, 5.7047 3.0709 0.0, 5.7047 2.7559 0.0039, 5.7047 2.7559 0.0, 6.0984 2.7559 0.0039, 6.0984 2.7559 0.0, 6.0984 2.819 0.3228, 6.0984 2.819 0.0, 6.0748 2.823 0.3228, 6.0748 2.823 0.0, 6.0529 2.8329 0.3228, 6.0529 2.8329 0.0, 6.0342 2.848 0.3228, 6.0342 2.848 0.0, 6.0199 2.8673 0.3228, 6.0199 2.8673 0.0, 6.0109 2.8896 0.3228, 6.0109 2.8896 0.0, 6.0079 2.9134 0.3228, 6.0079 2.9134 0.0, 6.0109 2.9372 0.3228, 6.0109 2.9372 0.0, 6.0199 2.9595 0.3228, 6.0199 2.9595 0.0, 6.0342 2.9788 0.3228, 6.0342 2.9788 0.0, 6.0529 2.9939 0.3228, 6.0529 2.9939 0.0, 6.0748 3.0038 0.3228, 6.0748 3.0038 0.0, 6.0984 3.0078 0.3228, 6.0984 3.0078 0.0, 6.0984 3.0709 0.3189, 6.0984 3.0709 0.3228, 6.0984 3.0117 0.3189, 6.0984 3.0117 0.0039, 6.0984 2.815 0.0039, 6.0984 2.815 0.3189, 6.0984 2.7559 0.3189, 6.0984 2.7559 0.3228, -5.7047 2.2441 0.0039, -5.7047 2.2441 0.0, -5.7047 2.3622 0.0039, -5.7047 2.5591 0.0, -5.7047 2.5591 0.0039, -6.0984 2.5591 0.0039, -6.0984 2.5591 0.0, -6.0984 2.2441 0.0039, -6.0984 2.2441 0.0, -6.0984 2.4999 0.0039, -6.0984 2.496 0.0, -6.0984 2.4999 0.3189, -6.0984 2.496 0.3228, -6.0984 2.5591 0.3189, -6.0984 2.5591 0.3228, -6.0748 2.4919 0.3228, -6.0748 2.4919 0.0, -6.0529 2.4821 0.3228, -6.0529 2.4821 0.0, -6.0342 2.467 0.3228, -6.0342 2.467 0.0, -6.0199 2.4477 0.3228, -6.0199 2.4477 0.0, -6.0109 2.4254 0.3228, -6.0109 2.4254 0.0, -6.0079 2.4016 0.3228, -6.0079 2.4016 0.0, -6.0109 2.3778 0.3228, -6.0109 2.3778 0.0, -6.0199 2.3555 0.3228, -6.0199 2.3555 0.0, -6.0342 2.3362 0.3228, -6.0342 2.3362 0.0, -6.0529 2.3211 0.3228, -6.0529 2.3211 0.0, -6.0748 2.3112 0.3228, -6.0748 2.3112 0.0, -6.0984 2.3072 0.3228, -6.0984 2.3072 0.0, -6.0984 2.2441 0.3189, -6.0984 2.2441 0.3228, -6.0984 2.3032 0.3189, -6.0984 2.3032 0.0039, 6.0984 2.5591 0.0039, 6.0984 2.5591 0.0, 5.7047 2.5591 0.0039, 5.7047 2.5591 0.0, 5.7047 2.3622 0.0039, 5.7047 2.2441 0.0, 5.7047 2.2441 0.0039, 6.0984 2.2441 0.0039, 6.0984 2.2441 0.0, 6.0984 2.3072 0.3228, 6.0984 2.3072 0.0, 6.0748 2.3112 0.3228, 6.0748 2.3112 0.0, 6.0529 2.3211 0.3228, 6.0529 2.3211 0.0, 6.0342 2.3362 0.3228, 6.0342 2.3362 0.0, 6.0199 2.3555 0.3228, 6.0199 2.3555 0.0, 6.0109 2.3778 0.3228, 6.0109 2.3778 0.0, 6.0079 2.4016 0.3228, 6.0079 2.4016 0.0, 6.0109 2.4254 0.3228, 6.0109 2.4254 0.0, 6.0199 2.4477 0.3228, 6.0199 2.4477 0.0, 6.0342 2.467 0.3228, 6.0342 2.467 0.0, 6.0529 2.4821 0.3228, 6.0529 2.4821 0.0, 6.0748 2.4919 0.3228, 6.0748 2.4919 0.0, 6.0984 2.496 0.3228, 6.0984 2.496 0.0, 6.0984 2.5591 0.3189, 6.0984 2.5591 0.3228, 6.0984 2.4999 0.3189, 6.0984 2.4999 0.0039, 6.0984 2.3032 0.0039, 6.0984 2.3032 0.3189, 6.0984 2.2441 0.3189, 6.0984 2.2441 0.3228, -5.7047 1.7323 0.0039, -5.7047 1.7323 0.0, -5.7047 2.0472 0.0039, -5.7047 2.0472 0.0, -6.0984 2.0472 0.0039, -6.0984 2.0472 0.0, -6.0984 1.7323 0.0039, -6.0984 1.7323 0.0, -6.0984 1.9881 0.0039, -6.0984 1.9842 0.0, -6.0984 1.9881 0.3189, -6.0984 1.9842 0.3228, -6.0984 2.0472 0.3189, -6.0984 2.0472 0.3228, -6.0748 1.9801 0.3228, -6.0748 1.9801 0.0, -6.0529 1.9702 0.3228, -6.0529 1.9702 0.0, -6.0342 1.9552 0.3228, -6.0342 1.9552 0.0, -6.0199 1.9359 0.3228, -6.0199 1.9359 0.0, -6.0109 1.9136 0.3228, -6.0109 1.9136 0.0, -6.0079 1.8898 0.3228, -6.0079 1.8898 0.0, -6.0109 1.8659 0.3228, -6.0109 1.8659 0.0, -6.0199 1.8437 0.3228, -6.0199 1.8437 0.0, -6.0342 1.8244 0.3228, -6.0342 1.8244 0.0, -6.0529 1.8093 0.3228, -6.0529 1.8093 0.0, -6.0748 1.7994 0.3228, -6.0748 1.7994 0.0, -6.0984 1.7954 0.3228, -6.0984 1.7954 0.0, -6.0984 1.7323 0.3189, -6.0984 1.7323 0.3228, -6.0984 1.7914 0.3189, -6.0984 1.7914 0.0039, 6.0984 2.0472 0.0039, 6.0984 2.0472 0.0, 5.7047 2.0472 0.0039, 5.7047 2.0472 0.0, 5.7047 1.7323 0.0039, 5.7047 1.7323 0.0, 6.0984 1.7323 0.0039, 6.0984 1.7323 0.0, 6.0984 1.7954 0.3228, 6.0984 1.7954 0.0, 6.0748 1.7994 0.3228, 6.0748 1.7994 0.0, 6.0529 1.8093 0.3228, 6.0529 1.8093 0.0, 6.0342 1.8244 0.3228, 6.0342 1.8244 0.0, 6.0199 1.8437 0.3228, 6.0199 1.8437 0.0, 6.0109 1.8659 0.3228, 6.0109 1.8659 0.0, 6.0079 1.8898 0.3228, 6.0079 1.8898 0.0, 6.0109 1.9136 0.3228, 6.0109 1.9136 0.0, 6.0199 1.9359 0.3228, 6.0199 1.9359 0.0, 6.0342 1.9552 0.3228, 6.0342 1.9552 0.0, 6.0529 1.9702 0.3228, 6.0529 1.9702 0.0, 6.0748 1.9801 0.3228, 6.0748 1.9801 0.0, 6.0984 1.9842 0.3228, 6.0984 1.9842 0.0, 6.0984 2.0472 0.3189, 6.0984 2.0472 0.3228, 6.0984 1.9881 0.3189, 6.0984 1.9881 0.0039, 6.0984 1.7914 0.0039, 6.0984 1.7914 0.3189, 6.0984 1.7323 0.3189, 6.0984 1.7323 0.3228, -5.7047 1.3386 0.0039, -5.7047 1.3386 0.0, -6.0984 1.3386 0.0039, -6.0984 1.3386 0.0, -6.0984 1.0236 0.0039, -6.0984 1.0236 0.0, -5.7047 1.0236 0.0039, -5.7047 1.0236 0.0, -6.0984 1.2794 0.0039, -6.0984 1.2755 0.0, -6.0984 1.2794 0.3189, -6.0984 1.2755 0.3228, -6.0984 1.3386 0.3189, -6.0984 1.3386 0.3228, -6.0748 1.2715 0.3228, -6.0748 1.2715 0.0, -6.0529 1.2616 0.3228, -6.0529 1.2616 0.0, -6.0342 1.2465 0.3228, -6.0342 1.2465 0.0, -6.0199 1.2272 0.3228, -6.0199 1.2272 0.0, -6.0109 1.2049 0.3228, -6.0109 1.2049 0.0, -6.0079 1.1811 0.3228, -6.0079 1.1811 0.0, -6.0109 1.1573 0.3228, -6.0109 1.1573 0.0, -6.0199 1.135 0.3228, -6.0199 1.135 0.0, -6.0342 1.1157 0.3228, -6.0342 1.1157 0.0, -6.0529 1.1006 0.3228, -6.0529 1.1006 0.0, -6.0748 1.0907 0.3228, -6.0748 1.0907 0.0, -6.0984 1.0867 0.3228, -6.0984 1.0867 0.0, -6.0984 1.0236 0.3189, -6.0984 1.0236 0.3228, -6.0984 1.0828 0.3189, -6.0984 1.0828 0.0039, 6.0984 1.3386 0.0039, 6.0984 1.3386 0.0, 5.7047 1.3386 0.0039, 5.7047 1.3386 0.0, 5.7047 1.0236 0.0039, 5.7047 1.0236 0.0, 6.0984 1.0236 0.0039, 6.0984 1.0236 0.0, 6.0984 1.0867 0.3228, 6.0984 1.0867 0.0, 6.0748 1.0907 0.3228, 6.0748 1.0907 0.0, 6.0529 1.1006 0.3228, 6.0529 1.1006 0.0, 6.0342 1.1157 0.3228, 6.0342 1.1157 0.0, 6.0199 1.135 0.3228, 6.0199 1.135 0.0, 6.0109 1.1573 0.3228, 6.0109 1.1573 0.0, 6.0079 1.1811 0.3228, 6.0079 1.1811 0.0, 6.0109 1.2049 0.3228, 6.0109 1.2049 0.0, 6.0199 1.2272 0.3228, 6.0199 1.2272 0.0, 6.0342 1.2465 0.3228, 6.0342 1.2465 0.0, 6.0529 1.2616 0.3228, 6.0529 1.2616 0.0, 6.0748 1.2715 0.3228, 6.0748 1.2715 0.0, 6.0984 1.2755 0.3228, 6.0984 1.2755 0.0, 6.0984 1.3386 0.3189, 6.0984 1.3386 0.3228, 6.0984 1.2794 0.3189, 6.0984 1.2794 0.0039, 6.0984 1.0828 0.0039, 6.0984 1.0828 0.3189, 6.0984 1.0236 0.3189, 6.0984 1.0236 0.3228, -5.7047 0.8268 0.0039, -5.7047 0.8268 0.0, -6.0984 0.8268 0.0039, -6.0984 0.8268 0.0, -6.0984 0.5118 0.0039, -6.0984 0.5118 0.0, -5.7047 0.5118 0.0039, -5.7047 0.5118 0.0, -5.7047 0.7874 0.0039, -6.0984 0.7676 0.0039, -6.0984 0.7637 0.0, -6.0984 0.7676 0.3189, -6.0984 0.7637 0.3228, -6.0984 0.8268 0.3189, -6.0984 0.8268 0.3228, -6.0748 0.7597 0.3228, -6.0748 0.7597 0.0, -6.0529 0.7498 0.3228, -6.0529 0.7498 0.0, -6.0342 0.7347 0.3228, -6.0342 0.7347 0.0, -6.0199 0.7154 0.3228, -6.0199 0.7154 0.0, -6.0109 0.6931 0.3228, -6.0109 0.6931 0.0, -6.0079 0.6693 0.3228, -6.0079 0.6693 0.0, -6.0109 0.6455 0.3228, -6.0109 0.6455 0.0, -6.0199 0.6232 0.3228, -6.0199 0.6232 0.0, -6.0342 0.6039 0.3228, -6.0342 0.6039 0.0, -6.0529 0.5888 0.3228, -6.0529 0.5888 0.0, -6.0748 0.5789 0.3228, -6.0748 0.5789 0.0, -6.0984 0.5749 0.3228, -6.0984 0.5749 0.0, -6.0984 0.5118 0.3189, -6.0984 0.5118 0.3228, -6.0984 0.5709 0.3189, -6.0984 0.5709 0.0039, 6.0984 0.8268 0.0039, 6.0984 0.8268 0.0, 5.7047 0.8268 0.0039, 5.7047 0.8268 0.0, 5.7047 0.7874 0.0039, 5.7047 0.5118 0.0, 5.7047 0.5118 0.0039, 6.0984 0.5118 0.0039, 6.0984 0.5118 0.0, 6.0984 0.5749 0.3228, 6.0984 0.5749 0.0, 6.0748 0.5789 0.3228, 6.0748 0.5789 0.0, 6.0529 0.5888 0.3228, 6.0529 0.5888 0.0, 6.0342 0.6039 0.3228, 6.0342 0.6039 0.0, 6.0199 0.6232 0.3228, 6.0199 0.6232 0.0, 6.0109 0.6455 0.3228, 6.0109 0.6455 0.0, 6.0079 0.6693 0.3228, 6.0079 0.6693 0.0, 6.0109 0.6931 0.3228, 6.0109 0.6931 0.0, 6.0199 0.7154 0.3228, 6.0199 0.7154 0.0, 6.0342 0.7347 0.3228, 6.0342 0.7347 0.0, 6.0529 0.7498 0.3228, 6.0529 0.7498 0.0, 6.0748 0.7597 0.3228, 6.0748 0.7597 0.0, 6.0984 0.7637 0.3228, 6.0984 0.7637 0.0, 6.0984 0.8268 0.3189, 6.0984 0.8268 0.3228, 6.0984 0.7676 0.3189, 6.0984 0.7676 0.0039, 6.0984 0.5709 0.0039, 6.0984 0.5709 0.3189, 6.0984 0.5118 0.3189, 6.0984 0.5118 0.3228, -5.7047 0.315 0.0039, -5.7047 0.315 0.0, -6.0984 0.315 0.0039, -6.0984 0.315 0.0, -6.0984 0.0 0.0039, -6.0984 0.0 0.0, -5.7047 0.0 0.0039, -5.7047 0.0 0.0, -6.0984 0.2558 0.0039, -6.0984 0.2519 0.0, -6.0984 0.2558 0.3189, -6.0984 0.2519 0.3228, -6.0984 0.315 0.3189, -6.0984 0.315 0.3228, -6.0748 0.2478 0.3228, -6.0748 0.2478 0.0, -6.0529 0.238 0.3228, -6.0529 0.238 0.0, -6.0342 0.2229 0.3228, -6.0342 0.2229 0.0, -6.0199 0.2036 0.3228, -6.0199 0.2036 0.0, -6.0109 0.1813 0.3228, -6.0109 0.1813 0.0, -6.0079 0.1575 0.3228, -6.0079 0.1575 0.0, -6.0109 0.1337 0.3228, -6.0109 0.1337 0.0, -6.0199 0.1114 0.3228, -6.0199 0.1114 0.0, -6.0342 0.0921 0.3228, -6.0342 0.0921 0.0, -6.0529 0.077 0.3228, -6.0529 0.077 0.0, -6.0748 0.0671 0.3228, -6.0748 0.0671 0.0, -6.0984 0.0631 0.3228, -6.0984 0.0631 0.0, -6.0984 0.0 0.3189, -6.0984 0.0 0.3228, -6.0984 0.0591 0.3189, -6.0984 0.0591 0.0039, 6.0984 0.315 0.0039, 6.0984 0.315 0.0, 5.7047 0.315 0.0039, 5.7047 0.315 0.0, 5.7047 -0.0 0.0039, 5.7047 -0.0 0.0, 6.0984 -0.0 0.0039, 6.0984 -0.0 0.0, 6.0984 0.0631 0.3228, 6.0984 0.0631 0.0, 6.0748 0.0671 0.3228, 6.0748 0.0671 0.0, 6.0529 0.077 0.3228, 6.0529 0.077 0.0, 6.0342 0.0921 0.3228, 6.0342 0.0921 0.0, 6.0199 0.1114 0.3228, 6.0199 0.1114 0.0, 6.0109 0.1337 0.3228, 6.0109 0.1337 0.0, 6.0079 0.1575 0.3228, 6.0079 0.1575 0.0, 6.0109 0.1813 0.3228, 6.0109 0.1813 0.0, 6.0199 0.2036 0.3228, 6.0199 0.2036 0.0, 6.0342 0.2229 0.3228, 6.0342 0.2229 0.0, 6.0529 0.238 0.3228, 6.0529 0.238 0.0, 6.0748 0.2478 0.3228, 6.0748 0.2478 0.0, 6.0984 0.2519 0.3228, 6.0984 0.2519 0.0, 6.0984 0.315 0.3189, 6.0984 0.315 0.3228, 6.0984 0.2558 0.3189, 6.0984 0.2558 0.0039, 6.0984 0.0591 0.0039, 6.0984 0.0591 0.3189, 6.0984 0.0 0.3189, 6.0984 -0.0 0.3228, -5.7047 -0.1969 0.0039, -5.7047 -0.1969 0.0, -6.0984 -0.1969 0.0039, -6.0984 -0.1969 0.0, -6.0984 -0.5118 0.0039, -6.0984 -0.5118 0.0, -5.7047 -0.5118 0.0039, -5.7047 -0.5118 0.0, -6.0984 -0.256 0.0039, -6.0984 -0.2599 0.0, -6.0984 -0.256 0.3189, -6.0984 -0.2599 0.3228, -6.0984 -0.1969 0.3189, -6.0984 -0.1969 0.3228, -6.0748 -0.264 0.3228, -6.0748 -0.264 0.0, -6.0529 -0.2738 0.3228, -6.0529 -0.2738 0.0, -6.0342 -0.2889 0.3228, -6.0342 -0.2889 0.0, -6.0199 -0.3082 0.3228, -6.0199 -0.3082 0.0, -6.0109 -0.3305 0.3228, -6.0109 -0.3305 0.0, -6.0079 -0.3543 0.3228, -6.0079 -0.3543 0.0, -6.0109 -0.3782 0.3228, -6.0109 -0.3782 0.0, -6.0199 -0.4004 0.3228, -6.0199 -0.4004 0.0, -6.0342 -0.4197 0.3228, -6.0342 -0.4197 0.0, -6.0529 -0.4348 0.3228, -6.0529 -0.4348 0.0, -6.0748 -0.4447 0.3228, -6.0748 -0.4447 0.0, -6.0984 -0.4487 0.3228, -6.0984 -0.4487 0.0, -6.0984 -0.5118 0.3189, -6.0984 -0.5118 0.3228, -6.0984 -0.4527 0.3189, -6.0984 -0.4527 0.0039, 6.0984 -0.1969 0.0039, 6.0984 -0.1969 0.0, 5.7047 -0.1969 0.0039, 5.7047 -0.1969 0.0, 5.7047 -0.5118 0.0039, 5.7047 -0.5118 0.0, 6.0984 -0.5118 0.0039, 6.0984 -0.5118 0.0, 6.0984 -0.4487 0.3228, 6.0984 -0.4487 0.0, 6.0748 -0.4447 0.3228, 6.0748 -0.4447 0.0, 6.0529 -0.4348 0.3228, 6.0529 -0.4348 0.0, 6.0342 -0.4197 0.3228, 6.0342 -0.4197 0.0, 6.0199 -0.4004 0.3228, 6.0199 -0.4004 0.0, 6.0109 -0.3782 0.3228, 6.0109 -0.3782 0.0, 6.0079 -0.3543 0.3228, 6.0079 -0.3543 0.0, 6.0109 -0.3305 0.3228, 6.0109 -0.3305 0.0, 6.0199 -0.3082 0.3228, 6.0199 -0.3082 0.0, 6.0342 -0.2889 0.3228, 6.0342 -0.2889 0.0, 6.0529 -0.2738 0.3228, 6.0529 -0.2738 0.0, 6.0748 -0.264 0.3228, 6.0748 -0.264 0.0, 6.0984 -0.2599 0.3228, 6.0984 -0.2599 0.0, 6.0984 -0.1969 0.3189, 6.0984 -0.1969 0.3228, 6.0984 -0.256 0.3189, 6.0984 -0.256 0.0039, 6.0984 -0.4527 0.0039, 6.0984 -0.4527 0.3189, 6.0984 -0.5118 0.3189, 6.0984 -0.5118 0.3228, -5.7047 -0.7087 0.0039, -5.7047 -0.7087 0.0, -6.0984 -0.7087 0.0039, -6.0984 -0.7087 0.0, -6.0984 -1.0236 0.0039, -6.0984 -1.0236 0.0, -5.7047 -1.0236 0.0039, -5.7047 -1.0236 0.0, -5.7047 -0.7874 0.0039, -6.0984 -0.7678 0.0039, -6.0984 -0.7717 0.0, -6.0984 -0.7678 0.3189, -6.0984 -0.7717 0.3228, -6.0984 -0.7087 0.3189, -6.0984 -0.7087 0.3228, -6.0748 -0.7758 0.3228, -6.0748 -0.7758 0.0, -6.0529 -0.7857 0.3228, -6.0529 -0.7857 0.0, -6.0342 -0.8007 0.3228, -6.0342 -0.8007 0.0, -6.0199 -0.82 0.3228, -6.0199 -0.82 0.0, -6.0109 -0.8423 0.3228, -6.0109 -0.8423 0.0, -6.0079 -0.8661 0.3228, -6.0079 -0.8661 0.0, -6.0109 -0.89 0.3228, -6.0109 -0.89 0.0, -6.0199 -0.9122 0.3228, -6.0199 -0.9122 0.0, -6.0342 -0.9315 0.3228, -6.0342 -0.9315 0.0, -6.0529 -0.9466 0.3228, -6.0529 -0.9466 0.0, -6.0748 -0.9565 0.3228, -6.0748 -0.9565 0.0, -6.0984 -0.9605 0.3228, -6.0984 -0.9605 0.0, -6.0984 -1.0236 0.3189, -6.0984 -1.0236 0.3228, -6.0984 -0.9645 0.3189, -6.0984 -0.9645 0.0039, 6.0984 -0.7087 0.0039, 6.0984 -0.7087 0.0, 5.7047 -0.7087 0.0039, 5.7047 -0.7087 0.0, 5.7047 -0.7874 0.0039, 5.7047 -1.0236 0.0, 5.7047 -1.0236 0.0039, 6.0984 -1.0236 0.0039, 6.0984 -1.0236 0.0, 6.0984 -0.9605 0.3228, 6.0984 -0.9605 0.0, 6.0748 -0.9565 0.3228, 6.0748 -0.9565 0.0, 6.0529 -0.9466 0.3228, 6.0529 -0.9466 0.0, 6.0342 -0.9315 0.3228, 6.0342 -0.9315 0.0, 6.0199 -0.9122 0.3228, 6.0199 -0.9122 0.0, 6.0109 -0.89 0.3228, 6.0109 -0.89 0.0, 6.0079 -0.8661 0.3228, 6.0079 -0.8661 0.0, 6.0109 -0.8423 0.3228, 6.0109 -0.8423 0.0, 6.0199 -0.82 0.3228, 6.0199 -0.82 0.0, 6.0342 -0.8007 0.3228, 6.0342 -0.8007 0.0, 6.0529 -0.7857 0.3228, 6.0529 -0.7857 0.0, 6.0748 -0.7758 0.3228, 6.0748 -0.7758 0.0, 6.0984 -0.7717 0.3228, 6.0984 -0.7717 0.0, 6.0984 -0.7087 0.3189, 6.0984 -0.7087 0.3228, 6.0984 -0.7678 0.3189, 6.0984 -0.7678 0.0039, 6.0984 -0.9645 0.0039, 6.0984 -0.9645 0.3189, 6.0984 -1.0236 0.3189, 6.0984 -1.0236 0.3228, -5.7047 -1.2205 0.0039, -5.7047 -1.2205 0.0, -6.0984 -1.2205 0.0039, -6.0984 -1.2205 0.0, -6.0984 -1.5354 0.0039, -6.0984 -1.5354 0.0, -5.7047 -1.5354 0.0039, -5.7047 -1.5354 0.0, -6.0984 -1.2796 0.0039, -6.0984 -1.2835 0.0, -6.0984 -1.2796 0.3189, -6.0984 -1.2835 0.3228, -6.0984 -1.2205 0.3189, -6.0984 -1.2205 0.3228, -6.0748 -1.2876 0.3228, -6.0748 -1.2876 0.0, -6.0529 -1.2975 0.3228, -6.0529 -1.2975 0.0, -6.0342 -1.3125 0.3228, -6.0342 -1.3125 0.0, -6.0199 -1.3318 0.3228, -6.0199 -1.3318 0.0, -6.0109 -1.3541 0.3228, -6.0109 -1.3541 0.0, -6.0079 -1.378 0.3228, -6.0079 -1.378 0.0, -6.0109 -1.4018 0.3228, -6.0109 -1.4018 0.0, -6.0199 -1.4241 0.3228, -6.0199 -1.4241 0.0, -6.0342 -1.4434 0.3228, -6.0342 -1.4434 0.0, -6.0529 -1.4584 0.3228, -6.0529 -1.4584 0.0, -6.0748 -1.4683 0.3228, -6.0748 -1.4683 0.0, -6.0984 -1.4724 0.3228, -6.0984 -1.4724 0.0, -6.0984 -1.5354 0.3189, -6.0984 -1.5354 0.3228, -6.0984 -1.4763 0.3189, -6.0984 -1.4763 0.0039, 6.0984 -1.2205 0.0039, 6.0984 -1.2205 0.0, 5.7047 -1.2205 0.0039, 5.7047 -1.2205 0.0, 5.7047 -1.5354 0.0039, 5.7047 -1.5354 0.0, 6.0984 -1.5354 0.0039, 6.0984 -1.5354 0.0, 6.0984 -1.4724 0.3228, 6.0984 -1.4724 0.0, 6.0748 -1.4683 0.3228, 6.0748 -1.4683 0.0, 6.0529 -1.4584 0.3228, 6.0529 -1.4584 0.0, 6.0342 -1.4434 0.3228, 6.0342 -1.4434 0.0, 6.0199 -1.4241 0.3228, 6.0199 -1.4241 0.0, 6.0109 -1.4018 0.3228, 6.0109 -1.4018 0.0, 6.0079 -1.378 0.3228, 6.0079 -1.378 0.0, 6.0109 -1.3541 0.3228, 6.0109 -1.3541 0.0, 6.0199 -1.3318 0.3228, 6.0199 -1.3318 0.0, 6.0342 -1.3125 0.3228, 6.0342 -1.3125 0.0, 6.0529 -1.2975 0.3228, 6.0529 -1.2975 0.0, 6.0748 -1.2876 0.3228, 6.0748 -1.2876 0.0, 6.0984 -1.2835 0.3228, 6.0984 -1.2835 0.0, 6.0984 -1.2205 0.3189, 6.0984 -1.2205 0.3228, 6.0984 -1.2796 0.3189, 6.0984 -1.2796 0.0039, 6.0984 -1.4763 0.0039, 6.0984 -1.4763 0.3189, 6.0984 -1.5354 0.3189, 6.0984 -1.5354 0.3228, -5.7047 -1.7323 0.0039, -5.7047 -1.7323 0.0, -6.0984 -1.7323 0.0039, -6.0984 -1.7323 0.0, -6.0984 -2.0472 0.0039, -6.0984 -2.0472 0.0, -5.7047 -2.0472 0.0039, -5.7047 -2.0472 0.0, -6.0984 -1.7914 0.0039, -6.0984 -1.7954 0.0, -6.0984 -1.7914 0.3189, -6.0984 -1.7954 0.3228, -6.0984 -1.7323 0.3189, -6.0984 -1.7323 0.3228, -6.0748 -1.7994 0.3228, -6.0748 -1.7994 0.0, -6.0529 -1.8093 0.3228, -6.0529 -1.8093 0.0, -6.0342 -1.8244 0.3228, -6.0342 -1.8244 0.0, -6.0199 -1.8437 0.3228, -6.0199 -1.8437 0.0, -6.0109 -1.8659 0.3228, -6.0109 -1.8659 0.0, -6.0079 -1.8898 0.3228, -6.0079 -1.8898 0.0, -6.0109 -1.9136 0.3228, -6.0109 -1.9136 0.0, -6.0199 -1.9359 0.3228, -6.0199 -1.9359 0.0, -6.0342 -1.9552 0.3228, -6.0342 -1.9552 0.0, -6.0529 -1.9702 0.3228, -6.0529 -1.9702 0.0, -6.0748 -1.9801 0.3228, -6.0748 -1.9801 0.0, -6.0984 -1.9842 0.3228, -6.0984 -1.9842 0.0, -6.0984 -2.0472 0.3189, -6.0984 -2.0472 0.3228, -6.0984 -1.9881 0.3189, -6.0984 -1.9881 0.0039, 6.0984 -1.7323 0.0039, 6.0984 -1.7323 0.0, 5.7047 -1.7323 0.0039, 5.7047 -1.7323 0.0, 5.7047 -2.0472 0.0039, 5.7047 -2.0472 0.0, 6.0984 -2.0472 0.0039, 6.0984 -2.0472 0.0, 6.0984 -1.9842 0.3228, 6.0984 -1.9842 0.0, 6.0748 -1.9801 0.3228, 6.0748 -1.9801 0.0, 6.0529 -1.9702 0.3228, 6.0529 -1.9702 0.0, 6.0342 -1.9552 0.3228, 6.0342 -1.9552 0.0, 6.0199 -1.9359 0.3228, 6.0199 -1.9359 0.0, 6.0109 -1.9136 0.3228, 6.0109 -1.9136 0.0, 6.0079 -1.8898 0.3228, 6.0079 -1.8898 0.0, 6.0109 -1.8659 0.3228, 6.0109 -1.8659 0.0, 6.0199 -1.8437 0.3228, 6.0199 -1.8437 0.0, 6.0342 -1.8244 0.3228, 6.0342 -1.8244 0.0, 6.0529 -1.8093 0.3228, 6.0529 -1.8093 0.0, 6.0748 -1.7994 0.3228, 6.0748 -1.7994 0.0, 6.0984 -1.7954 0.3228, 6.0984 -1.7954 0.0, 6.0984 -1.7323 0.3189, 6.0984 -1.7323 0.3228, 6.0984 -1.7914 0.3189, 6.0984 -1.7914 0.0039, 6.0984 -1.9881 0.0039, 6.0984 -1.9881 0.3189, 6.0984 -2.0472 0.3189, 6.0984 -2.0472 0.3228, -5.7047 -2.2441 0.0039, -5.7047 -2.2441 0.0, -6.0984 -2.2441 0.0039, -6.0984 -2.2441 0.0, -6.0984 -2.5591 0.0039, -6.0984 -2.5591 0.0, -5.7047 -2.5591 0.0039, -5.7047 -2.5591 0.0, -5.7047 -2.3622 0.0039, -6.0984 -2.3032 0.0039, -6.0984 -2.3072 0.0, -6.0984 -2.3032 0.3189, -6.0984 -2.3072 0.3228, -6.0984 -2.2441 0.3189, -6.0984 -2.2441 0.3228, -6.0748 -2.3112 0.3228, -6.0748 -2.3112 0.0, -6.0529 -2.3211 0.3228, -6.0529 -2.3211 0.0, -6.0342 -2.3362 0.3228, -6.0342 -2.3362 0.0, -6.0199 -2.3555 0.3228, -6.0199 -2.3555 0.0, -6.0109 -2.3778 0.3228, -6.0109 -2.3778 0.0, -6.0079 -2.4016 0.3228, -6.0079 -2.4016 0.0, -6.0109 -2.4254 0.3228, -6.0109 -2.4254 0.0, -6.0199 -2.4477 0.3228, -6.0199 -2.4477 0.0, -6.0342 -2.467 0.3228, -6.0342 -2.467 0.0, -6.0529 -2.4821 0.3228, -6.0529 -2.4821 0.0, -6.0748 -2.4919 0.3228, -6.0748 -2.4919 0.0, -6.0984 -2.496 0.3228, -6.0984 -2.496 0.0, -6.0984 -2.5591 0.3189, -6.0984 -2.5591 0.3228, -6.0984 -2.4999 0.3189, -6.0984 -2.4999 0.0039, 6.0984 -2.2441 0.0039, 6.0984 -2.2441 0.0, 5.7047 -2.2441 0.0039, 5.7047 -2.2441 0.0, 5.7047 -2.3622 0.0039, 5.7047 -2.5591 0.0, 5.7047 -2.5591 0.0039, 6.0984 -2.5591 0.0039, 6.0984 -2.5591 0.0, 6.0984 -2.496 0.3228, 6.0984 -2.496 0.0, 6.0748 -2.4919 0.3228, 6.0748 -2.4919 0.0, 6.0529 -2.4821 0.3228, 6.0529 -2.4821 0.0, 6.0342 -2.467 0.3228, 6.0342 -2.467 0.0, 6.0199 -2.4477 0.3228, 6.0199 -2.4477 0.0, 6.0109 -2.4254 0.3228, 6.0109 -2.4254 0.0, 6.0079 -2.4016 0.3228, 6.0079 -2.4016 0.0, 6.0109 -2.3778 0.3228, 6.0109 -2.3778 0.0, 6.0199 -2.3555 0.3228, 6.0199 -2.3555 0.0, 6.0342 -2.3362 0.3228, 6.0342 -2.3362 0.0, 6.0529 -2.3211 0.3228, 6.0529 -2.3211 0.0, 6.0748 -2.3112 0.3228, 6.0748 -2.3112 0.0, 6.0984 -2.3072 0.3228, 6.0984 -2.3072 0.0, 6.0984 -2.2441 0.3189, 6.0984 -2.2441 0.3228, 6.0984 -2.3032 0.3189, 6.0984 -2.3032 0.0039, 6.0984 -2.4999 0.0039, 6.0984 -2.4999 0.3189, 6.0984 -2.5591 0.3189, 6.0984 -2.5591 0.3228, -5.7047 -2.7559 0.0039, -5.7047 -2.7559 0.0, -6.0984 -2.7559 0.0039, -6.0984 -2.7559 0.0, -6.0984 -3.0709 0.0039, -6.0984 -3.0709 0.0, -5.7047 -3.0709 0.0039, -5.7047 -3.0709 0.0, -6.0984 -2.815 0.0039, -6.0984 -2.819 0.0, -6.0984 -2.815 0.3189, -6.0984 -2.819 0.3228, -6.0984 -2.7559 0.3189, -6.0984 -2.7559 0.3228, -6.0748 -2.823 0.3228, -6.0748 -2.823 0.0, -6.0529 -2.8329 0.3228, -6.0529 -2.8329 0.0, -6.0342 -2.848 0.3228, -6.0342 -2.848 0.0, -6.0199 -2.8673 0.3228, -6.0199 -2.8673 0.0, -6.0109 -2.8896 0.3228, -6.0109 -2.8896 0.0, -6.0079 -2.9134 0.3228, -6.0079 -2.9134 0.0, -6.0109 -2.9372 0.3228, -6.0109 -2.9372 0.0, -6.0199 -2.9595 0.3228, -6.0199 -2.9595 0.0, -6.0342 -2.9788 0.3228, -6.0342 -2.9788 0.0, -6.0529 -2.9939 0.3228, -6.0529 -2.9939 0.0, -6.0748 -3.0038 0.3228, -6.0748 -3.0038 0.0, -6.0984 -3.0078 0.3228, -6.0984 -3.0078 0.0, -6.0984 -3.0709 0.3189, -6.0984 -3.0709 0.3228, -6.0984 -3.0117 0.3189, -6.0984 -3.0117 0.0039, 6.0984 -2.7559 0.0039, 6.0984 -2.7559 0.0, 5.7047 -2.7559 0.0039, 5.7047 -2.7559 0.0, 5.7047 -3.0709 0.0039, 5.7047 -3.0709 0.0, 6.0984 -3.0709 0.0039, 6.0984 -3.0709 0.0, 6.0984 -3.0078 0.3228, 6.0984 -3.0078 0.0, 6.0748 -3.0038 0.3228, 6.0748 -3.0038 0.0, 6.0529 -2.9939 0.3228, 6.0529 -2.9939 0.0, 6.0342 -2.9788 0.3228, 6.0342 -2.9788 0.0, 6.0199 -2.9595 0.3228, 6.0199 -2.9595 0.0, 6.0109 -2.9372 0.3228, 6.0109 -2.9372 0.0, 6.0079 -2.9134 0.3228, 6.0079 -2.9134 0.0, 6.0109 -2.8896 0.3228, 6.0109 -2.8896 0.0, 6.0199 -2.8673 0.3228, 6.0199 -2.8673 0.0, 6.0342 -2.848 0.3228, 6.0342 -2.848 0.0, 6.0529 -2.8329 0.3228, 6.0529 -2.8329 0.0, 6.0748 -2.823 0.3228, 6.0748 -2.823 0.0, 6.0984 -2.819 0.3228, 6.0984 -2.819 0.0, 6.0984 -2.7559 0.3189, 6.0984 -2.7559 0.3228, 6.0984 -2.815 0.3189, 6.0984 -2.815 0.0039, 6.0984 -3.0117 0.0039, 6.0984 -3.0117 0.3189, 6.0984 -3.0709 0.3189, 6.0984 -3.0709 0.3228, -5.7047 -3.2677 0.0039, -5.7047 -3.2677 0.0, -6.0984 -3.2677 0.0039, -6.0984 -3.2677 0.0, -6.0984 -3.5827 0.0039, -6.0984 -3.5827 0.0, -5.7047 -3.5827 0.0039, -5.7047 -3.5827 0.0, -6.0984 -3.3269 0.0039, -6.0984 -3.3308 0.0, -6.0984 -3.3269 0.3189, -6.0984 -3.3308 0.3228, -6.0984 -3.2677 0.3189, -6.0984 -3.2677 0.3228, -6.0748 -3.3348 0.3228, -6.0748 -3.3348 0.0, -6.0529 -3.3447 0.3228, -6.0529 -3.3447 0.0, -6.0342 -3.3598 0.3228, -6.0342 -3.3598 0.0, -6.0199 -3.3791 0.3228, -6.0199 -3.3791 0.0, -6.0109 -3.4014 0.3228, -6.0109 -3.4014 0.0, -6.0079 -3.4252 0.3228, -6.0079 -3.4252 0.0, -6.0109 -3.449 0.3228, -6.0109 -3.449 0.0, -6.0199 -3.4713 0.3228, -6.0199 -3.4713 0.0, -6.0342 -3.4906 0.3228, -6.0342 -3.4906 0.0, -6.0529 -3.5057 0.3228, -6.0529 -3.5057 0.0, -6.0748 -3.5156 0.3228, -6.0748 -3.5156 0.0, -6.0984 -3.5196 0.3228, -6.0984 -3.5196 0.0, -6.0984 -3.5827 0.3189, -6.0984 -3.5827 0.3228, -6.0984 -3.5235 0.3189, -6.0984 -3.5235 0.0039, 6.0984 -3.2677 0.0039, 6.0984 -3.2677 0.0, 5.7047 -3.2677 0.0039, 5.7047 -3.2677 0.0, 5.7047 -3.5827 0.0039, 5.7047 -3.5827 0.0, 6.0984 -3.5827 0.0039, 6.0984 -3.5827 0.0, 6.0984 -3.5196 0.3228, 6.0984 -3.5196 0.0, 6.0748 -3.5156 0.3228, 6.0748 -3.5156 0.0, 6.0529 -3.5057 0.3228, 6.0529 -3.5057 0.0, 6.0342 -3.4906 0.3228, 6.0342 -3.4906 0.0, 6.0199 -3.4713 0.3228, 6.0199 -3.4713 0.0, 6.0109 -3.449 0.3228, 6.0109 -3.449 0.0, 6.0079 -3.4252 0.3228, 6.0079 -3.4252 0.0, 6.0109 -3.4014 0.3228, 6.0109 -3.4014 0.0, 6.0199 -3.3791 0.3228, 6.0199 -3.3791 0.0, 6.0342 -3.3598 0.3228, 6.0342 -3.3598 0.0, 6.0529 -3.3447 0.3228, 6.0529 -3.3447 0.0, 6.0748 -3.3348 0.3228, 6.0748 -3.3348 0.0, 6.0984 -3.3308 0.3228, 6.0984 -3.3308 0.0, 6.0984 -3.2677 0.3189, 6.0984 -3.2677 0.3228, 6.0984 -3.3269 0.3189, 6.0984 -3.3269 0.0039, 6.0984 -3.5235 0.0039, 6.0984 -3.5235 0.3189, 6.0984 -3.5827 0.3189, 6.0984 -3.5827 0.3228, -5.7047 -3.7795 0.0039, -5.7047 -3.7795 0.0, -6.0984 -3.7795 0.0039, -6.0984 -3.7795 0.0, -6.0984 -4.0945 0.0039, -6.0984 -4.0945 0.0, -5.7047 -4.0945 0.0039, -5.7047 -4.0945 0.0, -5.7047 -3.937 0.0039, -6.0984 -3.8387 0.0039, -6.0984 -3.8426 0.0, -6.0984 -3.8387 0.3189, -6.0984 -3.8426 0.3228, -6.0984 -3.7795 0.3189, -6.0984 -3.7795 0.3228, -6.0748 -3.8466 0.3228, -6.0748 -3.8466 0.0, -6.0529 -3.8565 0.3228, -6.0529 -3.8565 0.0, -6.0342 -3.8716 0.3228, -6.0342 -3.8716 0.0, -6.0199 -3.8909 0.3228, -6.0199 -3.8909 0.0, -6.0109 -3.9132 0.3228, -6.0109 -3.9132 0.0, -6.0079 -3.937 0.3228, -6.0079 -3.937 0.0, -6.0109 -3.9608 0.3228, -6.0109 -3.9608 0.0, -6.0199 -3.9831 0.3228, -6.0199 -3.9831 0.0, -6.0342 -4.0024 0.3228, -6.0342 -4.0024 0.0, -6.0529 -4.0175 0.3228, -6.0529 -4.0175 0.0, -6.0748 -4.0274 0.3228, -6.0748 -4.0274 0.0, -6.0984 -4.0314 0.3228, -6.0984 -4.0314 0.0, -6.0984 -4.0945 0.3189, -6.0984 -4.0945 0.3228, -6.0984 -4.0354 0.3189, -6.0984 -4.0354 0.0039, 6.0984 -3.7795 0.0039, 6.0984 -3.7795 0.0, 5.7047 -3.7795 0.0039, 5.7047 -3.7795 0.0, 5.7047 -3.937 0.0039, 5.7047 -4.0945 0.0, 5.7047 -4.0945 0.0039, 6.0984 -4.0945 0.0039, 6.0984 -4.0945 0.0, 6.0984 -4.0314 0.3228, 6.0984 -4.0314 0.0, 6.0748 -4.0274 0.3228, 6.0748 -4.0274 0.0, 6.0529 -4.0175 0.3228, 6.0529 -4.0175 0.0, 6.0342 -4.0024 0.3228, 6.0342 -4.0024 0.0, 6.0199 -3.9831 0.3228, 6.0199 -3.9831 0.0, 6.0109 -3.9608 0.3228, 6.0109 -3.9608 0.0, 6.0079 -3.937 0.3228, 6.0079 -3.937 0.0, 6.0109 -3.9132 0.3228, 6.0109 -3.9132 0.0, 6.0199 -3.8909 0.3228, 6.0199 -3.8909 0.0, 6.0342 -3.8716 0.3228, 6.0342 -3.8716 0.0, 6.0529 -3.8565 0.3228, 6.0529 -3.8565 0.0, 6.0748 -3.8466 0.3228, 6.0748 -3.8466 0.0, 6.0984 -3.8426 0.3228, 6.0984 -3.8426 0.0, 6.0984 -3.7795 0.3189, 6.0984 -3.7795 0.3228, 6.0984 -3.8387 0.3189, 6.0984 -3.8387 0.0039, 6.0984 -4.0354 0.0039, 6.0984 -4.0354 0.3189, 6.0984 -4.0945 0.3189, 6.0984 -4.0945 0.3228, -5.7047 -4.2913 0.0039, -5.7047 -4.2913 0.0, -6.0984 -4.2913 0.0039, -6.0984 -4.2913 0.0, -6.0984 -4.6063 0.0039, -6.0984 -4.6063 0.0, -5.7047 -4.6063 0.0039, -5.7047 -4.6063 0.0, -6.0984 -4.3505 0.0039, -6.0984 -4.3544 0.0, -6.0984 -4.3505 0.3189, -6.0984 -4.3544 0.3228, -6.0984 -4.2913 0.3189, -6.0984 -4.2913 0.3228, -6.0748 -4.3585 0.3228, -6.0748 -4.3585 0.0, -6.0529 -4.3683 0.3228, -6.0529 -4.3683 0.0, -6.0342 -4.3834 0.3228, -6.0342 -4.3834 0.0, -6.0199 -4.4027 0.3228, -6.0199 -4.4027 0.0, -6.0109 -4.425 0.3228, -6.0109 -4.425 0.0, -6.0079 -4.4488 0.3228, -6.0079 -4.4488 0.0, -6.0109 -4.4726 0.3228, -6.0109 -4.4726 0.0, -6.0199 -4.4949 0.3228, -6.0199 -4.4949 0.0, -6.0342 -4.5142 0.3228, -6.0342 -4.5142 0.0, -6.0529 -4.5293 0.3228, -6.0529 -4.5293 0.0, -6.0748 -4.5392 0.3228, -6.0748 -4.5392 0.0, -6.0984 -4.5432 0.3228, -6.0984 -4.5432 0.0, -6.0984 -4.6063 0.3189, -6.0984 -4.6063 0.3228, -6.0984 -4.5472 0.3189, -6.0984 -4.5472 0.0039, 6.0984 -4.2913 0.0039, 6.0984 -4.2913 0.0, 5.7047 -4.2913 0.0039, 5.7047 -4.2913 0.0, 5.7047 -4.6063 0.0039, 5.7047 -4.6063 0.0, 6.0984 -4.6063 0.0039, 6.0984 -4.6063 0.0, 6.0984 -4.5432 0.3228, 6.0984 -4.5432 0.0, 6.0748 -4.5392 0.3228, 6.0748 -4.5392 0.0, 6.0529 -4.5293 0.3228, 6.0529 -4.5293 0.0, 6.0342 -4.5142 0.3228, 6.0342 -4.5142 0.0, 6.0199 -4.4949 0.3228, 6.0199 -4.4949 0.0, 6.0109 -4.4726 0.3228, 6.0109 -4.4726 0.0, 6.0079 -4.4488 0.3228, 6.0079 -4.4488 0.0, 6.0109 -4.425 0.3228, 6.0109 -4.425 0.0, 6.0199 -4.4027 0.3228, 6.0199 -4.4027 0.0, 6.0342 -4.3834 0.3228, 6.0342 -4.3834 0.0, 6.0529 -4.3683 0.3228, 6.0529 -4.3683 0.0, 6.0748 -4.3585 0.3228, 6.0748 -4.3585 0.0, 6.0984 -4.3544 0.3228, 6.0984 -4.3544 0.0, 6.0984 -4.2913 0.3189, 6.0984 -4.2913 0.3228, 6.0984 -4.3505 0.3189, 6.0984 -4.3505 0.0039, 6.0984 -4.5472 0.0039, 6.0984 -4.5472 0.3189, 6.0984 -4.6063 0.3189, 6.0984 -4.6063 0.3228, -5.7047 -4.8031 0.0039, -5.7047 -4.8031 0.0, -6.0984 -4.8031 0.0039, -6.0984 -4.8031 0.0, -6.0984 -5.1181 0.0039, -6.0984 -5.1181 0.0, -5.7047 -5.1181 0.0039, -5.7047 -5.1181 0.0, -6.0984 -4.8623 0.0039, -6.0984 -4.8662 0.0, -6.0984 -4.8623 0.3189, -6.0984 -4.8662 0.3228, -6.0984 -4.8031 0.3189, -6.0984 -4.8031 0.3228, -6.0748 -4.8703 0.3228, -6.0748 -4.8703 0.0, -6.0529 -4.8801 0.3228, -6.0529 -4.8801 0.0, -6.0342 -4.8952 0.3228, -6.0342 -4.8952 0.0, -6.0199 -4.9145 0.3228, -6.0199 -4.9145 0.0, -6.0109 -4.9368 0.3228, -6.0109 -4.9368 0.0, -6.0079 -4.9606 0.3228, -6.0079 -4.9606 0.0, -6.0109 -4.9845 0.3228, -6.0109 -4.9845 0.0, -6.0199 -5.0067 0.3228, -6.0199 -5.0067 0.0, -6.0342 -5.026 0.3228, -6.0342 -5.026 0.0, -6.0529 -5.0411 0.3228, -6.0529 -5.0411 0.0, -6.0748 -5.051 0.3228, -6.0748 -5.051 0.0, -6.0984 -5.055 0.3228, -6.0984 -5.055 0.0, -6.0984 -5.1181 0.3189, -6.0984 -5.1181 0.3228, -6.0984 -5.059 0.3189, -6.0984 -5.059 0.0039, 6.0984 -4.8031 0.0039, 6.0984 -4.8031 0.0, 5.7047 -4.8031 0.0039, 5.7047 -4.8031 0.0, 5.7047 -5.1181 0.0039, 5.7047 -5.1181 0.0, 6.0984 -5.1181 0.0039, 6.0984 -5.1181 0.0, 6.0984 -5.055 0.3228, 6.0984 -5.055 0.0, 6.0748 -5.051 0.3228, 6.0748 -5.051 0.0, 6.0529 -5.0411 0.3228, 6.0529 -5.0411 0.0, 6.0342 -5.026 0.3228, 6.0342 -5.026 0.0, 6.0199 -5.0067 0.3228, 6.0199 -5.0067 0.0, 6.0109 -4.9845 0.3228, 6.0109 -4.9845 0.0, 6.0079 -4.9606 0.3228, 6.0079 -4.9606 0.0, 6.0109 -4.9368 0.3228, 6.0109 -4.9368 0.0, 6.0199 -4.9145 0.3228, 6.0199 -4.9145 0.0, 6.0342 -4.8952 0.3228, 6.0342 -4.8952 0.0, 6.0529 -4.8801 0.3228, 6.0529 -4.8801 0.0, 6.0748 -4.8703 0.3228, 6.0748 -4.8703 0.0, 6.0984 -4.8662 0.3228, 6.0984 -4.8662 0.0, 6.0984 -4.8031 0.3189, 6.0984 -4.8031 0.3228, 6.0984 -4.8623 0.3189, 6.0984 -4.8623 0.0039, 6.0984 -5.059 0.0039, 6.0984 -5.059 0.3189, 6.0984 -5.1181 0.3189, 6.0984 -5.1181 0.3228, 1.1614 0.4134 0.0039, 1.1614 0.4134 0.0, 1.1614 0.7283 0.0039, 1.1614 0.8465 0.0, 1.1614 0.8465 0.0039, 0.7283 0.8465 0.0039, 0.7283 0.8465 0.0, 0.7283 0.7283 0.0039, 0.7283 0.4134 0.0, 0.7283 0.4134 0.0039, 3.622 4.3701 0.0039, 3.622 3.189 0.0039, 3.622 4.3701 0.0, 3.622 3.189 0.0, 2.8346 4.3701 0.0039, 2.8346 4.3701 0.0, 2.8346 3.189 0.0039, 2.8346 3.189 0.0, -4.9016 4.5472 0.0039, -4.9016 4.1142 0.0039, -4.9016 4.5472 0.0, -4.9016 4.1142 0.0, -5.3346 4.5472 0.0039, -5.3346 4.5472 0.0, -5.3346 4.1142 0.0039, -5.3346 4.1142 0.0, 2.8346 2.4803 0.0039, 3.622 2.4803 0.0039, 2.8346 2.4803 0.0, 3.622 2.4803 0.0, 2.8346 1.5748 0.0039, 2.8346 1.2992 0.0, 2.8346 1.2992 0.0039, 3.622 1.2992 0.0039, 3.622 1.2992 0.0, 3.622 1.5748 0.0039, 0.5315 0.8465 0.0039, 0.5315 0.8465 0.0, 0.1673 0.8465 0.0039, 0.0984 0.8465 0.0, 0.0984 0.8465 0.0039, 0.0984 0.7283 0.0039, 0.0984 0.4134 0.0, 0.0984 0.4134 0.0039, 0.1673 0.4134 0.0039, 0.5315 0.4134 0.0, 0.5315 0.4134 0.0039, 0.5315 0.7283 0.0039, -0.5315 0.8465 0.0039, -0.0984 0.8465 0.0039, -0.5315 0.8465 0.0, -0.0984 0.8465 0.0, -0.5315 0.7283 0.0039, -0.5315 0.4134 0.0, -0.5315 0.4134 0.0039, -0.0984 0.4134 0.0039, -0.0984 0.4134 0.0, -0.0984 0.7283 0.0039, -1.1614 0.8465 0.0039, -0.7283 0.8465 0.0039, -1.1614 0.8465 0.0, -0.7283 0.8465 0.0, -1.1614 0.7283 0.0039, -1.1614 0.4134 0.0, -1.1614 0.4134 0.0039, -0.7283 0.4134 0.0039, -0.7283 0.4134 0.0, -0.7283 0.7283 0.0039, 0.5315 0.2165 0.0039, 0.5315 0.2165 0.0, 0.1673 0.2165 0.0039, 0.0984 0.2165 0.0, 0.0984 0.2165 0.0039, 0.0984 -0.2165 0.0039, 0.0984 -0.2165 0.0, 0.1673 -0.2165 0.0039, 0.5315 -0.2165 0.0, 0.5315 -0.2165 0.0039, -0.5315 0.2165 0.0039, -0.0984 0.2165 0.0039, -0.5315 0.2165 0.0, -0.0984 0.2165 0.0, -0.5315 -0.2165 0.0039, -0.5315 -0.2165 0.0, -0.0984 -0.2165 0.0039, -0.0984 -0.2165 0.0, -1.1614 0.2165 0.0039, -0.7283 0.2165 0.0039, -1.1614 0.2165 0.0, -0.7283 0.2165 0.0, -1.1614 -0.2165 0.0039, -1.1614 -0.2165 0.0, -0.7283 -0.2165 0.0039, -0.7283 -0.2165 0.0, 0.5315 -0.4134 0.0039, 0.5315 -0.4134 0.0, 0.1673 -0.4134 0.0039, 0.0984 -0.4134 0.0, 0.0984 -0.4134 0.0039, 0.0984 -0.8465 0.0039, 0.0984 -0.8465 0.0, 0.1673 -0.8465 0.0039, 0.5315 -0.8465 0.0, 0.5315 -0.8465 0.0039, -0.5315 -0.4134 0.0039, -0.0984 -0.4134 0.0039, -0.5315 -0.4134 0.0, -0.0984 -0.4134 0.0, -0.5315 -0.8465 0.0039, -0.5315 -0.8465 0.0, -0.0984 -0.8465 0.0039, -0.0984 -0.8465 0.0, -1.1614 -0.4134 0.0039, -0.7283 -0.4134 0.0039, -1.1614 -0.4134 0.0, -0.7283 -0.4134 0.0, -1.1614 -0.8465 0.0039, -1.1614 -0.8465 0.0, -0.7283 -0.8465 0.0039, -0.7283 -0.8465 0.0, 0.7283 0.2165 0.0039, 1.1614 0.2165 0.0039, 0.7283 0.2165 0.0, 1.1614 0.2165 0.0, 0.7283 -0.2165 0.0039, 0.7283 -0.2165 0.0, 1.1614 -0.2165 0.0039, 1.1614 -0.2165 0.0, 0.7283 -0.4134 0.0039, 1.1614 -0.4134 0.0039, 0.7283 -0.4134 0.0, 1.1614 -0.4134 0.0, 0.7283 -0.8465 0.0039, 0.7283 -0.8465 0.0, 1.1614 -0.8465 0.0039, 1.1614 -0.8465 0.0, 2.8346 0.5906 0.0039, 3.622 0.5906 0.0039, 2.8346 0.5906 0.0, 3.622 0.5906 0.0, 2.8346 -0.315 0.0039, 2.8346 -0.5906 0.0, 2.8346 -0.5906 0.0039, 3.622 -0.5906 0.0039, 3.622 -0.5906 0.0, 3.622 -0.315 0.0039, 2.8346 -1.2992 0.0039, 3.622 -1.2992 0.0039, 2.8346 -1.2992 0.0, 3.622 -1.2992 0.0, 2.8346 -2.3327 0.0039, 2.8346 -2.4803 0.0, 2.8346 -2.4803 0.0039, 3.622 -2.4803 0.0039, 3.622 -2.4803 0.0, 3.622 -2.3327 0.0039, 2.8346 -3.189 0.0039, 3.622 -3.189 0.0039, 2.8346 -3.189 0.0, 3.622 -3.189 0.0, 2.8346 -3.2579 0.0039, 2.8346 -4.3701 0.0, 2.8346 -4.3701 0.0039, 3.622 -4.3701 0.0039, 3.622 -4.3701 0.0, 3.622 -3.2579 0.0039, 2.3622 4.3701 0.0039, 2.3622 3.189 0.0039, 2.3622 4.3701 0.0, 2.3622 3.189 0.0, 1.5748 4.3701 0.0039, 1.5748 4.3701 0.0, 1.5748 3.189 0.0039, 1.5748 3.189 0.0, 1.5748 2.4803 0.0039, 2.3622 2.4803 0.0039, 1.5748 2.4803 0.0, 2.3622 2.4803 0.0, 1.5748 1.5748 0.0039, 1.5748 1.2992 0.0, 1.5748 1.2992 0.0039, 2.3622 1.2992 0.0039, 2.3622 1.2992 0.0, 2.3622 1.5748 0.0039, 1.5748 0.5906 0.0039, 2.3622 0.5906 0.0039, 1.5748 0.5906 0.0, 2.3622 0.5906 0.0, 1.5748 -0.315 0.0039, 1.5748 -0.5906 0.0, 1.5748 -0.5906 0.0039, 2.3622 -0.5906 0.0039, 2.3622 -0.5906 0.0, 2.3622 -0.315 0.0039, 1.5748 -1.2992 0.0039, 2.3622 -1.2992 0.0039, 1.5748 -1.2992 0.0, 2.3622 -1.2992 0.0, 1.5748 -2.3327 0.0039, 1.5748 -2.4803 0.0, 1.5748 -2.4803 0.0039, 2.3622 -2.4803 0.0039, 2.3622 -2.4803 0.0, 2.3622 -2.3327 0.0039, 1.5748 -3.189 0.0039, 2.3622 -3.189 0.0039, 1.5748 -3.189 0.0, 2.3622 -3.189 0.0, 1.5748 -3.2579 0.0039, 1.5748 -4.3701 0.0, 1.5748 -4.3701 0.0039, 2.3622 -4.3701 0.0039, 2.3622 -4.3701 0.0, 2.3622 -3.2579 0.0039, 1.0236 4.3701 0.0039, 1.0236 3.189 0.0039, 1.0236 4.3701 0.0, 1.0236 3.189 0.0, 0.2362 4.3701 0.0039, 0.2362 4.3701 0.0, 0.2362 3.189 0.0039, 0.2362 3.189 0.0, 0.2362 2.4803 0.0039, 1.0236 2.4803 0.0039, 0.2362 2.4803 0.0, 1.0236 2.4803 0.0, 0.2362 1.5748 0.0039, 0.2362 1.2992 0.0, 0.2362 1.2992 0.0039, 1.0236 1.2992 0.0039, 1.0236 1.2992 0.0, 1.0236 1.5748 0.0039, 0.2362 -1.2992 0.0039, 1.0236 -1.2992 0.0039, 0.2362 -1.2992 0.0, 1.0236 -1.2992 0.0, 0.2362 -2.3327 0.0039, 0.2362 -2.4803 0.0, 0.2362 -2.4803 0.0039, 1.0236 -2.4803 0.0039, 1.0236 -2.4803 0.0, 1.0236 -2.3327 0.0039, 0.2362 -3.189 0.0039, 1.0236 -3.189 0.0039, 0.2362 -3.189 0.0, 1.0236 -3.189 0.0, 0.2362 -3.2579 0.0039, 0.2362 -4.3701 0.0, 0.2362 -4.3701 0.0039, 1.0236 -4.3701 0.0039, 1.0236 -4.3701 0.0, 1.0236 -3.2579 0.0039, -1.0236 -3.189 0.0039, -1.0236 -3.189 0.0, -1.0236 -3.2579 0.0039, -1.0236 -4.3701 0.0, -1.0236 -4.3701 0.0039, -0.2362 -4.3701 0.0039, -0.2362 -4.3701 0.0, -0.2362 -3.2579 0.0039, -0.2362 -3.189 0.0, -0.2362 -3.189 0.0039, -1.0236 -1.2992 0.0039, -1.0236 -1.2992 0.0, -1.0236 -2.3327 0.0039, -1.0236 -2.4803 0.0, -1.0236 -2.4803 0.0039, -0.2362 -2.4803 0.0039, -0.2362 -2.4803 0.0, -0.2362 -2.3327 0.0039, -0.2362 -1.2992 0.0, -0.2362 -1.2992 0.0039, -1.0236 2.4803 0.0039, -1.0236 2.4803 0.0, -1.0236 1.5748 0.0039, -1.0236 1.2992 0.0, -1.0236 1.2992 0.0039, -0.2362 1.2992 0.0039, -0.2362 1.2992 0.0, -0.2362 1.5748 0.0039, -0.2362 2.4803 0.0, -0.2362 2.4803 0.0039, -1.0236 4.3701 0.0039, -0.2362 4.3701 0.0039, -1.0236 4.3701 0.0, -0.2362 4.3701 0.0, -1.0236 3.189 0.0039, -1.0236 3.189 0.0, -0.2362 3.189 0.0039, -0.2362 3.189 0.0, -2.3622 -3.189 0.0039, -2.3622 -3.189 0.0, -2.3622 -3.2579 0.0039, -2.3622 -4.3701 0.0, -2.3622 -4.3701 0.0039, -1.5748 -4.3701 0.0039, -1.5748 -4.3701 0.0, -1.5748 -3.2579 0.0039, -1.5748 -3.189 0.0, -1.5748 -3.189 0.0039, -2.3622 -1.2992 0.0039, -2.3622 -1.2992 0.0, -2.3622 -2.3327 0.0039, -2.3622 -2.4803 0.0, -2.3622 -2.4803 0.0039, -1.5748 -2.4803 0.0039, -1.5748 -2.4803 0.0, -1.5748 -2.3327 0.0039, -1.5748 -1.2992 0.0, -1.5748 -1.2992 0.0039, -2.3622 0.5906 0.0039, -2.3622 0.5906 0.0, -2.3622 -0.315 0.0039, -2.3622 -0.5906 0.0, -2.3622 -0.5906 0.0039, -1.5748 -0.5906 0.0039, -1.5748 -0.5906 0.0, -1.5748 -0.315 0.0039, -1.5748 0.5906 0.0, -1.5748 0.5906 0.0039, -2.3622 2.4803 0.0039, -2.3622 2.4803 0.0, -2.3622 1.5748 0.0039, -2.3622 1.2992 0.0, -2.3622 1.2992 0.0039, -1.5748 1.2992 0.0039, -1.5748 1.2992 0.0, -1.5748 1.5748 0.0039, -1.5748 2.4803 0.0, -1.5748 2.4803 0.0039, -2.3622 4.3701 0.0039, -1.5748 4.3701 0.0039, -2.3622 4.3701 0.0, -1.5748 4.3701 0.0, -2.3622 3.189 0.0039, -2.3622 3.189 0.0, -1.5748 3.189 0.0039, -1.5748 3.189 0.0, -3.622 -3.189 0.0039, -3.622 -3.189 0.0, -3.622 -3.2579 0.0039, -3.622 -4.3701 0.0, -3.622 -4.3701 0.0039, -2.8346 -4.3701 0.0039, -2.8346 -4.3701 0.0, -2.8346 -3.2579 0.0039, -2.8346 -3.189 0.0, -2.8346 -3.189 0.0039, -3.622 -1.2992 0.0039, -3.622 -1.2992 0.0, -3.622 -2.3327 0.0039, -3.622 -2.4803 0.0, -3.622 -2.4803 0.0039, -2.8346 -2.4803 0.0039, -2.8346 -2.4803 0.0, -2.8346 -2.3327 0.0039, -2.8346 -1.2992 0.0, -2.8346 -1.2992 0.0039, -3.622 0.5906 0.0039, -3.622 0.5906 0.0, -3.622 -0.315 0.0039, -3.622 -0.5906 0.0, -3.622 -0.5906 0.0039, -2.8346 -0.5906 0.0039, -2.8346 -0.5906 0.0, -2.8346 -0.315 0.0039, -2.8346 0.5906 0.0, -2.8346 0.5906 0.0039, -3.622 2.4803 0.0039, -3.622 2.4803 0.0, -3.622 1.5748 0.0039, -3.622 1.2992 0.0, -3.622 1.2992 0.0039, -2.8346 1.2992 0.0039, -2.8346 1.2992 0.0, -2.8346 1.5748 0.0039, -2.8346 2.4803 0.0, -2.8346 2.4803 0.0039, -3.3071 4.3701 0.0039, -2.8346 4.3701 0.0039, -3.3071 4.3701 0.0, -2.8346 4.3701 0.0, -3.622 4.0551 0.0039, -3.622 4.0551 0.0, -3.622 3.189 0.0039, -3.622 3.189 0.0, -2.8346 3.189 0.0039, -2.8346 3.189 0.0, -4.5472 4.5472 0.0039, -4.1142 4.5472 0.0039, -4.5472 4.5472 0.0, -4.1142 4.5472 0.0, -4.5472 4.1142 0.0039, -4.5472 4.1142 0.0, -4.1142 4.1142 0.0039, -4.1142 4.1142 0.0, -4.5472 3.7598 0.0039, -4.1142 3.7598 0.0039, -4.5472 3.7598 0.0, -4.1142 3.7598 0.0, -4.5472 3.3268 0.0039, -4.5472 3.3268 0.0, -4.1142 3.3268 0.0039, -4.1142 3.3268 0.0, -4.5472 2.9724 0.0039, -4.1142 2.9724 0.0039, -4.5472 2.9724 0.0, -4.1142 2.9724 0.0, -4.5472 2.5394 0.0039, -4.5472 2.5394 0.0, -4.1142 2.5394 0.0039, -4.1142 2.5394 0.0, -4.5472 2.185 0.0039, -4.1142 2.185 0.0039, -4.5472 2.185 0.0, -4.1142 2.185 0.0, -4.5472 1.752 0.0039, -4.5472 1.752 0.0, -4.1142 1.752 0.0039, -4.1142 1.752 0.0, -4.5472 1.3976 0.0039, -4.1142 1.3976 0.0039, -4.5472 1.3976 0.0, -4.1142 1.3976 0.0, -4.5472 0.9646 0.0039, -4.5472 0.9646 0.0, -4.1142 0.9646 0.0039, -4.1142 0.9646 0.0, -4.5472 0.6102 0.0039, -4.1142 0.6102 0.0039, -4.5472 0.6102 0.0, -4.1142 0.6102 0.0, -4.5472 0.1772 0.0039, -4.5472 0.1772 0.0, -4.1142 0.1772 0.0039, -4.1142 0.1772 0.0, -4.5472 -0.1772 0.0039, -4.1142 -0.1772 0.0039, -4.5472 -0.1772 0.0, -4.1142 -0.1772 0.0, -4.5472 -0.315 0.0039, -4.5472 -0.6102 0.0, -4.5472 -0.6102 0.0039, -4.1142 -0.6102 0.0039, -4.1142 -0.6102 0.0, -4.1142 -0.315 0.0039, -4.5472 -0.9646 0.0039, -4.1142 -0.9646 0.0039, -4.5472 -0.9646 0.0, -4.1142 -0.9646 0.0, -4.5472 -1.3976 0.0039, -4.5472 -1.3976 0.0, -4.1142 -1.3976 0.0039, -4.1142 -1.3976 0.0, -4.5472 -1.752 0.0039, -4.1142 -1.752 0.0039, -4.5472 -1.752 0.0, -4.1142 -1.752 0.0, -4.5472 -2.185 0.0039, -4.5472 -2.185 0.0, -4.1142 -2.185 0.0039, -4.1142 -2.185 0.0, -4.5472 -2.5394 0.0039, -4.1142 -2.5394 0.0039, -4.5472 -2.5394 0.0, -4.1142 -2.5394 0.0, -4.5472 -2.9724 0.0039, -4.5472 -2.9724 0.0, -4.1142 -2.9724 0.0039, -4.1142 -2.9724 0.0, -4.5472 -3.3268 0.0039, -4.1142 -3.3268 0.0039, -4.5472 -3.3268 0.0, -4.1142 -3.3268 0.0, -4.5472 -3.7598 0.0039, -4.5472 -3.7598 0.0, -4.1142 -3.7598 0.0039, -4.1142 -3.7598 0.0, -4.5472 -4.1142 0.0039, -4.1142 -4.1142 0.0039, -4.5472 -4.1142 0.0, -4.1142 -4.1142 0.0, -4.5472 -4.5472 0.0039, -4.5472 -4.5472 0.0, -4.1142 -4.5472 0.0039, -4.1142 -4.5472 0.0, -5.3346 3.7598 0.0039, -4.9016 3.7598 0.0039, -5.3346 3.7598 0.0, -4.9016 3.7598 0.0, -5.3346 3.3268 0.0039, -5.3346 3.3268 0.0, -4.9016 3.3268 0.0039, -4.9016 3.3268 0.0, -5.3346 2.9724 0.0039, -4.9016 2.9724 0.0039, -5.3346 2.9724 0.0, -4.9016 2.9724 0.0, -5.3346 2.5394 0.0039, -5.3346 2.5394 0.0, -4.9016 2.5394 0.0039, -4.9016 2.5394 0.0, -5.3346 2.185 0.0039, -4.9016 2.185 0.0039, -5.3346 2.185 0.0, -4.9016 2.185 0.0, -5.3346 1.752 0.0039, -5.3346 1.752 0.0, -4.9016 1.752 0.0039, -4.9016 1.752 0.0, -5.3346 1.3976 0.0039, -4.9016 1.3976 0.0039, -5.3346 1.3976 0.0, -4.9016 1.3976 0.0, -5.3346 0.9646 0.0039, -5.3346 0.9646 0.0, -4.9016 0.9646 0.0039, -4.9016 0.9646 0.0, -5.3346 0.6102 0.0039, -4.9016 0.6102 0.0039, -5.3346 0.6102 0.0, -4.9016 0.6102 0.0, -5.3346 0.1772 0.0039, -5.3346 0.1772 0.0, -4.9016 0.1772 0.0039, -4.9016 0.1772 0.0, -5.3346 -0.1772 0.0039, -4.9016 -0.1772 0.0039, -5.3346 -0.1772 0.0, -4.9016 -0.1772 0.0, -5.3346 -0.315 0.0039, -5.3346 -0.6102 0.0, -5.3346 -0.6102 0.0039, -4.9016 -0.6102 0.0039, -4.9016 -0.6102 0.0, -4.9016 -0.315 0.0039, -5.3346 -0.9646 0.0039, -4.9016 -0.9646 0.0039, -5.3346 -0.9646 0.0, -4.9016 -0.9646 0.0, -5.3346 -1.3976 0.0039, -5.3346 -1.3976 0.0, -4.9016 -1.3976 0.0039, -4.9016 -1.3976 0.0, -5.3346 -1.752 0.0039, -4.9016 -1.752 0.0039, -5.3346 -1.752 0.0, -4.9016 -1.752 0.0, -5.3346 -2.185 0.0039, -5.3346 -2.185 0.0, -4.9016 -2.185 0.0039, -4.9016 -2.185 0.0, -5.3346 -2.5394 0.0039, -4.9016 -2.5394 0.0039, -5.3346 -2.5394 0.0, -4.9016 -2.5394 0.0, -5.3346 -2.9724 0.0039, -5.3346 -2.9724 0.0, -4.9016 -2.9724 0.0039, -4.9016 -2.9724 0.0, -5.3346 -3.3268 0.0039, -4.9016 -3.3268 0.0039, -5.3346 -3.3268 0.0, -4.9016 -3.3268 0.0, -5.3346 -3.7598 0.0039, -5.3346 -3.7598 0.0, -4.9016 -3.7598 0.0039, -4.9016 -3.7598 0.0, -5.3346 -4.1142 0.0039, -4.9016 -4.1142 0.0039, -5.3346 -4.1142 0.0, -4.9016 -4.1142 0.0, -5.3346 -4.5472 0.0039, -5.3346 -4.5472 0.0, -4.9016 -4.5472 0.0039, -4.9016 -4.5472 0.0, -5.5909 4.9681 0.0, -5.395 4.8419 0.0, -5.5909 4.9681 0.0039, -5.395 4.8419 0.0039, -5.395 5.075 0.0, -5.395 5.075 0.0039, 6.0584 -4.8094 0.3189, 6.0584 -4.8094 0.3228, 6.0213 -4.8255 0.3189, 6.0213 -4.8255 0.3228, 5.9896 -4.8506 0.3189, 5.9896 -4.8506 0.3228, 5.9653 -4.883 0.3189, 5.9653 -4.883 0.3228, 5.95 -4.9205 0.3189, 5.95 -4.9205 0.3228, 5.9448 -4.9606 0.3189, 5.9448 -4.9606 0.3228, 5.95 -5.0008 0.3189, 5.95 -5.0008 0.3228, 5.9653 -5.0383 0.3189, 5.9653 -5.0383 0.3228, 5.9896 -5.0706 0.3189, 5.9896 -5.0706 0.3228, 6.0213 -5.0957 0.3189, 6.0213 -5.0957 0.3228, 6.0584 -5.1119 0.3189, 6.0584 -5.1119 0.3228, -6.0584 -5.1119 0.3189, -6.0584 -5.1119 0.3228, -6.0213 -5.0957 0.3189, -6.0213 -5.0957 0.3228, -5.9896 -5.0706 0.3189, -5.9896 -5.0706 0.3228, -5.9653 -5.0383 0.3189, -5.9653 -5.0383 0.3228, -5.95 -5.0008 0.3189, -5.95 -5.0008 0.3228, -5.9448 -4.9606 0.3189, -5.9448 -4.9606 0.3228, -5.95 -4.9205 0.3189, -5.95 -4.9205 0.3228, -5.9653 -4.883 0.3189, -5.9653 -4.883 0.3228, -5.9896 -4.8506 0.3189, -5.9896 -4.8506 0.3228, -6.0213 -4.8255 0.3189, -6.0213 -4.8255 0.3228, -6.0584 -4.8094 0.3189, -6.0584 -4.8094 0.3228, 6.0584 -4.2975 0.3189, 6.0584 -4.2975 0.3228, 6.0213 -4.3137 0.3189, 6.0213 -4.3137 0.3228, 5.9896 -4.3388 0.3189, 5.9896 -4.3388 0.3228, 5.9653 -4.3712 0.3189, 5.9653 -4.3712 0.3228, 5.95 -4.4087 0.3189, 5.95 -4.4087 0.3228, 5.9448 -4.4488 0.3189, 5.9448 -4.4488 0.3228, 5.95 -4.489 0.3189, 5.95 -4.489 0.3228, 5.9653 -4.5264 0.3189, 5.9653 -4.5264 0.3228, 5.9896 -4.5588 0.3189, 5.9896 -4.5588 0.3228, 6.0213 -4.5839 0.3189, 6.0213 -4.5839 0.3228, 6.0584 -4.6001 0.3189, 6.0584 -4.6001 0.3228, -6.0584 -4.6001 0.3189, -6.0584 -4.6001 0.3228, -6.0213 -4.5839 0.3189, -6.0213 -4.5839 0.3228, -5.9896 -4.5588 0.3189, -5.9896 -4.5588 0.3228, -5.9653 -4.5264 0.3189, -5.9653 -4.5264 0.3228, -5.95 -4.489 0.3189, -5.95 -4.489 0.3228, -5.9448 -4.4488 0.3189, -5.9448 -4.4488 0.3228, -5.95 -4.4087 0.3189, -5.95 -4.4087 0.3228, -5.9653 -4.3712 0.3189, -5.9653 -4.3712 0.3228, -5.9896 -4.3388 0.3189, -5.9896 -4.3388 0.3228, -6.0213 -4.3137 0.3189, -6.0213 -4.3137 0.3228, -6.0584 -4.2975 0.3189, -6.0584 -4.2975 0.3228, 6.0584 -3.7857 0.3189, 6.0584 -3.7857 0.3228, 6.0213 -3.8019 0.3189, 6.0213 -3.8019 0.3228, 5.9896 -3.827 0.3189, 5.9896 -3.827 0.3228, 5.9653 -3.8594 0.3189, 5.9653 -3.8594 0.3228, 5.95 -3.8969 0.3189, 5.95 -3.8969 0.3228, 5.9448 -3.937 0.3189, 5.9448 -3.937 0.3228, 5.95 -3.9771 0.3189, 5.95 -3.9771 0.3228, 5.9653 -4.0146 0.3189, 5.9653 -4.0146 0.3228, 5.9896 -4.047 0.3189, 5.9896 -4.047 0.3228, 6.0213 -4.0721 0.3189, 6.0213 -4.0721 0.3228, 6.0584 -4.0883 0.3189, 6.0584 -4.0883 0.3228, -6.0584 -4.0883 0.3189, -6.0584 -4.0883 0.3228, -6.0213 -4.0721 0.3189, -6.0213 -4.0721 0.3228, -5.9896 -4.047 0.3189, -5.9896 -4.047 0.3228, -5.9653 -4.0146 0.3189, -5.9653 -4.0146 0.3228, -5.95 -3.9771 0.3189, -5.95 -3.9771 0.3228, -5.9448 -3.937 0.3189, -5.9448 -3.937 0.3228, -5.95 -3.8969 0.3189, -5.95 -3.8969 0.3228, -5.9653 -3.8594 0.3189, -5.9653 -3.8594 0.3228, -5.9896 -3.827 0.3189, -5.9896 -3.827 0.3228, -6.0213 -3.8019 0.3189, -6.0213 -3.8019 0.3228, -6.0584 -3.7857 0.3189, -6.0584 -3.7857 0.3228, 6.0584 -3.2739 0.3189, 6.0584 -3.2739 0.3228, 6.0213 -3.2901 0.3189, 6.0213 -3.2901 0.3228, 5.9896 -3.3152 0.3189, 5.9896 -3.3152 0.3228, 5.9653 -3.3476 0.3189, 5.9653 -3.3476 0.3228, 5.95 -3.3851 0.3189, 5.95 -3.3851 0.3228, 5.9448 -3.4252 0.3189, 5.9448 -3.4252 0.3228, 5.95 -3.4653 0.3189, 5.95 -3.4653 0.3228, 5.9653 -3.5028 0.3189, 5.9653 -3.5028 0.3228, 5.9896 -3.5352 0.3189, 5.9896 -3.5352 0.3228, 6.0213 -3.5603 0.3189, 6.0213 -3.5603 0.3228, 6.0584 -3.5765 0.3189, 6.0584 -3.5765 0.3228, -6.0584 -3.5765 0.3189, -6.0584 -3.5765 0.3228, -6.0213 -3.5603 0.3189, -6.0213 -3.5603 0.3228, -5.9896 -3.5352 0.3189, -5.9896 -3.5352 0.3228, -5.9653 -3.5028 0.3189, -5.9653 -3.5028 0.3228, -5.95 -3.4653 0.3189, -5.95 -3.4653 0.3228, -5.9448 -3.4252 0.3189, -5.9448 -3.4252 0.3228, -5.95 -3.3851 0.3189, -5.95 -3.3851 0.3228, -5.9653 -3.3476 0.3189, -5.9653 -3.3476 0.3228, -5.9896 -3.3152 0.3189, -5.9896 -3.3152 0.3228, -6.0213 -3.2901 0.3189, -6.0213 -3.2901 0.3228, -6.0584 -3.2739 0.3189, -6.0584 -3.2739 0.3228, 6.0584 -2.7621 0.3189, 6.0584 -2.7621 0.3228, 6.0213 -2.7783 0.3189, 6.0213 -2.7783 0.3228, 5.9896 -2.8034 0.3189, 5.9896 -2.8034 0.3228, 5.9653 -2.8358 0.3189, 5.9653 -2.8358 0.3228, 5.95 -2.8732 0.3189, 5.95 -2.8732 0.3228, 5.9448 -2.9134 0.3189, 5.9448 -2.9134 0.3228, 5.95 -2.9535 0.3189, 5.95 -2.9535 0.3228, 5.9653 -2.991 0.3189, 5.9653 -2.991 0.3228, 5.9896 -3.0234 0.3189, 5.9896 -3.0234 0.3228, 6.0213 -3.0485 0.3189, 6.0213 -3.0485 0.3228, 6.0584 -3.0647 0.3189, 6.0584 -3.0647 0.3228, -6.0584 -3.0647 0.3189, -6.0584 -3.0647 0.3228, -6.0213 -3.0485 0.3189, -6.0213 -3.0485 0.3228, -5.9896 -3.0234 0.3189, -5.9896 -3.0234 0.3228, -5.9653 -2.991 0.3189, -5.9653 -2.991 0.3228, -5.95 -2.9535 0.3189, -5.95 -2.9535 0.3228, -5.9448 -2.9134 0.3189, -5.9448 -2.9134 0.3228, -5.95 -2.8732 0.3189, -5.95 -2.8732 0.3228, -5.9653 -2.8358 0.3189, -5.9653 -2.8358 0.3228, -5.9896 -2.8034 0.3189, -5.9896 -2.8034 0.3228, -6.0213 -2.7783 0.3189, -6.0213 -2.7783 0.3228, -6.0584 -2.7621 0.3189, -6.0584 -2.7621 0.3228, 6.0584 -2.2503 0.3189, 6.0584 -2.2503 0.3228, 6.0213 -2.2665 0.3189, 6.0213 -2.2665 0.3228, 5.9896 -2.2916 0.3189, 5.9896 -2.2916 0.3228, 5.9653 -2.3239 0.3189, 5.9653 -2.3239 0.3228, 5.95 -2.3614 0.3189, 5.95 -2.3614 0.3228, 5.9448 -2.4016 0.3189, 5.9448 -2.4016 0.3228, 5.95 -2.4417 0.3189, 5.95 -2.4417 0.3228, 5.9653 -2.4792 0.3189, 5.9653 -2.4792 0.3228, 5.9896 -2.5116 0.3189, 5.9896 -2.5116 0.3228, 6.0213 -2.5367 0.3189, 6.0213 -2.5367 0.3228, 6.0584 -2.5529 0.3189, 6.0584 -2.5529 0.3228, -6.0584 -2.5529 0.3189, -6.0584 -2.5529 0.3228, -6.0213 -2.5367 0.3189, -6.0213 -2.5367 0.3228, -5.9896 -2.5116 0.3189, -5.9896 -2.5116 0.3228, -5.9653 -2.4792 0.3189, -5.9653 -2.4792 0.3228, -5.95 -2.4417 0.3189, -5.95 -2.4417 0.3228, -5.9448 -2.4016 0.3189, -5.9448 -2.4016 0.3228, -5.95 -2.3614 0.3189, -5.95 -2.3614 0.3228, -5.9653 -2.3239 0.3189, -5.9653 -2.3239 0.3228, -5.9896 -2.2916 0.3189, -5.9896 -2.2916 0.3228, -6.0213 -2.2665 0.3189, -6.0213 -2.2665 0.3228, -6.0584 -2.2503 0.3189, -6.0584 -2.2503 0.3228, 6.0584 -1.7385 0.3189, 6.0584 -1.7385 0.3228, 6.0213 -1.7547 0.3189, 6.0213 -1.7547 0.3228, 5.9896 -1.7798 0.3189, 5.9896 -1.7798 0.3228, 5.9653 -1.8121 0.3189, 5.9653 -1.8121 0.3228, 5.95 -1.8496 0.3189, 5.95 -1.8496 0.3228, 5.9448 -1.8898 0.3189, 5.9448 -1.8898 0.3228, 5.95 -1.9299 0.3189, 5.95 -1.9299 0.3228, 5.9653 -1.9674 0.3189, 5.9653 -1.9674 0.3228, 5.9896 -1.9998 0.3189, 5.9896 -1.9998 0.3228, 6.0213 -2.0249 0.3189, 6.0213 -2.0249 0.3228, 6.0584 -2.041 0.3189, 6.0584 -2.041 0.3228, -6.0584 -2.041 0.3189, -6.0584 -2.041 0.3228, -6.0213 -2.0249 0.3189, -6.0213 -2.0249 0.3228, -5.9896 -1.9998 0.3189, -5.9896 -1.9998 0.3228, -5.9653 -1.9674 0.3189, -5.9653 -1.9674 0.3228, -5.95 -1.9299 0.3189, -5.95 -1.9299 0.3228, -5.9448 -1.8898 0.3189, -5.9448 -1.8898 0.3228, -5.95 -1.8496 0.3189, -5.95 -1.8496 0.3228, -5.9653 -1.8121 0.3189, -5.9653 -1.8121 0.3228, -5.9896 -1.7798 0.3189, -5.9896 -1.7798 0.3228, -6.0213 -1.7547 0.3189, -6.0213 -1.7547 0.3228, -6.0584 -1.7385 0.3189, -6.0584 -1.7385 0.3228, 6.0584 -1.2267 0.3189, 6.0584 -1.2267 0.3228, 6.0213 -1.2429 0.3189, 6.0213 -1.2429 0.3228, 5.9896 -1.268 0.3189, 5.9896 -1.268 0.3228, 5.9653 -1.3003 0.3189, 5.9653 -1.3003 0.3228, 5.95 -1.3378 0.3189, 5.95 -1.3378 0.3228, 5.9448 -1.378 0.3189, 5.9448 -1.378 0.3228, 5.95 -1.4181 0.3189, 5.95 -1.4181 0.3228, 5.9653 -1.4556 0.3189, 5.9653 -1.4556 0.3228, 5.9896 -1.4879 0.3189, 5.9896 -1.4879 0.3228, 6.0213 -1.513 0.3189, 6.0213 -1.513 0.3228, 6.0584 -1.5292 0.3189, 6.0584 -1.5292 0.3228, -6.0584 -1.5292 0.3189, -6.0584 -1.5292 0.3228, -6.0213 -1.513 0.3189, -6.0213 -1.513 0.3228, -5.9896 -1.4879 0.3189, -5.9896 -1.4879 0.3228, -5.9653 -1.4556 0.3189, -5.9653 -1.4556 0.3228, -5.95 -1.4181 0.3189, -5.95 -1.4181 0.3228, -5.9448 -1.378 0.3189, -5.9448 -1.378 0.3228, -5.95 -1.3378 0.3189, -5.95 -1.3378 0.3228, -5.9653 -1.3003 0.3189, -5.9653 -1.3003 0.3228, -5.9896 -1.268 0.3189, -5.9896 -1.268 0.3228, -6.0213 -1.2429 0.3189, -6.0213 -1.2429 0.3228, -6.0584 -1.2267 0.3189, -6.0584 -1.2267 0.3228, 6.0584 -0.7149 0.3189, 6.0584 -0.7149 0.3228, 6.0213 -0.731 0.3189, 6.0213 -0.731 0.3228, 5.9896 -0.7562 0.3189, 5.9896 -0.7562 0.3228, 5.9653 -0.7885 0.3189, 5.9653 -0.7885 0.3228, 5.95 -0.826 0.3189, 5.95 -0.826 0.3228, 5.9448 -0.8661 0.3189, 5.9448 -0.8661 0.3228, 5.95 -0.9063 0.3189, 5.95 -0.9063 0.3228, 5.9653 -0.9438 0.3189, 5.9653 -0.9438 0.3228, 5.9896 -0.9761 0.3189, 5.9896 -0.9761 0.3228, 6.0213 -1.0012 0.3189, 6.0213 -1.0012 0.3228, 6.0584 -1.0174 0.3189, 6.0584 -1.0174 0.3228, -6.0584 -1.0174 0.3189, -6.0584 -1.0174 0.3228, -6.0213 -1.0012 0.3189, -6.0213 -1.0012 0.3228, -5.9896 -0.9761 0.3189, -5.9896 -0.9761 0.3228, -5.9653 -0.9438 0.3189, -5.9653 -0.9438 0.3228, -5.95 -0.9063 0.3189, -5.95 -0.9063 0.3228, -5.9448 -0.8661 0.3189, -5.9448 -0.8661 0.3228, -5.95 -0.826 0.3189, -5.95 -0.826 0.3228, -5.9653 -0.7885 0.3189, -5.9653 -0.7885 0.3228, -5.9896 -0.7562 0.3189, -5.9896 -0.7562 0.3228, -6.0213 -0.731 0.3189, -6.0213 -0.731 0.3228, -6.0584 -0.7149 0.3189, -6.0584 -0.7149 0.3228, 6.0584 -0.2031 0.3189, 6.0584 -0.2031 0.3228, 6.0213 -0.2192 0.3189, 6.0213 -0.2192 0.3228, 5.9896 -0.2443 0.3189, 5.9896 -0.2443 0.3228, 5.9653 -0.2767 0.3189, 5.9653 -0.2767 0.3228, 5.95 -0.3142 0.3189, 5.95 -0.3142 0.3228, 5.9448 -0.3543 0.3189, 5.9448 -0.3543 0.3228, 5.95 -0.3945 0.3189, 5.95 -0.3945 0.3228, 5.9653 -0.432 0.3189, 5.9653 -0.432 0.3228, 5.9896 -0.4643 0.3189, 5.9896 -0.4643 0.3228, 6.0213 -0.4894 0.3189, 6.0213 -0.4894 0.3228, 6.0584 -0.5056 0.3189, 6.0584 -0.5056 0.3228, -6.0584 -0.5056 0.3189, -6.0584 -0.5056 0.3228, -6.0213 -0.4894 0.3189, -6.0213 -0.4894 0.3228, -5.9896 -0.4643 0.3189, -5.9896 -0.4643 0.3228, -5.9653 -0.432 0.3189, -5.9653 -0.432 0.3228, -5.95 -0.3945 0.3189, -5.95 -0.3945 0.3228, -5.9448 -0.3543 0.3189, -5.9448 -0.3543 0.3228, -5.95 -0.3142 0.3189, -5.95 -0.3142 0.3228, -5.9653 -0.2767 0.3189, -5.9653 -0.2767 0.3228, -5.9896 -0.2443 0.3189, -5.9896 -0.2443 0.3228, -6.0213 -0.2192 0.3189, -6.0213 -0.2192 0.3228, -6.0584 -0.2031 0.3189, -6.0584 -0.2031 0.3228, 6.0584 0.3088 0.3189, 6.0584 0.3088 0.3228, 6.0213 0.2926 0.3189, 6.0213 0.2926 0.3228, 5.9896 0.2675 0.3189, 5.9896 0.2675 0.3228, 5.9653 0.2351 0.3189, 5.9653 0.2351 0.3228, 5.95 0.1976 0.3189, 5.95 0.1976 0.3228, 5.9448 0.1575 0.3189, 5.9448 0.1575 0.3228, 5.95 0.1173 0.3189, 5.95 0.1173 0.3228, 5.9653 0.0799 0.3189, 5.9653 0.0799 0.3228, 5.9896 0.0475 0.3189, 5.9896 0.0475 0.3228, 6.0213 0.0224 0.3189, 6.0213 0.0224 0.3228, 6.0584 0.0062 0.3189, 6.0584 0.0062 0.3228, -6.0584 0.0062 0.3189, -6.0584 0.0062 0.3228, -6.0213 0.0224 0.3189, -6.0213 0.0224 0.3228, -5.9896 0.0475 0.3189, -5.9896 0.0475 0.3228, -5.9653 0.0799 0.3189, -5.9653 0.0799 0.3228, -5.95 0.1173 0.3189, -5.95 0.1173 0.3228, -5.9448 0.1575 0.3189, -5.9448 0.1575 0.3228, -5.95 0.1976 0.3189, -5.95 0.1976 0.3228, -5.9653 0.2351 0.3189, -5.9653 0.2351 0.3228, -5.9896 0.2675 0.3189, -5.9896 0.2675 0.3228, -6.0213 0.2926 0.3189, -6.0213 0.2926 0.3228, -6.0584 0.3088 0.3189, -6.0584 0.3088 0.3228, 6.0584 0.8206 0.3189, 6.0584 0.8206 0.3228, 6.0213 0.8044 0.3189, 6.0213 0.8044 0.3228, 5.9896 0.7793 0.3189, 5.9896 0.7793 0.3228, 5.9653 0.7469 0.3189, 5.9653 0.7469 0.3228, 5.95 0.7094 0.3189, 5.95 0.7094 0.3228, 5.9448 0.6693 0.3189, 5.9448 0.6693 0.3228, 5.95 0.6292 0.3189, 5.95 0.6292 0.3228, 5.9653 0.5917 0.3189, 5.9653 0.5917 0.3228, 5.9896 0.5593 0.3189, 5.9896 0.5593 0.3228, 6.0213 0.5342 0.3189, 6.0213 0.5342 0.3228, 6.0584 0.518 0.3189, 6.0584 0.518 0.3228, -6.0584 0.518 0.3189, -6.0584 0.518 0.3228, -6.0213 0.5342 0.3189, -6.0213 0.5342 0.3228, -5.9896 0.5593 0.3189, -5.9896 0.5593 0.3228, -5.9653 0.5917 0.3189, -5.9653 0.5917 0.3228, -5.95 0.6292 0.3189, -5.95 0.6292 0.3228, -5.9448 0.6693 0.3189, -5.9448 0.6693 0.3228, -5.95 0.7094 0.3189, -5.95 0.7094 0.3228, -5.9653 0.7469 0.3189, -5.9653 0.7469 0.3228, -5.9896 0.7793 0.3189, -5.9896 0.7793 0.3228, -6.0213 0.8044 0.3189, -6.0213 0.8044 0.3228, -6.0584 0.8206 0.3189, -6.0584 0.8206 0.3228, 6.0584 1.3324 0.3189, 6.0584 1.3324 0.3228, 6.0213 1.3162 0.3189, 6.0213 1.3162 0.3228, 5.9896 1.2911 0.3189, 5.9896 1.2911 0.3228, 5.9653 1.2587 0.3189, 5.9653 1.2587 0.3228, 5.95 1.2212 0.3189, 5.95 1.2212 0.3228, 5.9448 1.1811 0.3189, 5.9448 1.1811 0.3228, 5.95 1.141 0.3189, 5.95 1.141 0.3228, 5.9653 1.1035 0.3189, 5.9653 1.1035 0.3228, 5.9896 1.0711 0.3189, 5.9896 1.0711 0.3228, 6.0213 1.046 0.3189, 6.0213 1.046 0.3228, 6.0584 1.0298 0.3189, 6.0584 1.0298 0.3228, -6.0584 1.0298 0.3189, -6.0584 1.0298 0.3228, -6.0213 1.046 0.3189, -6.0213 1.046 0.3228, -5.9896 1.0711 0.3189, -5.9896 1.0711 0.3228, -5.9653 1.1035 0.3189, -5.9653 1.1035 0.3228, -5.95 1.141 0.3189, -5.95 1.141 0.3228, -5.9448 1.1811 0.3189, -5.9448 1.1811 0.3228, -5.95 1.2212 0.3189, -5.95 1.2212 0.3228, -5.9653 1.2587 0.3189, -5.9653 1.2587 0.3228, -5.9896 1.2911 0.3189, -5.9896 1.2911 0.3228, -6.0213 1.3162 0.3189, -6.0213 1.3162 0.3228, -6.0584 1.3324 0.3189, -6.0584 1.3324 0.3228, 6.0584 2.041 0.3189, 6.0584 2.041 0.3228, 6.0213 2.0249 0.3189, 6.0213 2.0249 0.3228, 5.9896 1.9998 0.3189, 5.9896 1.9998 0.3228, 5.9653 1.9674 0.3189, 5.9653 1.9674 0.3228, 5.95 1.9299 0.3189, 5.95 1.9299 0.3228, 5.9448 1.8898 0.3189, 5.9448 1.8898 0.3228, 5.95 1.8496 0.3189, 5.95 1.8496 0.3228, 5.9653 1.8121 0.3189, 5.9653 1.8121 0.3228, 5.9896 1.7798 0.3189, 5.9896 1.7798 0.3228, 6.0213 1.7547 0.3189, 6.0213 1.7547 0.3228, 6.0584 1.7385 0.3189, 6.0584 1.7385 0.3228, -6.0584 1.7385 0.3189, -6.0584 1.7385 0.3228, -6.0213 1.7547 0.3189, -6.0213 1.7547 0.3228, -5.9896 1.7798 0.3189, -5.9896 1.7798 0.3228, -5.9653 1.8121 0.3189, -5.9653 1.8121 0.3228, -5.95 1.8496 0.3189, -5.95 1.8496 0.3228, -5.9448 1.8898 0.3189, -5.9448 1.8898 0.3228, -5.95 1.9299 0.3189, -5.95 1.9299 0.3228, -5.9653 1.9674 0.3189, -5.9653 1.9674 0.3228, -5.9896 1.9998 0.3189, -5.9896 1.9998 0.3228, -6.0213 2.0249 0.3189, -6.0213 2.0249 0.3228, -6.0584 2.041 0.3189, -6.0584 2.041 0.3228, 6.0584 2.5529 0.3189, 6.0584 2.5529 0.3228, 6.0213 2.5367 0.3189, 6.0213 2.5367 0.3228, 5.9896 2.5116 0.3189, 5.9896 2.5116 0.3228, 5.9653 2.4792 0.3189, 5.9653 2.4792 0.3228, 5.95 2.4417 0.3189, 5.95 2.4417 0.3228, 5.9448 2.4016 0.3189, 5.9448 2.4016 0.3228, 5.95 2.3614 0.3189, 5.95 2.3614 0.3228, 5.9653 2.3239 0.3189, 5.9653 2.3239 0.3228, 5.9896 2.2916 0.3189, 5.9896 2.2916 0.3228, 6.0213 2.2665 0.3189, 6.0213 2.2665 0.3228, 6.0584 2.2503 0.3189, 6.0584 2.2503 0.3228, -6.0584 2.2503 0.3189, -6.0584 2.2503 0.3228, -6.0213 2.2665 0.3189, -6.0213 2.2665 0.3228, -5.9896 2.2916 0.3189, -5.9896 2.2916 0.3228, -5.9653 2.3239 0.3189, -5.9653 2.3239 0.3228, -5.95 2.3614 0.3189, -5.95 2.3614 0.3228, -5.9448 2.4016 0.3189, -5.9448 2.4016 0.3228, -5.95 2.4417 0.3189, -5.95 2.4417 0.3228, -5.9653 2.4792 0.3189, -5.9653 2.4792 0.3228, -5.9896 2.5116 0.3189, -5.9896 2.5116 0.3228, -6.0213 2.5367 0.3189, -6.0213 2.5367 0.3228, -6.0584 2.5529 0.3189, -6.0584 2.5529 0.3228, 6.0584 3.0647 0.3189, 6.0584 3.0647 0.3228, 6.0213 3.0485 0.3189, 6.0213 3.0485 0.3228, 5.9896 3.0234 0.3189, 5.9896 3.0234 0.3228, 5.9653 2.991 0.3189, 5.9653 2.991 0.3228, 5.95 2.9535 0.3189, 5.95 2.9535 0.3228, 5.9448 2.9134 0.3189, 5.9448 2.9134 0.3228, 5.95 2.8732 0.3189, 5.95 2.8732 0.3228, 5.9653 2.8358 0.3189, 5.9653 2.8358 0.3228, 5.9896 2.8034 0.3189, 5.9896 2.8034 0.3228, 6.0213 2.7783 0.3189, 6.0213 2.7783 0.3228, 6.0584 2.7621 0.3189, 6.0584 2.7621 0.3228, -6.0584 2.7621 0.3189, -6.0584 2.7621 0.3228, -6.0213 2.7783 0.3189, -6.0213 2.7783 0.3228, -5.9896 2.8034 0.3189, -5.9896 2.8034 0.3228, -5.9653 2.8358 0.3189, -5.9653 2.8358 0.3228, -5.95 2.8732 0.3189, -5.95 2.8732 0.3228, -5.9448 2.9134 0.3189, -5.9448 2.9134 0.3228, -5.95 2.9535 0.3189, -5.95 2.9535 0.3228, -5.9653 2.991 0.3189, -5.9653 2.991 0.3228, -5.9896 3.0234 0.3189, -5.9896 3.0234 0.3228, -6.0213 3.0485 0.3189, -6.0213 3.0485 0.3228, -6.0584 3.0647 0.3189, -6.0584 3.0647 0.3228, 6.0584 3.5765 0.3189, 6.0584 3.5765 0.3228, 6.0213 3.5603 0.3189, 6.0213 3.5603 0.3228, 5.9896 3.5352 0.3189, 5.9896 3.5352 0.3228, 5.9653 3.5028 0.3189, 5.9653 3.5028 0.3228, 5.95 3.4653 0.3189, 5.95 3.4653 0.3228, 5.9448 3.4252 0.3189, 5.9448 3.4252 0.3228, 5.95 3.3851 0.3189, 5.95 3.3851 0.3228, 5.9653 3.3476 0.3189, 5.9653 3.3476 0.3228, 5.9896 3.3152 0.3189, 5.9896 3.3152 0.3228, 6.0213 3.2901 0.3189, 6.0213 3.2901 0.3228, 6.0584 3.2739 0.3189, 6.0584 3.2739 0.3228, -6.0584 3.2739 0.3189, -6.0584 3.2739 0.3228, -6.0213 3.2901 0.3189, -6.0213 3.2901 0.3228, -5.9896 3.3152 0.3189, -5.9896 3.3152 0.3228, -5.9653 3.3476 0.3189, -5.9653 3.3476 0.3228, -5.95 3.3851 0.3189, -5.95 3.3851 0.3228, -5.9448 3.4252 0.3189, -5.9448 3.4252 0.3228, -5.95 3.4653 0.3189, -5.95 3.4653 0.3228, -5.9653 3.5028 0.3189, -5.9653 3.5028 0.3228, -5.9896 3.5352 0.3189, -5.9896 3.5352 0.3228, -6.0213 3.5603 0.3189, -6.0213 3.5603 0.3228, -6.0584 3.5765 0.3189, -6.0584 3.5765 0.3228, 6.0584 4.0883 0.3189, 6.0584 4.0883 0.3228, 6.0213 4.0721 0.3189, 6.0213 4.0721 0.3228, 5.9896 4.047 0.3189, 5.9896 4.047 0.3228, 5.9653 4.0146 0.3189, 5.9653 4.0146 0.3228, 5.95 3.9771 0.3189, 5.95 3.9771 0.3228, 5.9448 3.937 0.3189, 5.9448 3.937 0.3228, 5.95 3.8969 0.3189, 5.95 3.8969 0.3228, 5.9653 3.8594 0.3189, 5.9653 3.8594 0.3228, 5.9896 3.827 0.3189, 5.9896 3.827 0.3228, 6.0213 3.8019 0.3189, 6.0213 3.8019 0.3228, 6.0584 3.7857 0.3189, 6.0584 3.7857 0.3228, -6.0584 3.7857 0.3189, -6.0584 3.7857 0.3228, -6.0213 3.8019 0.3189, -6.0213 3.8019 0.3228, -5.9896 3.827 0.3189, -5.9896 3.827 0.3228, -5.9653 3.8594 0.3189, -5.9653 3.8594 0.3228, -5.95 3.8969 0.3189, -5.95 3.8969 0.3228, -5.9448 3.937 0.3189, -5.9448 3.937 0.3228, -5.95 3.9771 0.3189, -5.95 3.9771 0.3228, -5.9653 4.0146 0.3189, -5.9653 4.0146 0.3228, -5.9896 4.047 0.3189, -5.9896 4.047 0.3228, -6.0213 4.0721 0.3189, -6.0213 4.0721 0.3228, -6.0584 4.0883 0.3189, -6.0584 4.0883 0.3228, 6.0584 4.6001 0.3189, 6.0584 4.6001 0.3228, 6.0213 4.5839 0.3189, 6.0213 4.5839 0.3228, 5.9896 4.5588 0.3189, 5.9896 4.5588 0.3228, 5.9653 4.5264 0.3189, 5.9653 4.5264 0.3228, 5.95 4.489 0.3189, 5.95 4.489 0.3228, 5.9448 4.4488 0.3189, 5.9448 4.4488 0.3228, 5.95 4.4087 0.3189, 5.95 4.4087 0.3228, 5.9653 4.3712 0.3189, 5.9653 4.3712 0.3228, 5.9896 4.3388 0.3189, 5.9896 4.3388 0.3228, 6.0213 4.3137 0.3189, 6.0213 4.3137 0.3228, 6.0584 4.2975 0.3189, 6.0584 4.2975 0.3228, -6.0584 4.2975 0.3189, -6.0584 4.2975 0.3228, -6.0213 4.3137 0.3189, -6.0213 4.3137 0.3228, -5.9896 4.3388 0.3189, -5.9896 4.3388 0.3228, -5.9653 4.3712 0.3189, -5.9653 4.3712 0.3228, -5.95 4.4087 0.3189, -5.95 4.4087 0.3228, -5.9448 4.4488 0.3189, -5.9448 4.4488 0.3228, -5.95 4.489 0.3189, -5.95 4.489 0.3228, -5.9653 4.5264 0.3189, -5.9653 4.5264 0.3228, -5.9896 4.5588 0.3189, -5.9896 4.5588 0.3228, -6.0213 4.5839 0.3189, -6.0213 4.5839 0.3228, -6.0584 4.6001 0.3189, -6.0584 4.6001 0.3228, 5.0922 -5.4679 0.3189, 5.0922 -5.4679 0.3228, 5.076 -5.4308 0.3189, 5.076 -5.4308 0.3228, 5.0509 -5.399 0.3189, 5.0509 -5.399 0.3228, 5.0186 -5.3747 0.3189, 5.0186 -5.3747 0.3228, 4.9811 -5.3595 0.3189, 4.9811 -5.3595 0.3228, 4.9409 -5.3543 0.3189, 4.9409 -5.3543 0.3228, 4.9008 -5.3595 0.3189, 4.9008 -5.3595 0.3228, 4.8633 -5.3747 0.3189, 4.8633 -5.3747 0.3228, 4.831 -5.399 0.3189, 4.831 -5.399 0.3228, 4.8059 -5.4308 0.3189, 4.8059 -5.4308 0.3228, 4.7897 -5.4679 0.3189, 4.7897 -5.4679 0.3228, 4.7897 5.4679 0.3189, 4.7897 5.4679 0.3228, 4.8059 5.4308 0.3189, 4.8059 5.4308 0.3228, 4.831 5.399 0.3189, 4.831 5.399 0.3228, 4.8633 5.3747 0.3189, 4.8633 5.3747 0.3228, 4.9008 5.3595 0.3189, 4.9008 5.3595 0.3228, 4.9409 5.3543 0.3189, 4.9409 5.3543 0.3228, 4.9811 5.3595 0.3189, 4.9811 5.3595 0.3228, 5.0186 5.3747 0.3189, 5.0186 5.3747 0.3228, 5.0509 5.399 0.3189, 5.0509 5.399 0.3228, 5.076 5.4308 0.3189, 5.076 5.4308 0.3228, 5.0922 5.4679 0.3189, 5.0922 5.4679 0.3228, 4.5804 -5.4679 0.3189, 4.5804 -5.4679 0.3228, 4.5642 -5.4308 0.3189, 4.5642 -5.4308 0.3228, 4.5391 -5.399 0.3189, 4.5391 -5.399 0.3228, 4.5068 -5.3747 0.3189, 4.5068 -5.3747 0.3228, 4.4693 -5.3595 0.3189, 4.4693 -5.3595 0.3228, 4.4291 -5.3543 0.3189, 4.4291 -5.3543 0.3228, 4.389 -5.3595 0.3189, 4.389 -5.3595 0.3228, 4.3515 -5.3747 0.3189, 4.3515 -5.3747 0.3228, 4.3191 -5.399 0.3189, 4.3191 -5.399 0.3228, 4.294 -5.4308 0.3189, 4.294 -5.4308 0.3228, 4.2779 -5.4679 0.3189, 4.2779 -5.4679 0.3228, 4.2779 5.4679 0.3189, 4.2779 5.4679 0.3228, 4.294 5.4308 0.3189, 4.294 5.4308 0.3228, 4.3191 5.399 0.3189, 4.3191 5.399 0.3228, 4.3515 5.3747 0.3189, 4.3515 5.3747 0.3228, 4.389 5.3595 0.3189, 4.389 5.3595 0.3228, 4.4291 5.3543 0.3189, 4.4291 5.3543 0.3228, 4.4693 5.3595 0.3189, 4.4693 5.3595 0.3228, 4.5068 5.3747 0.3189, 4.5068 5.3747 0.3228, 4.5391 5.399 0.3189, 4.5391 5.399 0.3228, 4.5642 5.4308 0.3189, 4.5642 5.4308 0.3228, 4.5804 5.4679 0.3189, 4.5804 5.4679 0.3228, 4.0686 -5.4679 0.3189, 4.0686 -5.4679 0.3228, 4.0524 -5.4308 0.3189, 4.0524 -5.4308 0.3228, 4.0273 -5.399 0.3189, 4.0273 -5.399 0.3228, 3.9949 -5.3747 0.3189, 3.9949 -5.3747 0.3228, 3.9575 -5.3595 0.3189, 3.9575 -5.3595 0.3228, 3.9173 -5.3543 0.3189, 3.9173 -5.3543 0.3228, 3.8772 -5.3595 0.3189, 3.8772 -5.3595 0.3228, 3.8397 -5.3747 0.3189, 3.8397 -5.3747 0.3228, 3.8073 -5.399 0.3189, 3.8073 -5.399 0.3228, 3.7822 -5.4308 0.3189, 3.7822 -5.4308 0.3228, 3.766 -5.4679 0.3189, 3.766 -5.4679 0.3228, 3.766 5.4679 0.3189, 3.766 5.4679 0.3228, 3.7822 5.4308 0.3189, 3.7822 5.4308 0.3228, 3.8073 5.399 0.3189, 3.8073 5.399 0.3228, 3.8397 5.3747 0.3189, 3.8397 5.3747 0.3228, 3.8772 5.3595 0.3189, 3.8772 5.3595 0.3228, 3.9173 5.3543 0.3189, 3.9173 5.3543 0.3228, 3.9575 5.3595 0.3189, 3.9575 5.3595 0.3228, 3.9949 5.3747 0.3189, 3.9949 5.3747 0.3228, 4.0273 5.399 0.3189, 4.0273 5.399 0.3228, 4.0524 5.4308 0.3189, 4.0524 5.4308 0.3228, 4.0686 5.4679 0.3189, 4.0686 5.4679 0.3228, 3.5568 -5.4679 0.3189, 3.5568 -5.4679 0.3228, 3.5406 -5.4308 0.3189, 3.5406 -5.4308 0.3228, 3.5155 -5.399 0.3189, 3.5155 -5.399 0.3228, 3.4831 -5.3747 0.3189, 3.4831 -5.3747 0.3228, 3.4456 -5.3595 0.3189, 3.4456 -5.3595 0.3228, 3.4055 -5.3543 0.3189, 3.4055 -5.3543 0.3228, 3.3654 -5.3595 0.3189, 3.3654 -5.3595 0.3228, 3.3279 -5.3747 0.3189, 3.3279 -5.3747 0.3228, 3.2955 -5.399 0.3189, 3.2955 -5.399 0.3228, 3.2704 -5.4308 0.3189, 3.2704 -5.4308 0.3228, 3.2542 -5.4679 0.3189, 3.2542 -5.4679 0.3228, 3.2542 5.4679 0.3189, 3.2542 5.4679 0.3228, 3.2704 5.4308 0.3189, 3.2704 5.4308 0.3228, 3.2955 5.399 0.3189, 3.2955 5.399 0.3228, 3.3279 5.3747 0.3189, 3.3279 5.3747 0.3228, 3.3654 5.3595 0.3189, 3.3654 5.3595 0.3228, 3.4055 5.3543 0.3189, 3.4055 5.3543 0.3228, 3.4456 5.3595 0.3189, 3.4456 5.3595 0.3228, 3.4831 5.3747 0.3189, 3.4831 5.3747 0.3228, 3.5155 5.399 0.3189, 3.5155 5.399 0.3228, 3.5406 5.4308 0.3189, 3.5406 5.4308 0.3228, 3.5568 5.4679 0.3189, 3.5568 5.4679 0.3228, 3.045 -5.4679 0.3189, 3.045 -5.4679 0.3228, 3.0288 -5.4308 0.3189, 3.0288 -5.4308 0.3228, 3.0037 -5.399 0.3189, 3.0037 -5.399 0.3228, 2.9713 -5.3747 0.3189, 2.9713 -5.3747 0.3228, 2.9338 -5.3595 0.3189, 2.9338 -5.3595 0.3228, 2.8937 -5.3543 0.3189, 2.8937 -5.3543 0.3228, 2.8536 -5.3595 0.3189, 2.8536 -5.3595 0.3228, 2.8161 -5.3747 0.3189, 2.8161 -5.3747 0.3228, 2.7837 -5.399 0.3189, 2.7837 -5.399 0.3228, 2.7586 -5.4308 0.3189, 2.7586 -5.4308 0.3228, 2.7424 -5.4679 0.3189, 2.7424 -5.4679 0.3228, 2.7424 5.4679 0.3189, 2.7424 5.4679 0.3228, 2.7586 5.4308 0.3189, 2.7586 5.4308 0.3228, 2.7837 5.399 0.3189, 2.7837 5.399 0.3228, 2.8161 5.3747 0.3189, 2.8161 5.3747 0.3228, 2.8536 5.3595 0.3189, 2.8536 5.3595 0.3228, 2.8937 5.3543 0.3189, 2.8937 5.3543 0.3228, 2.9338 5.3595 0.3189, 2.9338 5.3595 0.3228, 2.9713 5.3747 0.3189, 2.9713 5.3747 0.3228, 3.0037 5.399 0.3189, 3.0037 5.399 0.3228, 3.0288 5.4308 0.3189, 3.0288 5.4308 0.3228, 3.045 5.4679 0.3189, 3.045 5.4679 0.3228, 2.5332 -5.4679 0.3189, 2.5332 -5.4679 0.3228, 2.517 -5.4308 0.3189, 2.517 -5.4308 0.3228, 2.4919 -5.399 0.3189, 2.4919 -5.399 0.3228, 2.4595 -5.3747 0.3189, 2.4595 -5.3747 0.3228, 2.422 -5.3595 0.3189, 2.422 -5.3595 0.3228, 2.3819 -5.3543 0.3189, 2.3819 -5.3543 0.3228, 2.3418 -5.3595 0.3189, 2.3418 -5.3595 0.3228, 2.3043 -5.3747 0.3189, 2.3043 -5.3747 0.3228, 2.2719 -5.399 0.3189, 2.2719 -5.399 0.3228, 2.2468 -5.4308 0.3189, 2.2468 -5.4308 0.3228, 2.2306 -5.4679 0.3189, 2.2306 -5.4679 0.3228, 2.2306 5.4679 0.3189, 2.2306 5.4679 0.3228, 2.2468 5.4308 0.3189, 2.2468 5.4308 0.3228, 2.2719 5.399 0.3189, 2.2719 5.399 0.3228, 2.3043 5.3747 0.3189, 2.3043 5.3747 0.3228, 2.3418 5.3595 0.3189, 2.3418 5.3595 0.3228, 2.3819 5.3543 0.3189, 2.3819 5.3543 0.3228, 2.422 5.3595 0.3189, 2.422 5.3595 0.3228, 2.4595 5.3747 0.3189, 2.4595 5.3747 0.3228, 2.4919 5.399 0.3189, 2.4919 5.399 0.3228, 2.517 5.4308 0.3189, 2.517 5.4308 0.3228, 2.5332 5.4679 0.3189, 2.5332 5.4679 0.3228, 2.0214 -5.4679 0.3189, 2.0214 -5.4679 0.3228, 2.0052 -5.4308 0.3189, 2.0052 -5.4308 0.3228, 1.9801 -5.399 0.3189, 1.9801 -5.399 0.3228, 1.9477 -5.3747 0.3189, 1.9477 -5.3747 0.3228, 1.9102 -5.3595 0.3189, 1.9102 -5.3595 0.3228, 1.8701 -5.3543 0.3189, 1.8701 -5.3543 0.3228, 1.8299 -5.3595 0.3189, 1.8299 -5.3595 0.3228, 1.7925 -5.3747 0.3189, 1.7925 -5.3747 0.3228, 1.7601 -5.399 0.3189, 1.7601 -5.399 0.3228, 1.735 -5.4308 0.3189, 1.735 -5.4308 0.3228, 1.7188 -5.4679 0.3189, 1.7188 -5.4679 0.3228, 1.7188 5.4679 0.3189, 1.7188 5.4679 0.3228, 1.735 5.4308 0.3189, 1.735 5.4308 0.3228, 1.7601 5.399 0.3189, 1.7601 5.399 0.3228, 1.7925 5.3747 0.3189, 1.7925 5.3747 0.3228, 1.8299 5.3595 0.3189, 1.8299 5.3595 0.3228, 1.8701 5.3543 0.3189, 1.8701 5.3543 0.3228, 1.9102 5.3595 0.3189, 1.9102 5.3595 0.3228, 1.9477 5.3747 0.3189, 1.9477 5.3747 0.3228, 1.9801 5.399 0.3189, 1.9801 5.399 0.3228, 2.0052 5.4308 0.3189, 2.0052 5.4308 0.3228, 2.0214 5.4679 0.3189, 2.0214 5.4679 0.3228, 1.5095 -5.4679 0.3189, 1.5095 -5.4679 0.3228, 1.4934 -5.4308 0.3189, 1.4934 -5.4308 0.3228, 1.4683 -5.399 0.3189, 1.4683 -5.399 0.3228, 1.4359 -5.3747 0.3189, 1.4359 -5.3747 0.3228, 1.3984 -5.3595 0.3189, 1.3984 -5.3595 0.3228, 1.3583 -5.3543 0.3189, 1.3583 -5.3543 0.3228, 1.3181 -5.3595 0.3189, 1.3181 -5.3595 0.3228, 1.2806 -5.3747 0.3189, 1.2806 -5.3747 0.3228, 1.2483 -5.399 0.3189, 1.2483 -5.399 0.3228, 1.2232 -5.4308 0.3189, 1.2232 -5.4308 0.3228, 1.207 -5.4679 0.3189, 1.207 -5.4679 0.3228, 1.207 5.4679 0.3189, 1.207 5.4679 0.3228, 1.2232 5.4308 0.3189, 1.2232 5.4308 0.3228, 1.2483 5.399 0.3189, 1.2483 5.399 0.3228, 1.2806 5.3747 0.3189, 1.2806 5.3747 0.3228, 1.3181 5.3595 0.3189, 1.3181 5.3595 0.3228, 1.3583 5.3543 0.3189, 1.3583 5.3543 0.3228, 1.3984 5.3595 0.3189, 1.3984 5.3595 0.3228, 1.4359 5.3747 0.3189, 1.4359 5.3747 0.3228, 1.4683 5.399 0.3189, 1.4683 5.399 0.3228, 1.4934 5.4308 0.3189, 1.4934 5.4308 0.3228, 1.5095 5.4679 0.3189, 1.5095 5.4679 0.3228, 0.9977 -5.4679 0.3189, 0.9977 -5.4679 0.3228, 0.9815 -5.4308 0.3189, 0.9815 -5.4308 0.3228, 0.9564 -5.399 0.3189, 0.9564 -5.399 0.3228, 0.9241 -5.3747 0.3189, 0.9241 -5.3747 0.3228, 0.8866 -5.3595 0.3189, 0.8866 -5.3595 0.3228, 0.8465 -5.3543 0.3189, 0.8465 -5.3543 0.3228, 0.8063 -5.3595 0.3189, 0.8063 -5.3595 0.3228, 0.7688 -5.3747 0.3189, 0.7688 -5.3747 0.3228, 0.7365 -5.399 0.3189, 0.7365 -5.399 0.3228, 0.7114 -5.4308 0.3189, 0.7114 -5.4308 0.3228, 0.6952 -5.4679 0.3189, 0.6952 -5.4679 0.3228, 0.6952 5.4679 0.3189, 0.6952 5.4679 0.3228, 0.7114 5.4308 0.3189, 0.7114 5.4308 0.3228, 0.7365 5.399 0.3189, 0.7365 5.399 0.3228, 0.7688 5.3747 0.3189, 0.7688 5.3747 0.3228, 0.8063 5.3595 0.3189, 0.8063 5.3595 0.3228, 0.8465 5.3543 0.3189, 0.8465 5.3543 0.3228, 0.8866 5.3595 0.3189, 0.8866 5.3595 0.3228, 0.9241 5.3747 0.3189, 0.9241 5.3747 0.3228, 0.9564 5.399 0.3189, 0.9564 5.399 0.3228, 0.9815 5.4308 0.3189, 0.9815 5.4308 0.3228, 0.9977 5.4679 0.3189, 0.9977 5.4679 0.3228, 0.4859 -5.4679 0.3189, 0.4859 -5.4679 0.3228, 0.4697 -5.4308 0.3189, 0.4697 -5.4308 0.3228, 0.4446 -5.399 0.3189, 0.4446 -5.399 0.3228, 0.4123 -5.3747 0.3189, 0.4123 -5.3747 0.3228, 0.3748 -5.3595 0.3189, 0.3748 -5.3595 0.3228, 0.3346 -5.3543 0.3189, 0.3346 -5.3543 0.3228, 0.2945 -5.3595 0.3189, 0.2945 -5.3595 0.3228, 0.257 -5.3747 0.3189, 0.257 -5.3747 0.3228, 0.2247 -5.399 0.3189, 0.2247 -5.399 0.3228, 0.1996 -5.4308 0.3189, 0.1996 -5.4308 0.3228, 0.1834 -5.4679 0.3189, 0.1834 -5.4679 0.3228, 0.1834 5.4679 0.3189, 0.1834 5.4679 0.3228, 0.1996 5.4308 0.3189, 0.1996 5.4308 0.3228, 0.2247 5.399 0.3189, 0.2247 5.399 0.3228, 0.257 5.3747 0.3189, 0.257 5.3747 0.3228, 0.2945 5.3595 0.3189, 0.2945 5.3595 0.3228, 0.3346 5.3543 0.3189, 0.3346 5.3543 0.3228, 0.3748 5.3595 0.3189, 0.3748 5.3595 0.3228, 0.4123 5.3747 0.3189, 0.4123 5.3747 0.3228, 0.4446 5.399 0.3189, 0.4446 5.399 0.3228, 0.4697 5.4308 0.3189, 0.4697 5.4308 0.3228, 0.4859 5.4679 0.3189, 0.4859 5.4679 0.3228, -0.0259 -5.4679 0.3189, -0.0259 -5.4679 0.3228, -0.0421 -5.4308 0.3189, -0.0421 -5.4308 0.3228, -0.0672 -5.399 0.3189, -0.0672 -5.399 0.3228, -0.0995 -5.3747 0.3189, -0.0995 -5.3747 0.3228, -0.137 -5.3595 0.3189, -0.137 -5.3595 0.3228, -0.1772 -5.3543 0.3189, -0.1772 -5.3543 0.3228, -0.2173 -5.3595 0.3189, -0.2173 -5.3595 0.3228, -0.2548 -5.3747 0.3189, -0.2548 -5.3747 0.3228, -0.2872 -5.399 0.3189, -0.2872 -5.399 0.3228, -0.3123 -5.4308 0.3189, -0.3123 -5.4308 0.3228, -0.3284 -5.4679 0.3189, -0.3284 -5.4679 0.3228, -0.3284 5.4679 0.3189, -0.3284 5.4679 0.3228, -0.3123 5.4308 0.3189, -0.3123 5.4308 0.3228, -0.2872 5.399 0.3189, -0.2872 5.399 0.3228, -0.2548 5.3747 0.3189, -0.2548 5.3747 0.3228, -0.2173 5.3595 0.3189, -0.2173 5.3595 0.3228, -0.1772 5.3543 0.3189, -0.1772 5.3543 0.3228, -0.137 5.3595 0.3189, -0.137 5.3595 0.3228, -0.0995 5.3747 0.3189, -0.0995 5.3747 0.3228, -0.0672 5.399 0.3189, -0.0672 5.399 0.3228, -0.0421 5.4308 0.3189, -0.0421 5.4308 0.3228, -0.0259 5.4679 0.3189, -0.0259 5.4679 0.3228, -0.5377 -5.4679 0.3189, -0.5377 -5.4679 0.3228, -0.5539 -5.4308 0.3189, -0.5539 -5.4308 0.3228, -0.579 -5.399 0.3189, -0.579 -5.399 0.3228, -0.6114 -5.3747 0.3189, -0.6114 -5.3747 0.3228, -0.6488 -5.3595 0.3189, -0.6488 -5.3595 0.3228, -0.689 -5.3543 0.3189, -0.689 -5.3543 0.3228, -0.7291 -5.3595 0.3189, -0.7291 -5.3595 0.3228, -0.7666 -5.3747 0.3189, -0.7666 -5.3747 0.3228, -0.799 -5.399 0.3189, -0.799 -5.399 0.3228, -0.8241 -5.4308 0.3189, -0.8241 -5.4308 0.3228, -0.8403 -5.4679 0.3189, -0.8403 -5.4679 0.3228, -0.8403 5.4679 0.3189, -0.8403 5.4679 0.3228, -0.8241 5.4308 0.3189, -0.8241 5.4308 0.3228, -0.799 5.399 0.3189, -0.799 5.399 0.3228, -0.7666 5.3747 0.3189, -0.7666 5.3747 0.3228, -0.7291 5.3595 0.3189, -0.7291 5.3595 0.3228, -0.689 5.3543 0.3189, -0.689 5.3543 0.3228, -0.6488 5.3595 0.3189, -0.6488 5.3595 0.3228, -0.6114 5.3747 0.3189, -0.6114 5.3747 0.3228, -0.579 5.399 0.3189, -0.579 5.399 0.3228, -0.5539 5.4308 0.3189, -0.5539 5.4308 0.3228, -0.5377 5.4679 0.3189, -0.5377 5.4679 0.3228, -1.0495 -5.4679 0.3189, -1.0495 -5.4679 0.3228, -1.0657 -5.4308 0.3189, -1.0657 -5.4308 0.3228, -1.0908 -5.399 0.3189, -1.0908 -5.399 0.3228, -1.1232 -5.3747 0.3189, -1.1232 -5.3747 0.3228, -1.1606 -5.3595 0.3189, -1.1606 -5.3595 0.3228, -1.2008 -5.3543 0.3189, -1.2008 -5.3543 0.3228, -1.2409 -5.3595 0.3189, -1.2409 -5.3595 0.3228, -1.2784 -5.3747 0.3189, -1.2784 -5.3747 0.3228, -1.3108 -5.399 0.3189, -1.3108 -5.399 0.3228, -1.3359 -5.4308 0.3189, -1.3359 -5.4308 0.3228, -1.3521 -5.4679 0.3189, -1.3521 -5.4679 0.3228, -1.3521 5.4679 0.3189, -1.3521 5.4679 0.3228, -1.3359 5.4308 0.3189, -1.3359 5.4308 0.3228, -1.3108 5.399 0.3189, -1.3108 5.399 0.3228, -1.2784 5.3747 0.3189, -1.2784 5.3747 0.3228, -1.2409 5.3595 0.3189, -1.2409 5.3595 0.3228, -1.2008 5.3543 0.3189, -1.2008 5.3543 0.3228, -1.1606 5.3595 0.3189, -1.1606 5.3595 0.3228, -1.1232 5.3747 0.3189, -1.1232 5.3747 0.3228, -1.0908 5.399 0.3189, -1.0908 5.399 0.3228, -1.0657 5.4308 0.3189, -1.0657 5.4308 0.3228, -1.0495 5.4679 0.3189, -1.0495 5.4679 0.3228, -1.5613 -5.4679 0.3189, -1.5613 -5.4679 0.3228, -1.5775 -5.4308 0.3189, -1.5775 -5.4308 0.3228, -1.6026 -5.399 0.3189, -1.6026 -5.399 0.3228, -1.635 -5.3747 0.3189, -1.635 -5.3747 0.3228, -1.6725 -5.3595 0.3189, -1.6725 -5.3595 0.3228, -1.7126 -5.3543 0.3189, -1.7126 -5.3543 0.3228, -1.7527 -5.3595 0.3189, -1.7527 -5.3595 0.3228, -1.7902 -5.3747 0.3189, -1.7902 -5.3747 0.3228, -1.8226 -5.399 0.3189, -1.8226 -5.399 0.3228, -1.8477 -5.4308 0.3189, -1.8477 -5.4308 0.3228, -1.8639 -5.4679 0.3189, -1.8639 -5.4679 0.3228, -1.8639 5.4679 0.3189, -1.8639 5.4679 0.3228, -1.8477 5.4308 0.3189, -1.8477 5.4308 0.3228, -1.8226 5.399 0.3189, -1.8226 5.399 0.3228, -1.7902 5.3747 0.3189, -1.7902 5.3747 0.3228, -1.7527 5.3595 0.3189, -1.7527 5.3595 0.3228, -1.7126 5.3543 0.3189, -1.7126 5.3543 0.3228, -1.6725 5.3595 0.3189, -1.6725 5.3595 0.3228, -1.635 5.3747 0.3189, -1.635 5.3747 0.3228, -1.6026 5.399 0.3189, -1.6026 5.399 0.3228, -1.5775 5.4308 0.3189, -1.5775 5.4308 0.3228, -1.5613 5.4679 0.3189, -1.5613 5.4679 0.3228, -2.0731 -5.4679 0.3189, -2.0731 -5.4679 0.3228, -2.0893 -5.4308 0.3189, -2.0893 -5.4308 0.3228, -2.1144 -5.399 0.3189, -2.1144 -5.399 0.3228, -2.1468 -5.3747 0.3189, -2.1468 -5.3747 0.3228, -2.1843 -5.3595 0.3189, -2.1843 -5.3595 0.3228, -2.2244 -5.3543 0.3189, -2.2244 -5.3543 0.3228, -2.2645 -5.3595 0.3189, -2.2645 -5.3595 0.3228, -2.302 -5.3747 0.3189, -2.302 -5.3747 0.3228, -2.3344 -5.399 0.3189, -2.3344 -5.399 0.3228, -2.3595 -5.4308 0.3189, -2.3595 -5.4308 0.3228, -2.3757 -5.4679 0.3189, -2.3757 -5.4679 0.3228, -2.3757 5.4679 0.3189, -2.3757 5.4679 0.3228, -2.3595 5.4308 0.3189, -2.3595 5.4308 0.3228, -2.3344 5.399 0.3189, -2.3344 5.399 0.3228, -2.302 5.3747 0.3189, -2.302 5.3747 0.3228, -2.2645 5.3595 0.3189, -2.2645 5.3595 0.3228, -2.2244 5.3543 0.3189, -2.2244 5.3543 0.3228, -2.1843 5.3595 0.3189, -2.1843 5.3595 0.3228, -2.1468 5.3747 0.3189, -2.1468 5.3747 0.3228, -2.1144 5.399 0.3189, -2.1144 5.399 0.3228, -2.0893 5.4308 0.3189, -2.0893 5.4308 0.3228, -2.0731 5.4679 0.3189, -2.0731 5.4679 0.3228, -2.5849 -5.4679 0.3189, -2.5849 -5.4679 0.3228, -2.6011 -5.4308 0.3189, -2.6011 -5.4308 0.3228, -2.6262 -5.399 0.3189, -2.6262 -5.399 0.3228, -2.6586 -5.3747 0.3189, -2.6586 -5.3747 0.3228, -2.6961 -5.3595 0.3189, -2.6961 -5.3595 0.3228, -2.7362 -5.3543 0.3189, -2.7362 -5.3543 0.3228, -2.7764 -5.3595 0.3189, -2.7764 -5.3595 0.3228, -2.8138 -5.3747 0.3189, -2.8138 -5.3747 0.3228, -2.8462 -5.399 0.3189, -2.8462 -5.399 0.3228, -2.8713 -5.4308 0.3189, -2.8713 -5.4308 0.3228, -2.8875 -5.4679 0.3189, -2.8875 -5.4679 0.3228, -2.8875 5.4679 0.3189, -2.8875 5.4679 0.3228, -2.8713 5.4308 0.3189, -2.8713 5.4308 0.3228, -2.8462 5.399 0.3189, -2.8462 5.399 0.3228, -2.8138 5.3747 0.3189, -2.8138 5.3747 0.3228, -2.7764 5.3595 0.3189, -2.7764 5.3595 0.3228, -2.7362 5.3543 0.3189, -2.7362 5.3543 0.3228, -2.6961 5.3595 0.3189, -2.6961 5.3595 0.3228, -2.6586 5.3747 0.3189, -2.6586 5.3747 0.3228, -2.6262 5.399 0.3189, -2.6262 5.399 0.3228, -2.6011 5.4308 0.3189, -2.6011 5.4308 0.3228, -2.5849 5.4679 0.3189, -2.5849 5.4679 0.3228, -3.0968 -5.4679 0.3189, -3.0968 -5.4679 0.3228, -3.1129 -5.4308 0.3189, -3.1129 -5.4308 0.3228, -3.138 -5.399 0.3189, -3.138 -5.399 0.3228, -3.1704 -5.3747 0.3189, -3.1704 -5.3747 0.3228, -3.2079 -5.3595 0.3189, -3.2079 -5.3595 0.3228, -3.248 -5.3543 0.3189, -3.248 -5.3543 0.3228, -3.2882 -5.3595 0.3189, -3.2882 -5.3595 0.3228, -3.3257 -5.3747 0.3189, -3.3257 -5.3747 0.3228, -3.358 -5.399 0.3189, -3.358 -5.399 0.3228, -3.3831 -5.4308 0.3189, -3.3831 -5.4308 0.3228, -3.3993 -5.4679 0.3189, -3.3993 -5.4679 0.3228, -3.3993 5.4679 0.3189, -3.3993 5.4679 0.3228, -3.3831 5.4308 0.3189, -3.3831 5.4308 0.3228, -3.358 5.399 0.3189, -3.358 5.399 0.3228, -3.3257 5.3747 0.3189, -3.3257 5.3747 0.3228, -3.2882 5.3595 0.3189, -3.2882 5.3595 0.3228, -3.248 5.3543 0.3189, -3.248 5.3543 0.3228, -3.2079 5.3595 0.3189, -3.2079 5.3595 0.3228, -3.1704 5.3747 0.3189, -3.1704 5.3747 0.3228, -3.138 5.399 0.3189, -3.138 5.399 0.3228, -3.1129 5.4308 0.3189, -3.1129 5.4308 0.3228, -3.0968 5.4679 0.3189, -3.0968 5.4679 0.3228, -3.6086 -5.4679 0.3189, -3.6086 -5.4679 0.3228, -3.6247 -5.4308 0.3189, -3.6247 -5.4308 0.3228, -3.6499 -5.399 0.3189, -3.6499 -5.399 0.3228, -3.6822 -5.3747 0.3189, -3.6822 -5.3747 0.3228, -3.7197 -5.3595 0.3189, -3.7197 -5.3595 0.3228, -3.7598 -5.3543 0.3189, -3.7598 -5.3543 0.3228, -3.8 -5.3595 0.3189, -3.8 -5.3595 0.3228, -3.8375 -5.3747 0.3189, -3.8375 -5.3747 0.3228, -3.8698 -5.399 0.3189, -3.8698 -5.399 0.3228, -3.8949 -5.4308 0.3189, -3.8949 -5.4308 0.3228, -3.9111 -5.4679 0.3189, -3.9111 -5.4679 0.3228, -3.9111 5.4679 0.3189, -3.9111 5.4679 0.3228, -3.8949 5.4308 0.3189, -3.8949 5.4308 0.3228, -3.8698 5.399 0.3189, -3.8698 5.399 0.3228, -3.8375 5.3747 0.3189, -3.8375 5.3747 0.3228, -3.8 5.3595 0.3189, -3.8 5.3595 0.3228, -3.7598 5.3543 0.3189, -3.7598 5.3543 0.3228, -3.7197 5.3595 0.3189, -3.7197 5.3595 0.3228, -3.6822 5.3747 0.3189, -3.6822 5.3747 0.3228, -3.6499 5.399 0.3189, -3.6499 5.399 0.3228, -3.6247 5.4308 0.3189, -3.6247 5.4308 0.3228, -3.6086 5.4679 0.3189, -3.6086 5.4679 0.3228, -4.1204 -5.4679 0.3189, -4.1204 -5.4679 0.3228, -4.1366 -5.4308 0.3189, -4.1366 -5.4308 0.3228, -4.1617 -5.399 0.3189, -4.1617 -5.399 0.3228, -4.194 -5.3747 0.3189, -4.194 -5.3747 0.3228, -4.2315 -5.3595 0.3189, -4.2315 -5.3595 0.3228, -4.2717 -5.3543 0.3189, -4.2717 -5.3543 0.3228, -4.3118 -5.3595 0.3189, -4.3118 -5.3595 0.3228, -4.3493 -5.3747 0.3189, -4.3493 -5.3747 0.3228, -4.3816 -5.399 0.3189, -4.3816 -5.399 0.3228, -4.4067 -5.4308 0.3189, -4.4067 -5.4308 0.3228, -4.4229 -5.4679 0.3189, -4.4229 -5.4679 0.3228, -4.4229 5.4679 0.3189, -4.4229 5.4679 0.3228, -4.4067 5.4308 0.3189, -4.4067 5.4308 0.3228, -4.3816 5.399 0.3189, -4.3816 5.399 0.3228, -4.3493 5.3747 0.3189, -4.3493 5.3747 0.3228, -4.3118 5.3595 0.3189, -4.3118 5.3595 0.3228, -4.2717 5.3543 0.3189, -4.2717 5.3543 0.3228, -4.2315 5.3595 0.3189, -4.2315 5.3595 0.3228, -4.194 5.3747 0.3189, -4.194 5.3747 0.3228, -4.1617 5.399 0.3189, -4.1617 5.399 0.3228, -4.1366 5.4308 0.3189, -4.1366 5.4308 0.3228, -4.1204 5.4679 0.3189, -4.1204 5.4679 0.3228, -4.6322 -5.4679 0.3189, -4.6322 -5.4679 0.3228, -4.6484 -5.4308 0.3189, -4.6484 -5.4308 0.3228, -4.6735 -5.399 0.3189, -4.6735 -5.399 0.3228, -4.7058 -5.3747 0.3189, -4.7058 -5.3747 0.3228, -4.7433 -5.3595 0.3189, -4.7433 -5.3595 0.3228, -4.7835 -5.3543 0.3189, -4.7835 -5.3543 0.3228, -4.8236 -5.3595 0.3189, -4.8236 -5.3595 0.3228, -4.8611 -5.3747 0.3189, -4.8611 -5.3747 0.3228, -4.8935 -5.399 0.3189, -4.8935 -5.399 0.3228, -4.9186 -5.4308 0.3189, -4.9186 -5.4308 0.3228, -4.9347 -5.4679 0.3189, -4.9347 -5.4679 0.3228, 6.0584 5.1119 0.3189, 6.0584 5.1119 0.3228, 6.0213 5.0957 0.3189, 6.0213 5.0957 0.3228, 5.9896 5.0706 0.3189, 5.9896 5.0706 0.3228, 5.9653 5.0383 0.3189, 5.9653 5.0383 0.3228, 5.95 5.0008 0.3189, 5.95 5.0008 0.3228, 5.9448 4.9606 0.3189, 5.9448 4.9606 0.3228, 5.95 4.9205 0.3189, 5.95 4.9205 0.3228, 5.9653 4.883 0.3189, 5.9653 4.883 0.3228, 5.9896 4.8506 0.3189, 5.9896 4.8506 0.3228, 6.0213 4.8255 0.3189, 6.0213 4.8255 0.3228, 6.0584 4.8094 0.3189, 6.0584 4.8094 0.3228, -4.9347 5.4679 0.3189, -4.9347 5.4679 0.3228, -4.9186 5.4308 0.3189, -4.9186 5.4308 0.3228, -4.8935 5.399 0.3189, -4.8935 5.399 0.3228, -4.8611 5.3747 0.3189, -4.8611 5.3747 0.3228, -4.8236 5.3595 0.3189, -4.8236 5.3595 0.3228, -4.7835 5.3543 0.3189, -4.7835 5.3543 0.3228, -4.7433 5.3595 0.3189, -4.7433 5.3595 0.3228, -4.7058 5.3747 0.3189, -4.7058 5.3747 0.3228, -4.6735 5.399 0.3189, -4.6735 5.399 0.3228, -4.6484 5.4308 0.3189, -4.6484 5.4308 0.3228, -4.6322 5.4679 0.3189, -4.6322 5.4679 0.3228, -6.0584 4.8094 0.3189, -6.0584 4.8094 0.3228, -6.0213 4.8255 0.3189, -6.0213 4.8255 0.3228, -5.9896 4.8506 0.3189, -5.9896 4.8506 0.3228, -5.9653 4.883 0.3189, -5.9653 4.883 0.3228, -5.95 4.9205 0.3189, -5.95 4.9205 0.3228, -5.9448 4.9606 0.3189, -5.9448 4.9606 0.3228, -5.95 5.0008 0.3189, -5.95 5.0008 0.3228, -5.9653 5.0383 0.3189, -5.9653 5.0383 0.3228, -5.9896 5.0706 0.3189, -5.9896 5.0706 0.3228, -6.0213 5.0957 0.3189, -6.0213 5.0957 0.3228, -6.0584 5.1119 0.3189, -6.0584 5.1119 0.3228
            ]
        }
        coordIndex [
            0,1,2,-1,2,1,3,-1,2,3,4,-1,4,3,5,-1,6,7,0,-1,0,7,1,-1,4,5,8,-1,8,5,9,-1,8,9,10,-1,10,9,11,-1,10,11,12,-1,12,11,13,-1,11,9,14,-1,14,9,15,-1,14,15,16,-1,16,15,17,-1,16,17,18,-1,18,17,19,-1,18,19,20,-1,20,19,21,-1,20,21,22,-1,22,21,23,-1,22,23,24,-1,24,23,25,-1,24,25,26,-1,26,25,27,-1,26,27,28,-1,28,27,29,-1,28,29,30,-1,30,29,31,-1,30,31,32,-1,32,31,33,-1,32,33,34,-1,34,33,35,-1,34,35,36,-1,36,35,37,-1,38,39,40,-1,40,39,36,-1,40,36,41,-1,41,36,37,-1,41,37,6,-1,6,37,7,-1,7,37,35,-1,31,29,1,-1,7,35,1,-1,1,35,33,-1,1,33,31,-1,29,27,1,-1,1,27,25,-1,1,25,3,-1,3,25,23,-1,3,23,21,-1,21,19,3,-1,3,19,17,-1,3,17,5,-1,5,17,15,-1,5,15,9,-1,42,43,44,-1,44,43,45,-1,46,47,48,-1,48,47,49,-1,48,49,42,-1,42,49,43,-1,44,45,50,-1,50,45,51,-1,50,51,52,-1,52,51,53,-1,52,53,54,-1,54,53,55,-1,53,51,56,-1,56,51,57,-1,56,57,58,-1,58,57,59,-1,58,59,60,-1,60,59,61,-1,60,61,62,-1,62,61,63,-1,62,63,64,-1,64,63,65,-1,64,65,66,-1,66,65,67,-1,66,67,68,-1,68,67,69,-1,68,69,70,-1,70,69,71,-1,70,71,72,-1,72,71,73,-1,72,73,74,-1,74,73,75,-1,74,75,76,-1,76,75,77,-1,76,77,78,-1,78,77,79,-1,80,81,82,-1,82,81,78,-1,82,78,83,-1,83,78,79,-1,83,79,46,-1,46,79,47,-1,47,79,77,-1,73,71,49,-1,49,71,69,-1,49,69,43,-1,47,77,49,-1,49,77,75,-1,49,75,73,-1,69,67,43,-1,43,67,65,-1,43,65,63,-1,63,61,43,-1,43,61,59,-1,43,59,45,-1,45,59,57,-1,45,57,51,-1,84,85,86,-1,86,85,87,-1,86,87,88,-1,88,87,89,-1,88,89,90,-1,90,89,91,-1,92,93,94,-1,94,93,95,-1,94,95,96,-1,96,95,97,-1,96,97,98,-1,98,97,99,-1,98,99,100,-1,100,99,101,-1,100,101,102,-1,102,101,103,-1,102,103,104,-1,104,103,105,-1,104,105,106,-1,106,105,107,-1,106,107,108,-1,108,107,109,-1,108,109,110,-1,110,109,111,-1,110,111,112,-1,112,111,113,-1,112,113,114,-1,114,113,115,-1,114,115,116,-1,116,115,117,-1,118,119,120,-1,120,119,116,-1,120,116,121,-1,121,116,117,-1,121,117,84,-1,84,117,85,-1,90,91,122,-1,122,91,93,-1,122,93,123,-1,123,93,92,-1,123,92,124,-1,124,92,125,-1,85,117,115,-1,111,109,87,-1,85,115,87,-1,87,115,113,-1,87,113,111,-1,109,107,87,-1,87,107,105,-1,87,105,89,-1,89,105,103,-1,89,103,101,-1,101,99,89,-1,89,99,97,-1,89,97,91,-1,91,97,95,-1,91,95,93,-1,126,127,128,-1,128,127,129,-1,128,129,130,-1,130,129,131,-1,130,131,132,-1,132,131,133,-1,134,135,136,-1,136,135,137,-1,136,137,138,-1,138,137,139,-1,138,139,140,-1,140,139,141,-1,140,141,142,-1,142,141,143,-1,142,143,144,-1,144,143,145,-1,144,145,146,-1,146,145,147,-1,146,147,148,-1,148,147,149,-1,148,149,150,-1,150,149,151,-1,150,151,152,-1,152,151,153,-1,152,153,154,-1,154,153,155,-1,154,155,156,-1,156,155,157,-1,156,157,158,-1,158,157,159,-1,160,161,162,-1,162,161,158,-1,162,158,163,-1,163,158,159,-1,163,159,126,-1,126,159,127,-1,132,133,164,-1,164,133,135,-1,164,135,165,-1,165,135,134,-1,165,134,166,-1,166,134,167,-1,127,159,157,-1,153,151,129,-1,129,151,149,-1,129,149,131,-1,127,157,129,-1,129,157,155,-1,129,155,153,-1,149,147,131,-1,131,147,145,-1,131,145,143,-1,143,141,131,-1,131,141,139,-1,131,139,133,-1,133,139,137,-1,133,137,135,-1,168,169,170,-1,170,169,171,-1,172,173,174,-1,174,173,175,-1,174,175,168,-1,168,175,169,-1,170,171,176,-1,176,171,177,-1,176,177,178,-1,178,177,179,-1,178,179,180,-1,180,179,181,-1,179,177,182,-1,182,177,183,-1,182,183,184,-1,184,183,185,-1,184,185,186,-1,186,185,187,-1,186,187,188,-1,188,187,189,-1,188,189,190,-1,190,189,191,-1,190,191,192,-1,192,191,193,-1,192,193,194,-1,194,193,195,-1,194,195,196,-1,196,195,197,-1,196,197,198,-1,198,197,199,-1,198,199,200,-1,200,199,201,-1,200,201,202,-1,202,201,203,-1,202,203,204,-1,204,203,205,-1,206,207,208,-1,208,207,204,-1,208,204,209,-1,209,204,205,-1,209,205,172,-1,172,205,173,-1,173,205,203,-1,173,203,175,-1,203,201,175,-1,175,201,199,-1,175,199,197,-1,197,195,175,-1,175,195,193,-1,175,193,169,-1,169,193,191,-1,169,191,189,-1,189,187,169,-1,169,187,185,-1,169,185,171,-1,171,185,183,-1,171,183,177,-1,210,211,212,-1,212,211,213,-1,212,213,214,-1,214,213,215,-1,214,215,216,-1,216,215,217,-1,218,219,220,-1,220,219,221,-1,220,221,222,-1,222,221,223,-1,222,223,224,-1,224,223,225,-1,224,225,226,-1,226,225,227,-1,226,227,228,-1,228,227,229,-1,228,229,230,-1,230,229,231,-1,230,231,232,-1,232,231,233,-1,232,233,234,-1,234,233,235,-1,234,235,236,-1,236,235,237,-1,236,237,238,-1,238,237,239,-1,238,239,240,-1,240,239,241,-1,240,241,242,-1,242,241,243,-1,244,245,246,-1,246,245,242,-1,246,242,247,-1,247,242,243,-1,247,243,210,-1,210,243,211,-1,216,217,248,-1,248,217,219,-1,248,219,249,-1,249,219,218,-1,249,218,250,-1,250,218,251,-1,213,239,237,-1,239,213,241,-1,241,213,211,-1,241,211,243,-1,237,235,213,-1,213,235,233,-1,213,233,215,-1,233,231,215,-1,215,231,229,-1,215,229,227,-1,227,225,215,-1,215,225,223,-1,215,223,217,-1,217,223,221,-1,217,221,219,-1,252,253,254,-1,254,253,255,-1,256,257,258,-1,258,257,259,-1,258,259,252,-1,252,259,253,-1,254,255,260,-1,260,255,261,-1,260,261,262,-1,262,261,263,-1,262,263,264,-1,264,263,265,-1,263,261,266,-1,266,261,267,-1,266,267,268,-1,268,267,269,-1,268,269,270,-1,270,269,271,-1,270,271,272,-1,272,271,273,-1,272,273,274,-1,274,273,275,-1,274,275,276,-1,276,275,277,-1,276,277,278,-1,278,277,279,-1,278,279,280,-1,280,279,281,-1,280,281,282,-1,282,281,283,-1,282,283,284,-1,284,283,285,-1,284,285,286,-1,286,285,287,-1,286,287,288,-1,288,287,289,-1,290,291,292,-1,292,291,288,-1,292,288,293,-1,293,288,289,-1,293,289,256,-1,256,289,257,-1,257,289,287,-1,283,281,259,-1,259,281,279,-1,259,279,253,-1,257,287,259,-1,259,287,285,-1,259,285,283,-1,279,277,253,-1,253,277,275,-1,253,275,273,-1,273,271,253,-1,253,271,269,-1,253,269,255,-1,255,269,267,-1,255,267,261,-1,294,295,296,-1,296,295,297,-1,296,297,298,-1,298,297,299,-1,298,299,300,-1,300,299,301,-1,302,303,304,-1,304,303,305,-1,304,305,306,-1,306,305,307,-1,306,307,308,-1,308,307,309,-1,308,309,310,-1,310,309,311,-1,310,311,312,-1,312,311,313,-1,312,313,314,-1,314,313,315,-1,314,315,316,-1,316,315,317,-1,316,317,318,-1,318,317,319,-1,318,319,320,-1,320,319,321,-1,320,321,322,-1,322,321,323,-1,322,323,324,-1,324,323,325,-1,324,325,326,-1,326,325,327,-1,328,329,330,-1,330,329,326,-1,330,326,331,-1,331,326,327,-1,331,327,294,-1,294,327,295,-1,300,301,332,-1,332,301,303,-1,332,303,333,-1,333,303,302,-1,333,302,334,-1,334,302,335,-1,295,327,325,-1,321,319,297,-1,297,319,317,-1,297,317,299,-1,295,325,297,-1,297,325,323,-1,297,323,321,-1,317,315,299,-1,299,315,313,-1,299,313,311,-1,311,309,299,-1,299,309,307,-1,299,307,301,-1,301,307,305,-1,301,305,303,-1,336,337,338,-1,338,337,339,-1,340,341,342,-1,342,341,343,-1,342,343,336,-1,336,343,337,-1,338,339,344,-1,344,339,345,-1,344,345,346,-1,346,345,347,-1,346,347,348,-1,348,347,349,-1,347,345,350,-1,350,345,351,-1,350,351,352,-1,352,351,353,-1,352,353,354,-1,354,353,355,-1,354,355,356,-1,356,355,357,-1,356,357,358,-1,358,357,359,-1,358,359,360,-1,360,359,361,-1,360,361,362,-1,362,361,363,-1,362,363,364,-1,364,363,365,-1,364,365,366,-1,366,365,367,-1,366,367,368,-1,368,367,369,-1,368,369,370,-1,370,369,371,-1,370,371,372,-1,372,371,373,-1,374,375,376,-1,376,375,372,-1,376,372,377,-1,377,372,373,-1,377,373,340,-1,340,373,341,-1,341,373,371,-1,341,371,343,-1,343,371,369,-1,343,369,367,-1,367,365,343,-1,343,365,363,-1,343,363,337,-1,337,363,361,-1,337,361,359,-1,337,353,339,-1,339,353,351,-1,339,351,345,-1,359,357,337,-1,337,357,355,-1,337,355,353,-1,378,379,380,-1,380,379,381,-1,380,381,382,-1,382,381,383,-1,382,383,384,-1,384,383,385,-1,386,387,388,-1,388,387,389,-1,388,389,390,-1,390,389,391,-1,390,391,392,-1,392,391,393,-1,392,393,394,-1,394,393,395,-1,394,395,396,-1,396,395,397,-1,396,397,398,-1,398,397,399,-1,398,399,400,-1,400,399,401,-1,400,401,402,-1,402,401,403,-1,402,403,404,-1,404,403,405,-1,404,405,406,-1,406,405,407,-1,406,407,408,-1,408,407,409,-1,408,409,410,-1,410,409,411,-1,412,413,414,-1,414,413,410,-1,414,410,415,-1,415,410,411,-1,415,411,378,-1,378,411,379,-1,384,385,416,-1,416,385,387,-1,416,387,417,-1,417,387,386,-1,417,386,418,-1,418,386,419,-1,379,411,409,-1,379,409,381,-1,381,409,407,-1,381,407,405,-1,381,399,383,-1,383,399,397,-1,383,397,395,-1,405,403,381,-1,381,403,401,-1,381,401,399,-1,395,393,383,-1,383,393,391,-1,383,391,385,-1,385,391,389,-1,385,389,387,-1,420,421,422,-1,422,421,423,-1,424,425,426,-1,426,425,427,-1,426,427,420,-1,420,427,421,-1,422,423,428,-1,428,423,429,-1,428,429,430,-1,430,429,431,-1,430,431,432,-1,432,431,433,-1,431,429,434,-1,434,429,435,-1,434,435,436,-1,436,435,437,-1,436,437,438,-1,438,437,439,-1,438,439,440,-1,440,439,441,-1,440,441,442,-1,442,441,443,-1,442,443,444,-1,444,443,445,-1,444,445,446,-1,446,445,447,-1,446,447,448,-1,448,447,449,-1,448,449,450,-1,450,449,451,-1,450,451,452,-1,452,451,453,-1,452,453,454,-1,454,453,455,-1,454,455,456,-1,456,455,457,-1,458,459,460,-1,460,459,456,-1,460,456,461,-1,461,456,457,-1,461,457,424,-1,424,457,425,-1,427,453,451,-1,453,427,455,-1,455,427,425,-1,455,425,457,-1,451,449,427,-1,427,449,447,-1,427,447,421,-1,447,445,421,-1,421,445,443,-1,421,443,441,-1,441,439,421,-1,421,439,437,-1,421,437,423,-1,423,437,435,-1,423,435,429,-1,462,463,464,-1,464,463,465,-1,464,465,466,-1,466,465,467,-1,466,467,468,-1,468,467,469,-1,470,471,472,-1,472,471,473,-1,472,473,474,-1,474,473,475,-1,474,475,476,-1,476,475,477,-1,476,477,478,-1,478,477,479,-1,478,479,480,-1,480,479,481,-1,480,481,482,-1,482,481,483,-1,482,483,484,-1,484,483,485,-1,484,485,486,-1,486,485,487,-1,486,487,488,-1,488,487,489,-1,488,489,490,-1,490,489,491,-1,490,491,492,-1,492,491,493,-1,492,493,494,-1,494,493,495,-1,496,497,498,-1,498,497,494,-1,498,494,499,-1,499,494,495,-1,499,495,462,-1,462,495,463,-1,468,469,500,-1,500,469,471,-1,500,471,501,-1,501,471,470,-1,501,470,502,-1,502,470,503,-1,463,495,493,-1,489,487,465,-1,465,487,485,-1,465,485,467,-1,463,493,465,-1,465,493,491,-1,465,491,489,-1,485,483,467,-1,467,483,481,-1,467,481,479,-1,479,477,467,-1,467,477,475,-1,467,475,469,-1,469,475,473,-1,469,473,471,-1,504,505,506,-1,506,505,507,-1,508,509,510,-1,510,509,511,-1,510,511,504,-1,504,511,505,-1,506,507,512,-1,512,507,513,-1,512,513,514,-1,514,513,515,-1,514,515,516,-1,516,515,517,-1,515,513,518,-1,518,513,519,-1,518,519,520,-1,520,519,521,-1,520,521,522,-1,522,521,523,-1,522,523,524,-1,524,523,525,-1,524,525,526,-1,526,525,527,-1,526,527,528,-1,528,527,529,-1,528,529,530,-1,530,529,531,-1,530,531,532,-1,532,531,533,-1,532,533,534,-1,534,533,535,-1,534,535,536,-1,536,535,537,-1,536,537,538,-1,538,537,539,-1,538,539,540,-1,540,539,541,-1,542,543,544,-1,544,543,540,-1,544,540,545,-1,545,540,541,-1,545,541,508,-1,508,541,509,-1,509,541,539,-1,535,533,511,-1,511,533,531,-1,511,531,505,-1,509,539,511,-1,511,539,537,-1,511,537,535,-1,531,529,505,-1,505,529,527,-1,505,527,525,-1,525,523,505,-1,505,523,521,-1,505,521,507,-1,507,521,519,-1,507,519,513,-1,546,547,548,-1,548,547,549,-1,548,549,550,-1,550,549,551,-1,550,551,552,-1,552,551,553,-1,554,555,556,-1,556,555,557,-1,556,557,558,-1,558,557,559,-1,558,559,560,-1,560,559,561,-1,560,561,562,-1,562,561,563,-1,562,563,564,-1,564,563,565,-1,564,565,566,-1,566,565,567,-1,566,567,568,-1,568,567,569,-1,568,569,570,-1,570,569,571,-1,570,571,572,-1,572,571,573,-1,572,573,574,-1,574,573,575,-1,574,575,576,-1,576,575,577,-1,576,577,578,-1,578,577,579,-1,580,581,582,-1,582,581,578,-1,582,578,583,-1,583,578,579,-1,583,579,546,-1,546,579,547,-1,552,553,584,-1,584,553,555,-1,584,555,585,-1,585,555,554,-1,585,554,586,-1,586,554,587,-1,547,579,577,-1,573,571,549,-1,549,571,569,-1,549,569,551,-1,547,577,549,-1,549,577,575,-1,549,575,573,-1,569,567,551,-1,551,567,565,-1,551,565,563,-1,563,561,551,-1,551,561,559,-1,551,559,553,-1,553,559,557,-1,553,557,555,-1,588,589,590,-1,590,589,591,-1,592,593,594,-1,594,593,595,-1,594,595,588,-1,588,595,589,-1,590,591,596,-1,596,591,597,-1,596,597,598,-1,598,597,599,-1,598,599,600,-1,600,599,601,-1,599,597,602,-1,602,597,603,-1,602,603,604,-1,604,603,605,-1,604,605,606,-1,606,605,607,-1,606,607,608,-1,608,607,609,-1,608,609,610,-1,610,609,611,-1,610,611,612,-1,612,611,613,-1,612,613,614,-1,614,613,615,-1,614,615,616,-1,616,615,617,-1,616,617,618,-1,618,617,619,-1,618,619,620,-1,620,619,621,-1,620,621,622,-1,622,621,623,-1,622,623,624,-1,624,623,625,-1,626,627,628,-1,628,627,624,-1,628,624,629,-1,629,624,625,-1,629,625,592,-1,592,625,593,-1,595,621,619,-1,621,595,623,-1,623,595,593,-1,623,593,625,-1,619,617,595,-1,595,617,615,-1,595,615,589,-1,615,613,589,-1,589,613,611,-1,589,611,609,-1,609,607,589,-1,589,607,605,-1,589,605,591,-1,591,605,603,-1,591,603,597,-1,630,631,632,-1,632,631,633,-1,632,633,634,-1,634,633,635,-1,634,635,636,-1,636,635,637,-1,638,639,640,-1,640,639,641,-1,640,641,642,-1,642,641,643,-1,642,643,644,-1,644,643,645,-1,644,645,646,-1,646,645,647,-1,646,647,648,-1,648,647,649,-1,648,649,650,-1,650,649,651,-1,650,651,652,-1,652,651,653,-1,652,653,654,-1,654,653,655,-1,654,655,656,-1,656,655,657,-1,656,657,658,-1,658,657,659,-1,658,659,660,-1,660,659,661,-1,660,661,662,-1,662,661,663,-1,664,665,666,-1,666,665,662,-1,666,662,667,-1,667,662,663,-1,667,663,630,-1,630,663,631,-1,636,637,668,-1,668,637,639,-1,668,639,669,-1,669,639,638,-1,669,638,670,-1,670,638,671,-1,631,663,661,-1,657,655,633,-1,633,655,653,-1,633,653,635,-1,631,661,633,-1,633,661,659,-1,633,659,657,-1,653,651,635,-1,635,651,649,-1,635,649,647,-1,647,645,635,-1,635,645,643,-1,635,643,637,-1,637,643,641,-1,637,641,639,-1,672,673,674,-1,674,673,675,-1,676,677,678,-1,678,677,679,-1,678,679,672,-1,672,679,673,-1,674,675,680,-1,680,675,681,-1,680,681,682,-1,682,681,683,-1,682,683,684,-1,684,683,685,-1,683,681,686,-1,686,681,687,-1,686,687,688,-1,688,687,689,-1,688,689,690,-1,690,689,691,-1,690,691,692,-1,692,691,693,-1,692,693,694,-1,694,693,695,-1,694,695,696,-1,696,695,697,-1,696,697,698,-1,698,697,699,-1,698,699,700,-1,700,699,701,-1,700,701,702,-1,702,701,703,-1,702,703,704,-1,704,703,705,-1,704,705,706,-1,706,705,707,-1,706,707,708,-1,708,707,709,-1,710,711,712,-1,712,711,708,-1,712,708,713,-1,713,708,709,-1,713,709,676,-1,676,709,677,-1,679,705,703,-1,705,679,707,-1,707,679,677,-1,707,677,709,-1,703,701,679,-1,679,701,699,-1,679,699,673,-1,699,697,673,-1,673,697,695,-1,673,695,693,-1,693,691,673,-1,673,691,689,-1,673,689,675,-1,675,689,687,-1,675,687,681,-1,714,715,716,-1,716,715,717,-1,716,717,718,-1,718,717,719,-1,718,719,720,-1,720,719,721,-1,722,723,724,-1,724,723,725,-1,724,725,726,-1,726,725,727,-1,726,727,728,-1,728,727,729,-1,728,729,730,-1,730,729,731,-1,730,731,732,-1,732,731,733,-1,732,733,734,-1,734,733,735,-1,734,735,736,-1,736,735,737,-1,736,737,738,-1,738,737,739,-1,738,739,740,-1,740,739,741,-1,740,741,742,-1,742,741,743,-1,742,743,744,-1,744,743,745,-1,744,745,746,-1,746,745,747,-1,748,749,750,-1,750,749,746,-1,750,746,751,-1,751,746,747,-1,751,747,714,-1,714,747,715,-1,720,721,752,-1,752,721,723,-1,752,723,753,-1,753,723,722,-1,753,722,754,-1,754,722,755,-1,715,747,745,-1,715,745,717,-1,717,745,743,-1,717,743,741,-1,741,739,717,-1,717,739,737,-1,717,737,719,-1,719,737,735,-1,719,735,733,-1,719,727,721,-1,721,727,725,-1,721,725,723,-1,733,731,719,-1,719,731,729,-1,719,729,727,-1,756,757,758,-1,758,757,759,-1,760,761,762,-1,762,761,763,-1,762,763,756,-1,756,763,757,-1,758,759,764,-1,764,759,765,-1,764,765,766,-1,766,765,767,-1,766,767,768,-1,768,767,769,-1,767,765,770,-1,770,765,771,-1,770,771,772,-1,772,771,773,-1,772,773,774,-1,774,773,775,-1,774,775,776,-1,776,775,777,-1,776,777,778,-1,778,777,779,-1,778,779,780,-1,780,779,781,-1,780,781,782,-1,782,781,783,-1,782,783,784,-1,784,783,785,-1,784,785,786,-1,786,785,787,-1,786,787,788,-1,788,787,789,-1,788,789,790,-1,790,789,791,-1,790,791,792,-1,792,791,793,-1,794,795,796,-1,796,795,792,-1,796,792,797,-1,797,792,793,-1,797,793,760,-1,760,793,761,-1,763,789,787,-1,763,781,757,-1,757,781,779,-1,757,779,777,-1,777,775,757,-1,757,775,773,-1,757,773,759,-1,759,773,771,-1,759,771,765,-1,789,763,791,-1,791,763,761,-1,791,761,793,-1,787,785,763,-1,763,785,783,-1,763,783,781,-1,798,799,800,-1,800,799,801,-1,800,801,802,-1,802,801,803,-1,802,803,804,-1,804,803,805,-1,806,807,808,-1,808,807,809,-1,808,809,810,-1,810,809,811,-1,810,811,812,-1,812,811,813,-1,812,813,814,-1,814,813,815,-1,814,815,816,-1,816,815,817,-1,816,817,818,-1,818,817,819,-1,818,819,820,-1,820,819,821,-1,820,821,822,-1,822,821,823,-1,822,823,824,-1,824,823,825,-1,824,825,826,-1,826,825,827,-1,826,827,828,-1,828,827,829,-1,828,829,830,-1,830,829,831,-1,832,833,834,-1,834,833,830,-1,834,830,835,-1,835,830,831,-1,835,831,798,-1,798,831,799,-1,804,805,836,-1,836,805,807,-1,836,807,837,-1,837,807,806,-1,837,806,838,-1,838,806,839,-1,801,827,825,-1,827,801,829,-1,829,801,799,-1,829,799,831,-1,825,823,801,-1,801,823,821,-1,801,821,803,-1,821,819,803,-1,803,819,817,-1,803,817,815,-1,815,813,803,-1,803,813,811,-1,803,811,805,-1,805,811,809,-1,805,809,807,-1,840,841,842,-1,842,841,843,-1,844,845,846,-1,846,845,847,-1,846,847,840,-1,840,847,841,-1,842,843,848,-1,848,843,849,-1,848,849,850,-1,850,849,851,-1,850,851,852,-1,852,851,853,-1,851,849,854,-1,854,849,855,-1,854,855,856,-1,856,855,857,-1,856,857,858,-1,858,857,859,-1,858,859,860,-1,860,859,861,-1,860,861,862,-1,862,861,863,-1,862,863,864,-1,864,863,865,-1,864,865,866,-1,866,865,867,-1,866,867,868,-1,868,867,869,-1,868,869,870,-1,870,869,871,-1,870,871,872,-1,872,871,873,-1,872,873,874,-1,874,873,875,-1,874,875,876,-1,876,875,877,-1,878,879,880,-1,880,879,876,-1,880,876,881,-1,881,876,877,-1,881,877,844,-1,844,877,845,-1,847,873,871,-1,847,865,841,-1,841,865,863,-1,841,863,861,-1,861,859,841,-1,841,859,857,-1,841,857,843,-1,843,857,855,-1,843,855,849,-1,873,847,875,-1,875,847,845,-1,875,845,877,-1,871,869,847,-1,847,869,867,-1,847,867,865,-1,882,883,884,-1,884,883,885,-1,884,885,886,-1,886,885,887,-1,886,887,888,-1,888,887,889,-1,890,891,892,-1,892,891,893,-1,892,893,894,-1,894,893,895,-1,894,895,896,-1,896,895,897,-1,896,897,898,-1,898,897,899,-1,898,899,900,-1,900,899,901,-1,900,901,902,-1,902,901,903,-1,902,903,904,-1,904,903,905,-1,904,905,906,-1,906,905,907,-1,906,907,908,-1,908,907,909,-1,908,909,910,-1,910,909,911,-1,910,911,912,-1,912,911,913,-1,912,913,914,-1,914,913,915,-1,916,917,918,-1,918,917,914,-1,918,914,919,-1,919,914,915,-1,919,915,882,-1,882,915,883,-1,888,889,920,-1,920,889,891,-1,920,891,921,-1,921,891,890,-1,921,890,922,-1,922,890,923,-1,883,915,913,-1,883,913,885,-1,913,911,885,-1,885,911,909,-1,885,909,907,-1,907,905,885,-1,885,905,903,-1,885,903,887,-1,887,903,901,-1,887,901,899,-1,899,897,887,-1,887,897,895,-1,887,895,889,-1,889,895,893,-1,889,893,891,-1,924,925,926,-1,926,925,927,-1,928,929,930,-1,930,929,931,-1,930,931,924,-1,924,931,925,-1,926,927,932,-1,932,927,933,-1,932,933,934,-1,934,933,935,-1,934,935,936,-1,936,935,937,-1,935,933,938,-1,938,933,939,-1,938,939,940,-1,940,939,941,-1,940,941,942,-1,942,941,943,-1,942,943,944,-1,944,943,945,-1,944,945,946,-1,946,945,947,-1,946,947,948,-1,948,947,949,-1,948,949,950,-1,950,949,951,-1,950,951,952,-1,952,951,953,-1,952,953,954,-1,954,953,955,-1,954,955,956,-1,956,955,957,-1,956,957,958,-1,958,957,959,-1,958,959,960,-1,960,959,961,-1,962,963,964,-1,964,963,960,-1,964,960,965,-1,965,960,961,-1,965,961,928,-1,928,961,929,-1,931,957,955,-1,931,949,925,-1,925,949,947,-1,925,947,945,-1,945,943,925,-1,925,943,941,-1,925,941,927,-1,927,941,939,-1,927,939,933,-1,957,931,959,-1,959,931,929,-1,959,929,961,-1,955,953,931,-1,931,953,951,-1,931,951,949,-1,966,967,968,-1,968,967,969,-1,968,969,970,-1,970,969,971,-1,970,971,972,-1,972,971,973,-1,974,975,976,-1,976,975,977,-1,976,977,978,-1,978,977,979,-1,978,979,980,-1,980,979,981,-1,980,981,982,-1,982,981,983,-1,982,983,984,-1,984,983,985,-1,984,985,986,-1,986,985,987,-1,986,987,988,-1,988,987,989,-1,988,989,990,-1,990,989,991,-1,990,991,992,-1,992,991,993,-1,992,993,994,-1,994,993,995,-1,994,995,996,-1,996,995,997,-1,996,997,998,-1,998,997,999,-1,1000,1001,1002,-1,1002,1001,998,-1,1002,998,1003,-1,1003,998,999,-1,1003,999,966,-1,966,999,967,-1,972,973,1004,-1,1004,973,975,-1,1004,975,1005,-1,1005,975,974,-1,1005,974,1006,-1,1006,974,1007,-1,969,995,993,-1,995,969,997,-1,997,969,967,-1,997,967,999,-1,993,991,969,-1,969,991,989,-1,969,989,971,-1,989,987,971,-1,971,987,985,-1,971,985,983,-1,983,981,971,-1,971,981,979,-1,971,979,973,-1,973,979,977,-1,973,977,975,-1,1008,1009,1010,-1,1010,1009,1011,-1,1012,1013,1014,-1,1014,1013,1015,-1,1014,1015,1008,-1,1008,1015,1009,-1,1010,1011,1016,-1,1016,1011,1017,-1,1016,1017,1018,-1,1018,1017,1019,-1,1018,1019,1020,-1,1020,1019,1021,-1,1019,1017,1022,-1,1022,1017,1023,-1,1022,1023,1024,-1,1024,1023,1025,-1,1024,1025,1026,-1,1026,1025,1027,-1,1026,1027,1028,-1,1028,1027,1029,-1,1028,1029,1030,-1,1030,1029,1031,-1,1030,1031,1032,-1,1032,1031,1033,-1,1032,1033,1034,-1,1034,1033,1035,-1,1034,1035,1036,-1,1036,1035,1037,-1,1036,1037,1038,-1,1038,1037,1039,-1,1038,1039,1040,-1,1040,1039,1041,-1,1040,1041,1042,-1,1042,1041,1043,-1,1042,1043,1044,-1,1044,1043,1045,-1,1046,1047,1048,-1,1048,1047,1044,-1,1048,1044,1049,-1,1049,1044,1045,-1,1049,1045,1012,-1,1012,1045,1013,-1,1015,1041,1039,-1,1041,1015,1043,-1,1043,1015,1013,-1,1043,1013,1045,-1,1039,1037,1015,-1,1015,1037,1035,-1,1015,1035,1009,-1,1035,1033,1009,-1,1009,1033,1031,-1,1009,1031,1029,-1,1029,1027,1009,-1,1009,1027,1025,-1,1009,1025,1011,-1,1011,1025,1023,-1,1011,1023,1017,-1,1050,1051,1052,-1,1052,1051,1053,-1,1052,1053,1054,-1,1054,1053,1055,-1,1054,1055,1056,-1,1056,1055,1057,-1,1058,1059,1060,-1,1060,1059,1061,-1,1060,1061,1062,-1,1062,1061,1063,-1,1062,1063,1064,-1,1064,1063,1065,-1,1064,1065,1066,-1,1066,1065,1067,-1,1066,1067,1068,-1,1068,1067,1069,-1,1068,1069,1070,-1,1070,1069,1071,-1,1070,1071,1072,-1,1072,1071,1073,-1,1072,1073,1074,-1,1074,1073,1075,-1,1074,1075,1076,-1,1076,1075,1077,-1,1076,1077,1078,-1,1078,1077,1079,-1,1078,1079,1080,-1,1080,1079,1081,-1,1080,1081,1082,-1,1082,1081,1083,-1,1084,1085,1086,-1,1086,1085,1082,-1,1086,1082,1087,-1,1087,1082,1083,-1,1087,1083,1050,-1,1050,1083,1051,-1,1056,1057,1088,-1,1088,1057,1059,-1,1088,1059,1089,-1,1089,1059,1058,-1,1089,1058,1090,-1,1090,1058,1091,-1,1051,1083,1081,-1,1051,1081,1053,-1,1053,1081,1079,-1,1053,1079,1077,-1,1077,1075,1053,-1,1053,1075,1073,-1,1053,1073,1055,-1,1073,1071,1055,-1,1055,1071,1069,-1,1055,1069,1067,-1,1067,1065,1055,-1,1055,1065,1063,-1,1055,1063,1057,-1,1057,1063,1061,-1,1057,1061,1059,-1,1092,1093,1094,-1,1094,1093,1095,-1,1096,1097,1098,-1,1098,1097,1099,-1,1098,1099,1092,-1,1092,1099,1093,-1,1094,1095,1100,-1,1100,1095,1101,-1,1100,1101,1102,-1,1102,1101,1103,-1,1102,1103,1104,-1,1104,1103,1105,-1,1103,1101,1106,-1,1106,1101,1107,-1,1106,1107,1108,-1,1108,1107,1109,-1,1108,1109,1110,-1,1110,1109,1111,-1,1110,1111,1112,-1,1112,1111,1113,-1,1112,1113,1114,-1,1114,1113,1115,-1,1114,1115,1116,-1,1116,1115,1117,-1,1116,1117,1118,-1,1118,1117,1119,-1,1118,1119,1120,-1,1120,1119,1121,-1,1120,1121,1122,-1,1122,1121,1123,-1,1122,1123,1124,-1,1124,1123,1125,-1,1124,1125,1126,-1,1126,1125,1127,-1,1126,1127,1128,-1,1128,1127,1129,-1,1130,1131,1132,-1,1132,1131,1128,-1,1132,1128,1133,-1,1133,1128,1129,-1,1133,1129,1096,-1,1096,1129,1097,-1,1099,1125,1123,-1,1125,1099,1127,-1,1127,1099,1097,-1,1127,1097,1129,-1,1123,1121,1099,-1,1099,1121,1119,-1,1099,1119,1093,-1,1119,1117,1093,-1,1093,1117,1115,-1,1093,1115,1113,-1,1113,1111,1093,-1,1093,1111,1109,-1,1093,1109,1095,-1,1095,1109,1107,-1,1095,1107,1101,-1,1134,1135,1136,-1,1136,1135,1137,-1,1136,1137,1138,-1,1138,1137,1139,-1,1138,1139,1140,-1,1140,1139,1141,-1,1142,1143,1144,-1,1144,1143,1145,-1,1144,1145,1146,-1,1146,1145,1147,-1,1146,1147,1148,-1,1148,1147,1149,-1,1148,1149,1150,-1,1150,1149,1151,-1,1150,1151,1152,-1,1152,1151,1153,-1,1152,1153,1154,-1,1154,1153,1155,-1,1154,1155,1156,-1,1156,1155,1157,-1,1156,1157,1158,-1,1158,1157,1159,-1,1158,1159,1160,-1,1160,1159,1161,-1,1160,1161,1162,-1,1162,1161,1163,-1,1162,1163,1164,-1,1164,1163,1165,-1,1164,1165,1166,-1,1166,1165,1167,-1,1168,1169,1170,-1,1170,1169,1166,-1,1170,1166,1171,-1,1171,1166,1167,-1,1171,1167,1134,-1,1134,1167,1135,-1,1140,1141,1172,-1,1172,1141,1143,-1,1172,1143,1173,-1,1173,1143,1142,-1,1173,1142,1174,-1,1174,1142,1175,-1,1135,1167,1165,-1,1135,1165,1137,-1,1137,1165,1163,-1,1137,1163,1161,-1,1161,1159,1137,-1,1137,1159,1157,-1,1137,1157,1139,-1,1139,1157,1155,-1,1139,1155,1153,-1,1139,1147,1141,-1,1141,1147,1145,-1,1141,1145,1143,-1,1153,1151,1139,-1,1139,1151,1149,-1,1139,1149,1147,-1,1176,1177,1178,-1,1178,1177,1179,-1,1180,1181,1182,-1,1182,1181,1183,-1,1182,1183,1176,-1,1176,1183,1177,-1,1178,1179,1184,-1,1184,1179,1185,-1,1184,1185,1186,-1,1186,1185,1187,-1,1186,1187,1188,-1,1188,1187,1189,-1,1187,1185,1190,-1,1190,1185,1191,-1,1190,1191,1192,-1,1192,1191,1193,-1,1192,1193,1194,-1,1194,1193,1195,-1,1194,1195,1196,-1,1196,1195,1197,-1,1196,1197,1198,-1,1198,1197,1199,-1,1198,1199,1200,-1,1200,1199,1201,-1,1200,1201,1202,-1,1202,1201,1203,-1,1202,1203,1204,-1,1204,1203,1205,-1,1204,1205,1206,-1,1206,1205,1207,-1,1206,1207,1208,-1,1208,1207,1209,-1,1208,1209,1210,-1,1210,1209,1211,-1,1210,1211,1212,-1,1212,1211,1213,-1,1214,1215,1216,-1,1216,1215,1212,-1,1216,1212,1217,-1,1217,1212,1213,-1,1217,1213,1180,-1,1180,1213,1181,-1,1183,1209,1207,-1,1209,1183,1211,-1,1211,1183,1181,-1,1211,1181,1213,-1,1207,1205,1183,-1,1183,1205,1203,-1,1183,1203,1177,-1,1203,1201,1177,-1,1177,1201,1199,-1,1177,1199,1197,-1,1197,1195,1177,-1,1177,1195,1193,-1,1177,1193,1179,-1,1179,1193,1191,-1,1179,1191,1185,-1,1218,1219,1220,-1,1220,1219,1221,-1,1220,1221,1222,-1,1222,1221,1223,-1,1222,1223,1224,-1,1224,1223,1225,-1,1226,1227,1228,-1,1228,1227,1229,-1,1228,1229,1230,-1,1230,1229,1231,-1,1230,1231,1232,-1,1232,1231,1233,-1,1232,1233,1234,-1,1234,1233,1235,-1,1234,1235,1236,-1,1236,1235,1237,-1,1236,1237,1238,-1,1238,1237,1239,-1,1238,1239,1240,-1,1240,1239,1241,-1,1240,1241,1242,-1,1242,1241,1243,-1,1242,1243,1244,-1,1244,1243,1245,-1,1244,1245,1246,-1,1246,1245,1247,-1,1246,1247,1248,-1,1248,1247,1249,-1,1248,1249,1250,-1,1250,1249,1251,-1,1252,1253,1254,-1,1254,1253,1250,-1,1254,1250,1255,-1,1255,1250,1251,-1,1255,1251,1218,-1,1218,1251,1219,-1,1224,1225,1256,-1,1256,1225,1227,-1,1256,1227,1257,-1,1257,1227,1226,-1,1257,1226,1258,-1,1258,1226,1259,-1,1219,1251,1249,-1,1245,1243,1221,-1,1221,1243,1241,-1,1221,1241,1223,-1,1219,1249,1221,-1,1221,1249,1247,-1,1221,1247,1245,-1,1241,1239,1223,-1,1223,1239,1237,-1,1223,1237,1235,-1,1235,1233,1223,-1,1223,1233,1231,-1,1223,1231,1225,-1,1225,1231,1229,-1,1225,1229,1227,-1,1260,1261,1262,-1,1262,1261,1263,-1,1264,1265,1266,-1,1266,1265,1267,-1,1266,1267,1260,-1,1260,1267,1261,-1,1262,1263,1268,-1,1268,1263,1269,-1,1268,1269,1270,-1,1270,1269,1271,-1,1270,1271,1272,-1,1272,1271,1273,-1,1271,1269,1274,-1,1274,1269,1275,-1,1274,1275,1276,-1,1276,1275,1277,-1,1276,1277,1278,-1,1278,1277,1279,-1,1278,1279,1280,-1,1280,1279,1281,-1,1280,1281,1282,-1,1282,1281,1283,-1,1282,1283,1284,-1,1284,1283,1285,-1,1284,1285,1286,-1,1286,1285,1287,-1,1286,1287,1288,-1,1288,1287,1289,-1,1288,1289,1290,-1,1290,1289,1291,-1,1290,1291,1292,-1,1292,1291,1293,-1,1292,1293,1294,-1,1294,1293,1295,-1,1294,1295,1296,-1,1296,1295,1297,-1,1298,1299,1300,-1,1300,1299,1296,-1,1300,1296,1301,-1,1301,1296,1297,-1,1301,1297,1264,-1,1264,1297,1265,-1,1267,1293,1291,-1,1293,1267,1295,-1,1295,1267,1265,-1,1295,1265,1297,-1,1291,1289,1267,-1,1267,1289,1287,-1,1267,1287,1261,-1,1287,1285,1261,-1,1261,1285,1283,-1,1261,1283,1281,-1,1281,1279,1261,-1,1261,1279,1277,-1,1261,1277,1263,-1,1263,1277,1275,-1,1263,1275,1269,-1,1302,1303,1304,-1,1304,1303,1305,-1,1304,1305,1306,-1,1306,1305,1307,-1,1306,1307,1308,-1,1308,1307,1309,-1,1310,1311,1312,-1,1312,1311,1313,-1,1312,1313,1314,-1,1314,1313,1315,-1,1314,1315,1316,-1,1316,1315,1317,-1,1316,1317,1318,-1,1318,1317,1319,-1,1318,1319,1320,-1,1320,1319,1321,-1,1320,1321,1322,-1,1322,1321,1323,-1,1322,1323,1324,-1,1324,1323,1325,-1,1324,1325,1326,-1,1326,1325,1327,-1,1326,1327,1328,-1,1328,1327,1329,-1,1328,1329,1330,-1,1330,1329,1331,-1,1330,1331,1332,-1,1332,1331,1333,-1,1332,1333,1334,-1,1334,1333,1335,-1,1336,1337,1338,-1,1338,1337,1334,-1,1338,1334,1339,-1,1339,1334,1335,-1,1339,1335,1302,-1,1302,1335,1303,-1,1308,1309,1340,-1,1340,1309,1311,-1,1340,1311,1341,-1,1341,1311,1310,-1,1341,1310,1342,-1,1342,1310,1343,-1,1303,1335,1333,-1,1329,1327,1305,-1,1305,1327,1325,-1,1305,1325,1307,-1,1303,1333,1305,-1,1305,1333,1331,-1,1305,1331,1329,-1,1325,1323,1307,-1,1307,1323,1321,-1,1307,1321,1319,-1,1319,1317,1307,-1,1307,1317,1315,-1,1307,1315,1309,-1,1309,1315,1313,-1,1309,1313,1311,-1,1344,1345,1346,-1,1346,1345,1347,-1,1348,1349,1350,-1,1350,1349,1351,-1,1350,1351,1344,-1,1344,1351,1345,-1,1346,1347,1352,-1,1352,1347,1353,-1,1352,1353,1354,-1,1354,1353,1355,-1,1354,1355,1356,-1,1356,1355,1357,-1,1355,1353,1358,-1,1358,1353,1359,-1,1358,1359,1360,-1,1360,1359,1361,-1,1360,1361,1362,-1,1362,1361,1363,-1,1362,1363,1364,-1,1364,1363,1365,-1,1364,1365,1366,-1,1366,1365,1367,-1,1366,1367,1368,-1,1368,1367,1369,-1,1368,1369,1370,-1,1370,1369,1371,-1,1370,1371,1372,-1,1372,1371,1373,-1,1372,1373,1374,-1,1374,1373,1375,-1,1374,1375,1376,-1,1376,1375,1377,-1,1376,1377,1378,-1,1378,1377,1379,-1,1378,1379,1380,-1,1380,1379,1381,-1,1382,1383,1384,-1,1384,1383,1380,-1,1384,1380,1385,-1,1385,1380,1381,-1,1385,1381,1348,-1,1348,1381,1349,-1,1351,1377,1375,-1,1377,1351,1379,-1,1379,1351,1349,-1,1379,1349,1381,-1,1375,1373,1351,-1,1351,1373,1371,-1,1351,1371,1345,-1,1371,1369,1345,-1,1345,1369,1367,-1,1345,1367,1365,-1,1365,1363,1345,-1,1345,1363,1361,-1,1345,1361,1347,-1,1347,1361,1359,-1,1347,1359,1353,-1,1386,1387,1388,-1,1388,1387,1389,-1,1388,1389,1390,-1,1390,1389,1391,-1,1390,1391,1392,-1,1392,1391,1393,-1,1394,1395,1396,-1,1396,1395,1397,-1,1396,1397,1398,-1,1398,1397,1399,-1,1398,1399,1400,-1,1400,1399,1401,-1,1400,1401,1402,-1,1402,1401,1403,-1,1402,1403,1404,-1,1404,1403,1405,-1,1404,1405,1406,-1,1406,1405,1407,-1,1406,1407,1408,-1,1408,1407,1409,-1,1408,1409,1410,-1,1410,1409,1411,-1,1410,1411,1412,-1,1412,1411,1413,-1,1412,1413,1414,-1,1414,1413,1415,-1,1414,1415,1416,-1,1416,1415,1417,-1,1416,1417,1418,-1,1418,1417,1419,-1,1420,1421,1422,-1,1422,1421,1418,-1,1422,1418,1423,-1,1423,1418,1419,-1,1423,1419,1386,-1,1386,1419,1387,-1,1392,1393,1424,-1,1424,1393,1395,-1,1424,1395,1425,-1,1425,1395,1394,-1,1425,1394,1426,-1,1426,1394,1427,-1,1387,1419,1417,-1,1413,1411,1389,-1,1389,1411,1409,-1,1389,1409,1391,-1,1387,1417,1389,-1,1389,1417,1415,-1,1389,1415,1413,-1,1409,1407,1391,-1,1391,1407,1405,-1,1391,1405,1403,-1,1403,1401,1391,-1,1391,1401,1399,-1,1391,1399,1393,-1,1393,1399,1397,-1,1393,1397,1395,-1,1428,1429,1430,-1,1430,1429,1431,-1,1432,1433,1434,-1,1434,1433,1435,-1,1434,1435,1428,-1,1428,1435,1429,-1,1430,1431,1436,-1,1436,1431,1437,-1,1436,1437,1438,-1,1438,1437,1439,-1,1438,1439,1440,-1,1440,1439,1441,-1,1439,1437,1442,-1,1442,1437,1443,-1,1442,1443,1444,-1,1444,1443,1445,-1,1444,1445,1446,-1,1446,1445,1447,-1,1446,1447,1448,-1,1448,1447,1449,-1,1448,1449,1450,-1,1450,1449,1451,-1,1450,1451,1452,-1,1452,1451,1453,-1,1452,1453,1454,-1,1454,1453,1455,-1,1454,1455,1456,-1,1456,1455,1457,-1,1456,1457,1458,-1,1458,1457,1459,-1,1458,1459,1460,-1,1460,1459,1461,-1,1460,1461,1462,-1,1462,1461,1463,-1,1462,1463,1464,-1,1464,1463,1465,-1,1466,1467,1468,-1,1468,1467,1464,-1,1468,1464,1469,-1,1469,1464,1465,-1,1469,1465,1432,-1,1432,1465,1433,-1,1433,1465,1463,-1,1459,1457,1435,-1,1435,1457,1455,-1,1435,1455,1429,-1,1433,1463,1435,-1,1435,1463,1461,-1,1435,1461,1459,-1,1455,1453,1429,-1,1429,1453,1451,-1,1429,1451,1449,-1,1449,1447,1429,-1,1429,1447,1445,-1,1429,1445,1431,-1,1431,1445,1443,-1,1431,1443,1437,-1,1470,1471,1472,-1,1472,1471,1473,-1,1472,1473,1474,-1,1474,1473,1475,-1,1474,1475,1476,-1,1476,1475,1477,-1,1478,1479,1480,-1,1480,1479,1481,-1,1480,1481,1482,-1,1482,1481,1483,-1,1482,1483,1484,-1,1484,1483,1485,-1,1484,1485,1486,-1,1486,1485,1487,-1,1486,1487,1488,-1,1488,1487,1489,-1,1488,1489,1490,-1,1490,1489,1491,-1,1490,1491,1492,-1,1492,1491,1493,-1,1492,1493,1494,-1,1494,1493,1495,-1,1494,1495,1496,-1,1496,1495,1497,-1,1496,1497,1498,-1,1498,1497,1499,-1,1498,1499,1500,-1,1500,1499,1501,-1,1500,1501,1502,-1,1502,1501,1503,-1,1504,1505,1506,-1,1506,1505,1502,-1,1506,1502,1507,-1,1507,1502,1503,-1,1507,1503,1470,-1,1470,1503,1471,-1,1476,1477,1508,-1,1508,1477,1479,-1,1508,1479,1509,-1,1509,1479,1478,-1,1509,1478,1510,-1,1510,1478,1511,-1,1471,1503,1501,-1,1497,1495,1473,-1,1473,1495,1493,-1,1473,1493,1475,-1,1471,1501,1473,-1,1473,1501,1499,-1,1473,1499,1497,-1,1493,1491,1475,-1,1475,1491,1489,-1,1475,1489,1487,-1,1487,1485,1475,-1,1475,1485,1483,-1,1475,1483,1477,-1,1477,1483,1481,-1,1477,1481,1479,-1,1512,1513,1514,-1,1514,1513,1515,-1,1516,1517,1518,-1,1518,1517,1519,-1,1518,1519,1512,-1,1512,1519,1513,-1,1514,1515,1520,-1,1520,1515,1521,-1,1520,1521,1522,-1,1522,1521,1523,-1,1522,1523,1524,-1,1524,1523,1525,-1,1523,1521,1526,-1,1526,1521,1527,-1,1526,1527,1528,-1,1528,1527,1529,-1,1528,1529,1530,-1,1530,1529,1531,-1,1530,1531,1532,-1,1532,1531,1533,-1,1532,1533,1534,-1,1534,1533,1535,-1,1534,1535,1536,-1,1536,1535,1537,-1,1536,1537,1538,-1,1538,1537,1539,-1,1538,1539,1540,-1,1540,1539,1541,-1,1540,1541,1542,-1,1542,1541,1543,-1,1542,1543,1544,-1,1544,1543,1545,-1,1544,1545,1546,-1,1546,1545,1547,-1,1546,1547,1548,-1,1548,1547,1549,-1,1550,1551,1552,-1,1552,1551,1548,-1,1552,1548,1553,-1,1553,1548,1549,-1,1553,1549,1516,-1,1516,1549,1517,-1,1517,1549,1547,-1,1543,1541,1519,-1,1519,1541,1539,-1,1519,1539,1513,-1,1517,1547,1519,-1,1519,1547,1545,-1,1519,1545,1543,-1,1539,1537,1513,-1,1513,1537,1535,-1,1513,1535,1533,-1,1533,1531,1513,-1,1513,1531,1529,-1,1513,1529,1515,-1,1515,1529,1527,-1,1515,1527,1521,-1,1554,1555,1556,-1,1556,1555,1557,-1,1556,1557,1558,-1,1558,1557,1559,-1,1558,1559,1560,-1,1560,1559,1561,-1,1562,1563,1564,-1,1564,1563,1565,-1,1564,1565,1566,-1,1566,1565,1567,-1,1566,1567,1568,-1,1568,1567,1569,-1,1568,1569,1570,-1,1570,1569,1571,-1,1570,1571,1572,-1,1572,1571,1573,-1,1572,1573,1574,-1,1574,1573,1575,-1,1574,1575,1576,-1,1576,1575,1577,-1,1576,1577,1578,-1,1578,1577,1579,-1,1578,1579,1580,-1,1580,1579,1581,-1,1580,1581,1582,-1,1582,1581,1583,-1,1582,1583,1584,-1,1584,1583,1585,-1,1584,1585,1586,-1,1586,1585,1587,-1,1588,1589,1590,-1,1590,1589,1586,-1,1590,1586,1591,-1,1591,1586,1587,-1,1591,1587,1554,-1,1554,1587,1555,-1,1560,1561,1592,-1,1592,1561,1563,-1,1592,1563,1593,-1,1593,1563,1562,-1,1593,1562,1594,-1,1594,1562,1595,-1,1555,1587,1585,-1,1581,1579,1557,-1,1557,1579,1577,-1,1557,1577,1559,-1,1555,1585,1557,-1,1557,1585,1583,-1,1557,1583,1581,-1,1577,1575,1559,-1,1559,1575,1573,-1,1559,1573,1571,-1,1571,1569,1559,-1,1559,1569,1567,-1,1559,1567,1561,-1,1561,1567,1565,-1,1561,1565,1563,-1,1596,1597,1598,-1,1598,1597,1599,-1,1600,1601,1602,-1,1602,1601,1603,-1,1602,1603,1604,-1,1604,1603,1597,-1,1604,1597,1596,-1,1598,1599,1605,-1,1605,1599,1606,-1,1605,1606,1607,-1,1607,1606,1608,-1,1607,1608,1609,-1,1609,1608,1610,-1,1608,1606,1611,-1,1611,1606,1612,-1,1611,1612,1613,-1,1613,1612,1614,-1,1613,1614,1615,-1,1615,1614,1616,-1,1615,1616,1617,-1,1617,1616,1618,-1,1617,1618,1619,-1,1619,1618,1620,-1,1619,1620,1621,-1,1621,1620,1622,-1,1621,1622,1623,-1,1623,1622,1624,-1,1623,1624,1625,-1,1625,1624,1626,-1,1625,1626,1627,-1,1627,1626,1628,-1,1627,1628,1629,-1,1629,1628,1630,-1,1629,1630,1631,-1,1631,1630,1632,-1,1631,1632,1633,-1,1633,1632,1634,-1,1635,1636,1637,-1,1637,1636,1633,-1,1637,1633,1638,-1,1638,1633,1634,-1,1638,1634,1600,-1,1600,1634,1601,-1,1601,1634,1632,-1,1628,1626,1603,-1,1603,1626,1624,-1,1603,1624,1597,-1,1601,1632,1603,-1,1603,1632,1630,-1,1603,1630,1628,-1,1624,1622,1597,-1,1597,1622,1620,-1,1597,1620,1618,-1,1618,1616,1597,-1,1597,1616,1614,-1,1597,1614,1599,-1,1599,1614,1612,-1,1599,1612,1606,-1,1639,1640,1641,-1,1641,1640,1642,-1,1643,1644,1642,-1,1642,1644,1645,-1,1642,1645,1641,-1,1644,1643,1646,-1,1646,1643,1647,-1,1648,1649,1650,-1,1650,1649,1651,-1,1650,1651,1652,-1,1652,1651,1653,-1,1652,1653,1654,-1,1654,1653,1655,-1,1654,1655,1656,-1,1656,1655,1657,-1,1656,1657,1658,-1,1658,1657,1659,-1,1658,1659,1660,-1,1660,1659,1661,-1,1660,1661,1662,-1,1662,1661,1663,-1,1662,1663,1664,-1,1664,1663,1665,-1,1664,1665,1666,-1,1666,1665,1667,-1,1666,1667,1668,-1,1668,1667,1669,-1,1668,1669,1670,-1,1670,1669,1671,-1,1670,1671,1672,-1,1672,1671,1673,-1,1674,1675,1676,-1,1676,1675,1672,-1,1676,1672,1677,-1,1677,1672,1673,-1,1677,1673,1639,-1,1639,1673,1640,-1,1646,1647,1678,-1,1678,1647,1649,-1,1678,1649,1679,-1,1679,1649,1648,-1,1679,1648,1680,-1,1680,1648,1681,-1,1640,1673,1671,-1,1667,1665,1642,-1,1642,1665,1663,-1,1642,1663,1643,-1,1640,1671,1642,-1,1642,1671,1669,-1,1642,1669,1667,-1,1663,1661,1643,-1,1643,1661,1659,-1,1643,1659,1657,-1,1657,1655,1643,-1,1643,1655,1653,-1,1643,1653,1647,-1,1647,1653,1651,-1,1647,1651,1649,-1,1682,1683,1684,-1,1684,1683,1685,-1,1686,1687,1688,-1,1688,1687,1689,-1,1688,1689,1682,-1,1682,1689,1683,-1,1684,1685,1690,-1,1690,1685,1691,-1,1690,1691,1692,-1,1692,1691,1693,-1,1692,1693,1694,-1,1694,1693,1695,-1,1693,1691,1696,-1,1696,1691,1697,-1,1696,1697,1698,-1,1698,1697,1699,-1,1698,1699,1700,-1,1700,1699,1701,-1,1700,1701,1702,-1,1702,1701,1703,-1,1702,1703,1704,-1,1704,1703,1705,-1,1704,1705,1706,-1,1706,1705,1707,-1,1706,1707,1708,-1,1708,1707,1709,-1,1708,1709,1710,-1,1710,1709,1711,-1,1710,1711,1712,-1,1712,1711,1713,-1,1712,1713,1714,-1,1714,1713,1715,-1,1714,1715,1716,-1,1716,1715,1717,-1,1716,1717,1718,-1,1718,1717,1719,-1,1720,1721,1722,-1,1722,1721,1718,-1,1722,1718,1723,-1,1723,1718,1719,-1,1723,1719,1686,-1,1686,1719,1687,-1,1687,1719,1717,-1,1713,1711,1689,-1,1689,1711,1709,-1,1689,1709,1683,-1,1687,1717,1689,-1,1689,1717,1715,-1,1689,1715,1713,-1,1709,1707,1683,-1,1683,1707,1705,-1,1683,1705,1703,-1,1703,1701,1683,-1,1683,1701,1699,-1,1683,1699,1685,-1,1685,1699,1697,-1,1685,1697,1691,-1,1724,1725,1726,-1,1726,1725,1727,-1,1726,1727,1728,-1,1728,1727,1729,-1,1728,1729,1730,-1,1730,1729,1731,-1,1732,1733,1734,-1,1734,1733,1735,-1,1734,1735,1736,-1,1736,1735,1737,-1,1736,1737,1738,-1,1738,1737,1739,-1,1738,1739,1740,-1,1740,1739,1741,-1,1740,1741,1742,-1,1742,1741,1743,-1,1742,1743,1744,-1,1744,1743,1745,-1,1744,1745,1746,-1,1746,1745,1747,-1,1746,1747,1748,-1,1748,1747,1749,-1,1748,1749,1750,-1,1750,1749,1751,-1,1750,1751,1752,-1,1752,1751,1753,-1,1752,1753,1754,-1,1754,1753,1755,-1,1754,1755,1756,-1,1756,1755,1757,-1,1758,1759,1760,-1,1760,1759,1756,-1,1760,1756,1761,-1,1761,1756,1757,-1,1761,1757,1724,-1,1724,1757,1725,-1,1730,1731,1762,-1,1762,1731,1733,-1,1762,1733,1763,-1,1763,1733,1732,-1,1763,1732,1764,-1,1764,1732,1765,-1,1725,1757,1755,-1,1751,1749,1727,-1,1727,1749,1747,-1,1727,1747,1729,-1,1725,1755,1727,-1,1727,1755,1753,-1,1727,1753,1751,-1,1747,1745,1729,-1,1729,1745,1743,-1,1729,1743,1741,-1,1741,1739,1729,-1,1729,1739,1737,-1,1729,1737,1731,-1,1731,1737,1735,-1,1731,1735,1733,-1,1766,1767,1768,-1,1768,1767,1769,-1,1768,1769,1770,-1,1770,1769,1771,-1,1772,1773,1766,-1,1766,1773,1767,-1,1770,1771,1774,-1,1774,1771,1775,-1,1774,1775,1776,-1,1776,1775,1777,-1,1776,1777,1778,-1,1778,1777,1779,-1,1777,1775,1780,-1,1780,1775,1781,-1,1780,1781,1782,-1,1782,1781,1783,-1,1782,1783,1784,-1,1784,1783,1785,-1,1784,1785,1786,-1,1786,1785,1787,-1,1786,1787,1788,-1,1788,1787,1789,-1,1788,1789,1790,-1,1790,1789,1791,-1,1790,1791,1792,-1,1792,1791,1793,-1,1792,1793,1794,-1,1794,1793,1795,-1,1794,1795,1796,-1,1796,1795,1797,-1,1796,1797,1798,-1,1798,1797,1799,-1,1798,1799,1800,-1,1800,1799,1801,-1,1800,1801,1802,-1,1802,1801,1803,-1,1804,1805,1806,-1,1806,1805,1802,-1,1806,1802,1807,-1,1807,1802,1803,-1,1807,1803,1772,-1,1772,1803,1773,-1,1773,1803,1801,-1,1797,1795,1767,-1,1767,1795,1793,-1,1767,1793,1769,-1,1773,1801,1767,-1,1767,1801,1799,-1,1767,1799,1797,-1,1793,1791,1769,-1,1769,1791,1789,-1,1769,1789,1787,-1,1787,1785,1769,-1,1769,1785,1783,-1,1769,1783,1771,-1,1771,1783,1781,-1,1771,1781,1775,-1,1808,1809,1810,-1,1810,1809,1811,-1,1810,1811,1812,-1,1812,1811,1813,-1,1812,1813,1814,-1,1814,1813,1815,-1,1816,1817,1818,-1,1818,1817,1819,-1,1818,1819,1820,-1,1820,1819,1821,-1,1820,1821,1822,-1,1822,1821,1823,-1,1822,1823,1824,-1,1824,1823,1825,-1,1824,1825,1826,-1,1826,1825,1827,-1,1826,1827,1828,-1,1828,1827,1829,-1,1828,1829,1830,-1,1830,1829,1831,-1,1830,1831,1832,-1,1832,1831,1833,-1,1832,1833,1834,-1,1834,1833,1835,-1,1834,1835,1836,-1,1836,1835,1837,-1,1836,1837,1838,-1,1838,1837,1839,-1,1838,1839,1840,-1,1840,1839,1841,-1,1842,1843,1844,-1,1844,1843,1840,-1,1844,1840,1845,-1,1845,1840,1841,-1,1845,1841,1808,-1,1808,1841,1809,-1,1814,1815,1846,-1,1846,1815,1817,-1,1846,1817,1847,-1,1847,1817,1816,-1,1847,1816,1848,-1,1848,1816,1849,-1,1809,1841,1839,-1,1835,1833,1811,-1,1809,1839,1811,-1,1811,1839,1837,-1,1811,1837,1835,-1,1833,1831,1811,-1,1811,1831,1829,-1,1811,1829,1813,-1,1813,1829,1827,-1,1813,1827,1825,-1,1825,1823,1813,-1,1813,1823,1821,-1,1813,1821,1815,-1,1815,1821,1819,-1,1815,1819,1817,-1,1850,1851,1852,-1,1852,1851,1853,-1,1852,1853,1854,-1,1854,1853,1855,-1,1855,1853,1856,-1,1857,1858,1850,-1,1850,1858,1851,-1,1855,1856,1859,-1,1859,1856,1860,-1,1859,1860,1861,-1,1861,1860,1862,-1,1861,1862,1863,-1,1863,1862,1864,-1,1862,1860,1865,-1,1865,1860,1866,-1,1865,1866,1867,-1,1867,1866,1868,-1,1867,1868,1869,-1,1869,1868,1870,-1,1869,1870,1871,-1,1871,1870,1872,-1,1871,1872,1873,-1,1873,1872,1874,-1,1873,1874,1875,-1,1875,1874,1876,-1,1875,1876,1877,-1,1877,1876,1878,-1,1877,1878,1879,-1,1879,1878,1880,-1,1879,1880,1881,-1,1881,1880,1882,-1,1881,1882,1883,-1,1883,1882,1884,-1,1883,1884,1885,-1,1885,1884,1886,-1,1885,1886,1887,-1,1887,1886,1888,-1,1889,1890,1891,-1,1891,1890,1887,-1,1891,1887,1892,-1,1892,1887,1888,-1,1892,1888,1857,-1,1857,1888,1858,-1,1858,1888,1886,-1,1882,1880,1851,-1,1858,1886,1851,-1,1851,1886,1884,-1,1851,1884,1882,-1,1880,1878,1851,-1,1851,1878,1876,-1,1851,1876,1853,-1,1853,1876,1874,-1,1853,1874,1872,-1,1872,1870,1853,-1,1853,1870,1868,-1,1853,1868,1856,-1,1856,1868,1866,-1,1856,1866,1860,-1,1893,1894,1895,-1,1895,1894,1896,-1,1895,1896,1897,-1,1897,1896,1898,-1,1897,1898,1899,-1,1899,1898,1900,-1,1900,1898,1901,-1,1902,1903,1904,-1,1904,1903,1905,-1,1904,1905,1906,-1,1906,1905,1907,-1,1906,1907,1908,-1,1908,1907,1909,-1,1908,1909,1910,-1,1910,1909,1911,-1,1910,1911,1912,-1,1912,1911,1913,-1,1912,1913,1914,-1,1914,1913,1915,-1,1914,1915,1916,-1,1916,1915,1917,-1,1916,1917,1918,-1,1918,1917,1919,-1,1918,1919,1920,-1,1920,1919,1921,-1,1920,1921,1922,-1,1922,1921,1923,-1,1922,1923,1924,-1,1924,1923,1925,-1,1924,1925,1926,-1,1926,1925,1927,-1,1928,1929,1930,-1,1930,1929,1926,-1,1930,1926,1931,-1,1931,1926,1927,-1,1931,1927,1893,-1,1893,1927,1894,-1,1900,1901,1932,-1,1932,1901,1903,-1,1932,1903,1933,-1,1933,1903,1902,-1,1933,1902,1934,-1,1934,1902,1935,-1,1894,1927,1925,-1,1921,1919,1896,-1,1894,1925,1896,-1,1896,1925,1923,-1,1896,1923,1921,-1,1919,1917,1896,-1,1896,1917,1915,-1,1896,1915,1898,-1,1898,1915,1913,-1,1898,1913,1911,-1,1911,1909,1898,-1,1898,1909,1907,-1,1898,1907,1901,-1,1901,1907,1905,-1,1901,1905,1903,-1,1936,1937,1938,-1,1938,1937,1939,-1,1938,1939,1940,-1,1940,1939,1941,-1,1942,1943,1936,-1,1936,1943,1937,-1,1940,1941,1944,-1,1944,1941,1945,-1,1944,1945,1946,-1,1946,1945,1947,-1,1946,1947,1948,-1,1948,1947,1949,-1,1947,1945,1950,-1,1950,1945,1951,-1,1950,1951,1952,-1,1952,1951,1953,-1,1952,1953,1954,-1,1954,1953,1955,-1,1954,1955,1956,-1,1956,1955,1957,-1,1956,1957,1958,-1,1958,1957,1959,-1,1958,1959,1960,-1,1960,1959,1961,-1,1960,1961,1962,-1,1962,1961,1963,-1,1962,1963,1964,-1,1964,1963,1965,-1,1964,1965,1966,-1,1966,1965,1967,-1,1966,1967,1968,-1,1968,1967,1969,-1,1968,1969,1970,-1,1970,1969,1971,-1,1970,1971,1972,-1,1972,1971,1973,-1,1974,1975,1976,-1,1976,1975,1972,-1,1976,1972,1977,-1,1977,1972,1973,-1,1977,1973,1942,-1,1942,1973,1943,-1,1943,1973,1971,-1,1967,1965,1937,-1,1943,1971,1937,-1,1937,1971,1969,-1,1937,1969,1967,-1,1965,1963,1937,-1,1937,1963,1961,-1,1937,1961,1939,-1,1939,1961,1959,-1,1939,1959,1957,-1,1957,1955,1939,-1,1939,1955,1953,-1,1939,1953,1941,-1,1941,1953,1951,-1,1941,1951,1945,-1,1978,1979,1980,-1,1980,1979,1981,-1,1980,1981,1982,-1,1982,1981,1983,-1,1982,1983,1984,-1,1984,1983,1985,-1,1986,1987,1988,-1,1988,1987,1989,-1,1988,1989,1990,-1,1990,1989,1991,-1,1990,1991,1992,-1,1992,1991,1993,-1,1992,1993,1994,-1,1994,1993,1995,-1,1994,1995,1996,-1,1996,1995,1997,-1,1996,1997,1998,-1,1998,1997,1999,-1,1998,1999,2000,-1,2000,1999,2001,-1,2000,2001,2002,-1,2002,2001,2003,-1,2002,2003,2004,-1,2004,2003,2005,-1,2004,2005,2006,-1,2006,2005,2007,-1,2006,2007,2008,-1,2008,2007,2009,-1,2008,2009,2010,-1,2010,2009,2011,-1,2012,2013,2014,-1,2014,2013,2010,-1,2014,2010,2015,-1,2015,2010,2011,-1,2015,2011,1978,-1,1978,2011,1979,-1,1984,1985,2016,-1,2016,1985,1987,-1,2016,1987,2017,-1,2017,1987,1986,-1,2017,1986,2018,-1,2018,1986,2019,-1,1979,2011,2009,-1,2005,2003,1981,-1,1981,2003,2001,-1,1981,2001,1983,-1,1979,2009,1981,-1,1981,2009,2007,-1,1981,2007,2005,-1,2001,1999,1983,-1,1983,1999,1997,-1,1983,1997,1995,-1,1995,1993,1983,-1,1983,1993,1991,-1,1983,1991,1985,-1,1985,1991,1989,-1,1985,1989,1987,-1,2020,2021,2022,-1,2022,2021,2023,-1,2022,2023,2024,-1,2024,2023,2025,-1,2026,2027,2020,-1,2020,2027,2021,-1,2024,2025,2028,-1,2028,2025,2029,-1,2028,2029,2030,-1,2030,2029,2031,-1,2030,2031,2032,-1,2032,2031,2033,-1,2031,2029,2034,-1,2034,2029,2035,-1,2034,2035,2036,-1,2036,2035,2037,-1,2036,2037,2038,-1,2038,2037,2039,-1,2038,2039,2040,-1,2040,2039,2041,-1,2040,2041,2042,-1,2042,2041,2043,-1,2042,2043,2044,-1,2044,2043,2045,-1,2044,2045,2046,-1,2046,2045,2047,-1,2046,2047,2048,-1,2048,2047,2049,-1,2048,2049,2050,-1,2050,2049,2051,-1,2050,2051,2052,-1,2052,2051,2053,-1,2052,2053,2054,-1,2054,2053,2055,-1,2054,2055,2056,-1,2056,2055,2057,-1,2058,2059,2060,-1,2060,2059,2056,-1,2060,2056,2061,-1,2061,2056,2057,-1,2061,2057,2026,-1,2026,2057,2027,-1,2027,2057,2055,-1,2051,2049,2021,-1,2049,2047,2021,-1,2021,2047,2045,-1,2021,2045,2023,-1,2023,2045,2043,-1,2023,2043,2041,-1,2027,2055,2021,-1,2021,2055,2053,-1,2021,2053,2051,-1,2041,2039,2023,-1,2023,2039,2037,-1,2023,2037,2025,-1,2025,2037,2035,-1,2025,2035,2029,-1,2062,2063,2064,-1,2064,2063,2065,-1,2064,2065,2066,-1,2066,2065,2067,-1,2066,2067,2068,-1,2068,2067,2069,-1,2070,2071,2072,-1,2072,2071,2073,-1,2072,2073,2074,-1,2074,2073,2075,-1,2074,2075,2076,-1,2076,2075,2077,-1,2076,2077,2078,-1,2078,2077,2079,-1,2078,2079,2080,-1,2080,2079,2081,-1,2080,2081,2082,-1,2082,2081,2083,-1,2082,2083,2084,-1,2084,2083,2085,-1,2084,2085,2086,-1,2086,2085,2087,-1,2086,2087,2088,-1,2088,2087,2089,-1,2088,2089,2090,-1,2090,2089,2091,-1,2090,2091,2092,-1,2092,2091,2093,-1,2092,2093,2094,-1,2094,2093,2095,-1,2096,2097,2098,-1,2098,2097,2094,-1,2098,2094,2099,-1,2099,2094,2095,-1,2099,2095,2062,-1,2062,2095,2063,-1,2068,2069,2100,-1,2100,2069,2071,-1,2100,2071,2101,-1,2101,2071,2070,-1,2101,2070,2102,-1,2102,2070,2103,-1,2063,2095,2093,-1,2089,2087,2065,-1,2087,2085,2065,-1,2065,2085,2083,-1,2065,2083,2067,-1,2067,2083,2081,-1,2067,2081,2079,-1,2063,2093,2065,-1,2065,2093,2091,-1,2065,2091,2089,-1,2079,2077,2067,-1,2067,2077,2075,-1,2067,2075,2069,-1,2069,2075,2073,-1,2069,2073,2071,-1,2104,2105,2106,-1,2106,2105,2107,-1,2106,2107,2108,-1,2108,2107,2109,-1,2109,2107,2110,-1,2111,2112,2104,-1,2104,2112,2105,-1,2109,2110,2113,-1,2113,2110,2114,-1,2113,2114,2115,-1,2115,2114,2116,-1,2115,2116,2117,-1,2117,2116,2118,-1,2116,2114,2119,-1,2119,2114,2120,-1,2119,2120,2121,-1,2121,2120,2122,-1,2121,2122,2123,-1,2123,2122,2124,-1,2123,2124,2125,-1,2125,2124,2126,-1,2125,2126,2127,-1,2127,2126,2128,-1,2127,2128,2129,-1,2129,2128,2130,-1,2129,2130,2131,-1,2131,2130,2132,-1,2131,2132,2133,-1,2133,2132,2134,-1,2133,2134,2135,-1,2135,2134,2136,-1,2135,2136,2137,-1,2137,2136,2138,-1,2137,2138,2139,-1,2139,2138,2140,-1,2139,2140,2141,-1,2141,2140,2142,-1,2143,2144,2145,-1,2145,2144,2141,-1,2145,2141,2146,-1,2146,2141,2142,-1,2146,2142,2111,-1,2111,2142,2112,-1,2112,2142,2140,-1,2136,2134,2105,-1,2134,2132,2105,-1,2105,2132,2130,-1,2105,2130,2107,-1,2107,2130,2128,-1,2107,2128,2126,-1,2112,2140,2105,-1,2105,2140,2138,-1,2105,2138,2136,-1,2126,2124,2107,-1,2107,2124,2122,-1,2107,2122,2110,-1,2110,2122,2120,-1,2110,2120,2114,-1,2147,2148,2149,-1,2149,2148,2150,-1,2149,2150,2151,-1,2151,2150,2152,-1,2151,2152,2153,-1,2153,2152,2154,-1,2154,2152,2155,-1,2156,2157,2158,-1,2158,2157,2159,-1,2158,2159,2160,-1,2160,2159,2161,-1,2160,2161,2162,-1,2162,2161,2163,-1,2162,2163,2164,-1,2164,2163,2165,-1,2164,2165,2166,-1,2166,2165,2167,-1,2166,2167,2168,-1,2168,2167,2169,-1,2168,2169,2170,-1,2170,2169,2171,-1,2170,2171,2172,-1,2172,2171,2173,-1,2172,2173,2174,-1,2174,2173,2175,-1,2174,2175,2176,-1,2176,2175,2177,-1,2176,2177,2178,-1,2178,2177,2179,-1,2178,2179,2180,-1,2180,2179,2181,-1,2182,2183,2184,-1,2184,2183,2180,-1,2184,2180,2185,-1,2185,2180,2181,-1,2185,2181,2147,-1,2147,2181,2148,-1,2154,2155,2186,-1,2186,2155,2157,-1,2186,2157,2187,-1,2187,2157,2156,-1,2187,2156,2188,-1,2188,2156,2189,-1,2148,2181,2179,-1,2175,2173,2150,-1,2173,2171,2150,-1,2150,2171,2169,-1,2150,2169,2152,-1,2152,2169,2167,-1,2152,2167,2165,-1,2148,2179,2150,-1,2150,2179,2177,-1,2150,2177,2175,-1,2165,2163,2152,-1,2152,2163,2161,-1,2152,2161,2155,-1,2155,2161,2159,-1,2155,2159,2157,-1,2190,2191,2192,-1,2192,2191,2193,-1,2192,2193,2194,-1,2194,2193,2195,-1,2196,2197,2190,-1,2190,2197,2191,-1,2194,2195,2198,-1,2198,2195,2199,-1,2198,2199,2200,-1,2200,2199,2201,-1,2200,2201,2202,-1,2202,2201,2203,-1,2201,2199,2204,-1,2204,2199,2205,-1,2204,2205,2206,-1,2206,2205,2207,-1,2206,2207,2208,-1,2208,2207,2209,-1,2208,2209,2210,-1,2210,2209,2211,-1,2210,2211,2212,-1,2212,2211,2213,-1,2212,2213,2214,-1,2214,2213,2215,-1,2214,2215,2216,-1,2216,2215,2217,-1,2216,2217,2218,-1,2218,2217,2219,-1,2218,2219,2220,-1,2220,2219,2221,-1,2220,2221,2222,-1,2222,2221,2223,-1,2222,2223,2224,-1,2224,2223,2225,-1,2224,2225,2226,-1,2226,2225,2227,-1,2228,2229,2230,-1,2230,2229,2226,-1,2230,2226,2231,-1,2231,2226,2227,-1,2231,2227,2196,-1,2196,2227,2197,-1,2197,2227,2225,-1,2221,2219,2191,-1,2219,2217,2191,-1,2191,2217,2215,-1,2191,2215,2193,-1,2193,2215,2213,-1,2193,2213,2211,-1,2197,2225,2191,-1,2191,2225,2223,-1,2191,2223,2221,-1,2211,2209,2193,-1,2193,2209,2207,-1,2193,2207,2195,-1,2195,2207,2205,-1,2195,2205,2199,-1,2232,2233,2234,-1,2234,2233,2235,-1,2234,2235,2236,-1,2236,2235,2237,-1,2236,2237,2238,-1,2238,2237,2239,-1,2240,2241,2242,-1,2242,2241,2243,-1,2242,2243,2244,-1,2244,2243,2245,-1,2244,2245,2246,-1,2246,2245,2247,-1,2246,2247,2248,-1,2248,2247,2249,-1,2248,2249,2250,-1,2250,2249,2251,-1,2250,2251,2252,-1,2252,2251,2253,-1,2252,2253,2254,-1,2254,2253,2255,-1,2254,2255,2256,-1,2256,2255,2257,-1,2256,2257,2258,-1,2258,2257,2259,-1,2258,2259,2260,-1,2260,2259,2261,-1,2260,2261,2262,-1,2262,2261,2263,-1,2262,2263,2264,-1,2264,2263,2265,-1,2266,2267,2268,-1,2268,2267,2264,-1,2268,2264,2269,-1,2269,2264,2265,-1,2269,2265,2232,-1,2232,2265,2233,-1,2238,2239,2270,-1,2270,2239,2241,-1,2270,2241,2271,-1,2271,2241,2240,-1,2271,2240,2272,-1,2272,2240,2273,-1,2233,2265,2263,-1,2259,2257,2235,-1,2257,2255,2235,-1,2235,2255,2253,-1,2235,2253,2237,-1,2237,2253,2251,-1,2237,2251,2249,-1,2233,2263,2235,-1,2235,2263,2261,-1,2235,2261,2259,-1,2249,2247,2237,-1,2237,2247,2245,-1,2237,2245,2239,-1,2239,2245,2243,-1,2239,2243,2241,-1,2274,2275,2276,-1,2276,2275,2277,-1,2278,2279,2280,-1,2280,2279,2281,-1,2280,2281,2274,-1,2274,2281,2275,-1,2276,2277,2282,-1,2282,2277,2283,-1,2282,2283,2284,-1,2284,2283,2285,-1,2284,2285,2286,-1,2286,2285,2287,-1,2285,2283,2288,-1,2288,2283,2289,-1,2288,2289,2290,-1,2290,2289,2291,-1,2290,2291,2292,-1,2292,2291,2293,-1,2292,2293,2294,-1,2294,2293,2295,-1,2294,2295,2296,-1,2296,2295,2297,-1,2296,2297,2298,-1,2298,2297,2299,-1,2298,2299,2300,-1,2300,2299,2301,-1,2300,2301,2302,-1,2302,2301,2303,-1,2302,2303,2304,-1,2304,2303,2305,-1,2304,2305,2306,-1,2306,2305,2307,-1,2306,2307,2308,-1,2308,2307,2309,-1,2308,2309,2310,-1,2310,2309,2311,-1,2312,2313,2314,-1,2314,2313,2310,-1,2314,2310,2315,-1,2315,2310,2311,-1,2315,2311,2278,-1,2278,2311,2279,-1,2279,2311,2309,-1,2281,2305,2303,-1,2279,2309,2281,-1,2281,2309,2307,-1,2281,2307,2305,-1,2303,2301,2281,-1,2281,2301,2299,-1,2281,2299,2275,-1,2275,2299,2297,-1,2275,2297,2295,-1,2295,2293,2275,-1,2275,2293,2291,-1,2275,2291,2277,-1,2277,2291,2289,-1,2277,2289,2283,-1,2316,2317,2318,-1,2318,2317,2319,-1,2318,2319,2320,-1,2320,2319,2321,-1,2320,2321,2322,-1,2322,2321,2323,-1,2324,2325,2326,-1,2326,2325,2327,-1,2326,2327,2328,-1,2328,2327,2329,-1,2328,2329,2330,-1,2330,2329,2331,-1,2330,2331,2332,-1,2332,2331,2333,-1,2332,2333,2334,-1,2334,2333,2335,-1,2334,2335,2336,-1,2336,2335,2337,-1,2336,2337,2338,-1,2338,2337,2339,-1,2338,2339,2340,-1,2340,2339,2341,-1,2340,2341,2342,-1,2342,2341,2343,-1,2342,2343,2344,-1,2344,2343,2345,-1,2344,2345,2346,-1,2346,2345,2347,-1,2346,2347,2348,-1,2348,2347,2349,-1,2350,2351,2352,-1,2352,2351,2348,-1,2352,2348,2353,-1,2353,2348,2349,-1,2353,2349,2316,-1,2316,2349,2317,-1,2322,2323,2354,-1,2354,2323,2325,-1,2354,2325,2355,-1,2355,2325,2324,-1,2355,2324,2356,-1,2356,2324,2357,-1,2317,2349,2347,-1,2319,2343,2341,-1,2317,2347,2319,-1,2319,2347,2345,-1,2319,2345,2343,-1,2341,2339,2319,-1,2319,2339,2337,-1,2319,2337,2321,-1,2321,2337,2335,-1,2321,2335,2333,-1,2333,2331,2321,-1,2321,2331,2329,-1,2321,2329,2323,-1,2323,2329,2327,-1,2323,2327,2325,-1,2358,2359,2360,-1,2360,2359,2361,-1,2362,2363,2364,-1,2364,2363,2365,-1,2364,2365,2366,-1,2366,2365,2359,-1,2366,2359,2358,-1,2360,2361,2367,-1,2367,2361,2368,-1,2367,2368,2369,-1,2369,2368,2370,-1,2369,2370,2371,-1,2371,2370,2372,-1,2370,2368,2373,-1,2373,2368,2374,-1,2373,2374,2375,-1,2375,2374,2376,-1,2375,2376,2377,-1,2377,2376,2378,-1,2377,2378,2379,-1,2379,2378,2380,-1,2379,2380,2381,-1,2381,2380,2382,-1,2381,2382,2383,-1,2383,2382,2384,-1,2383,2384,2385,-1,2385,2384,2386,-1,2385,2386,2387,-1,2387,2386,2388,-1,2387,2388,2389,-1,2389,2388,2390,-1,2389,2390,2391,-1,2391,2390,2392,-1,2391,2392,2393,-1,2393,2392,2394,-1,2393,2394,2395,-1,2395,2394,2396,-1,2397,2398,2399,-1,2399,2398,2395,-1,2399,2395,2400,-1,2400,2395,2396,-1,2400,2396,2362,-1,2362,2396,2363,-1,2365,2392,2390,-1,2365,2384,2359,-1,2359,2384,2382,-1,2359,2382,2380,-1,2392,2365,2394,-1,2394,2365,2363,-1,2394,2363,2396,-1,2390,2388,2365,-1,2365,2388,2386,-1,2365,2386,2384,-1,2380,2378,2359,-1,2359,2378,2376,-1,2359,2376,2361,-1,2361,2376,2374,-1,2361,2374,2368,-1,2401,2402,2403,-1,2403,2402,2404,-1,2403,2404,2405,-1,2405,2404,2406,-1,2405,2406,2407,-1,2407,2406,2408,-1,2408,2406,2409,-1,2410,2411,2412,-1,2412,2411,2413,-1,2412,2413,2414,-1,2414,2413,2415,-1,2414,2415,2416,-1,2416,2415,2417,-1,2416,2417,2418,-1,2418,2417,2419,-1,2418,2419,2420,-1,2420,2419,2421,-1,2420,2421,2422,-1,2422,2421,2423,-1,2422,2423,2424,-1,2424,2423,2425,-1,2424,2425,2426,-1,2426,2425,2427,-1,2426,2427,2428,-1,2428,2427,2429,-1,2428,2429,2430,-1,2430,2429,2431,-1,2430,2431,2432,-1,2432,2431,2433,-1,2432,2433,2434,-1,2434,2433,2435,-1,2436,2437,2438,-1,2438,2437,2434,-1,2438,2434,2439,-1,2439,2434,2435,-1,2439,2435,2401,-1,2401,2435,2402,-1,2408,2409,2440,-1,2440,2409,2411,-1,2440,2411,2441,-1,2441,2411,2410,-1,2441,2410,2442,-1,2442,2410,2443,-1,2402,2435,2433,-1,2404,2429,2427,-1,2427,2425,2404,-1,2404,2425,2423,-1,2404,2423,2406,-1,2406,2423,2421,-1,2406,2421,2419,-1,2419,2417,2406,-1,2406,2417,2415,-1,2406,2415,2409,-1,2409,2415,2413,-1,2409,2413,2411,-1,2402,2433,2404,-1,2404,2433,2431,-1,2404,2431,2429,-1,2444,2445,2446,-1,2446,2445,2447,-1,2448,2449,2450,-1,2450,2449,2451,-1,2450,2451,2444,-1,2444,2451,2445,-1,2446,2447,2452,-1,2452,2447,2453,-1,2452,2453,2454,-1,2454,2453,2455,-1,2454,2455,2456,-1,2456,2455,2457,-1,2455,2453,2458,-1,2458,2453,2459,-1,2458,2459,2460,-1,2460,2459,2461,-1,2460,2461,2462,-1,2462,2461,2463,-1,2462,2463,2464,-1,2464,2463,2465,-1,2464,2465,2466,-1,2466,2465,2467,-1,2466,2467,2468,-1,2468,2467,2469,-1,2468,2469,2470,-1,2470,2469,2471,-1,2470,2471,2472,-1,2472,2471,2473,-1,2472,2473,2474,-1,2474,2473,2475,-1,2474,2475,2476,-1,2476,2475,2477,-1,2476,2477,2478,-1,2478,2477,2479,-1,2478,2479,2480,-1,2480,2479,2481,-1,2482,2483,2484,-1,2484,2483,2480,-1,2484,2480,2485,-1,2485,2480,2481,-1,2485,2481,2448,-1,2448,2481,2449,-1,2449,2481,2479,-1,2475,2473,2451,-1,2451,2473,2471,-1,2451,2471,2445,-1,2445,2471,2469,-1,2445,2469,2467,-1,2449,2479,2451,-1,2451,2479,2477,-1,2451,2477,2475,-1,2445,2461,2447,-1,2447,2461,2459,-1,2447,2459,2453,-1,2467,2465,2445,-1,2445,2465,2463,-1,2445,2463,2461,-1,2486,2487,2488,-1,2488,2487,2489,-1,2488,2489,2490,-1,2490,2489,2491,-1,2490,2491,2492,-1,2492,2491,2493,-1,2494,2495,2496,-1,2496,2495,2497,-1,2496,2497,2498,-1,2498,2497,2499,-1,2498,2499,2500,-1,2500,2499,2501,-1,2500,2501,2502,-1,2502,2501,2503,-1,2502,2503,2504,-1,2504,2503,2505,-1,2504,2505,2506,-1,2506,2505,2507,-1,2506,2507,2508,-1,2508,2507,2509,-1,2508,2509,2510,-1,2510,2509,2511,-1,2510,2511,2512,-1,2512,2511,2513,-1,2512,2513,2514,-1,2514,2513,2515,-1,2514,2515,2516,-1,2516,2515,2517,-1,2516,2517,2518,-1,2518,2517,2519,-1,2520,2521,2522,-1,2522,2521,2518,-1,2522,2518,2523,-1,2523,2518,2519,-1,2523,2519,2486,-1,2486,2519,2487,-1,2492,2493,2524,-1,2524,2493,2495,-1,2524,2495,2525,-1,2525,2495,2494,-1,2525,2494,2526,-1,2526,2494,2527,-1,2487,2519,2517,-1,2489,2513,2511,-1,2487,2517,2489,-1,2489,2517,2515,-1,2489,2515,2513,-1,2511,2509,2489,-1,2489,2509,2507,-1,2489,2507,2491,-1,2491,2507,2505,-1,2491,2505,2503,-1,2503,2501,2491,-1,2491,2501,2499,-1,2491,2499,2493,-1,2493,2499,2497,-1,2493,2497,2495,-1,2528,2529,2530,-1,2530,2529,2531,-1,2532,2533,2534,-1,2534,2533,2535,-1,2534,2535,2528,-1,2528,2535,2529,-1,2530,2531,2536,-1,2536,2531,2537,-1,2536,2537,2538,-1,2538,2537,2539,-1,2538,2539,2540,-1,2540,2539,2541,-1,2539,2537,2542,-1,2542,2537,2543,-1,2542,2543,2544,-1,2544,2543,2545,-1,2544,2545,2546,-1,2546,2545,2547,-1,2546,2547,2548,-1,2548,2547,2549,-1,2548,2549,2550,-1,2550,2549,2551,-1,2550,2551,2552,-1,2552,2551,2553,-1,2552,2553,2554,-1,2554,2553,2555,-1,2554,2555,2556,-1,2556,2555,2557,-1,2556,2557,2558,-1,2558,2557,2559,-1,2558,2559,2560,-1,2560,2559,2561,-1,2560,2561,2562,-1,2562,2561,2563,-1,2562,2563,2564,-1,2564,2563,2565,-1,2566,2567,2568,-1,2568,2567,2564,-1,2568,2564,2569,-1,2569,2564,2565,-1,2569,2565,2532,-1,2532,2565,2533,-1,2533,2565,2563,-1,2533,2563,2535,-1,2563,2561,2535,-1,2535,2561,2559,-1,2535,2559,2557,-1,2549,2547,2529,-1,2529,2547,2545,-1,2529,2545,2531,-1,2531,2545,2543,-1,2531,2543,2537,-1,2557,2555,2535,-1,2535,2555,2553,-1,2535,2553,2529,-1,2529,2553,2551,-1,2529,2551,2549,-1,2570,2571,2572,-1,2572,2571,2573,-1,2572,2573,2574,-1,2574,2573,2575,-1,2574,2575,2576,-1,2576,2575,2577,-1,2578,2579,2580,-1,2580,2579,2581,-1,2580,2581,2582,-1,2582,2581,2583,-1,2582,2583,2584,-1,2584,2583,2585,-1,2584,2585,2586,-1,2586,2585,2587,-1,2586,2587,2588,-1,2588,2587,2589,-1,2588,2589,2590,-1,2590,2589,2591,-1,2590,2591,2592,-1,2592,2591,2593,-1,2592,2593,2594,-1,2594,2593,2595,-1,2594,2595,2596,-1,2596,2595,2597,-1,2596,2597,2598,-1,2598,2597,2599,-1,2598,2599,2600,-1,2600,2599,2601,-1,2600,2601,2602,-1,2602,2601,2603,-1,2604,2605,2606,-1,2606,2605,2602,-1,2606,2602,2607,-1,2607,2602,2603,-1,2607,2603,2570,-1,2570,2603,2571,-1,2576,2577,2608,-1,2608,2577,2579,-1,2608,2579,2609,-1,2609,2579,2578,-1,2609,2578,2610,-1,2610,2578,2611,-1,2571,2603,2601,-1,2597,2595,2573,-1,2573,2595,2593,-1,2573,2593,2575,-1,2593,2591,2575,-1,2575,2591,2589,-1,2575,2589,2587,-1,2571,2601,2573,-1,2573,2601,2599,-1,2573,2599,2597,-1,2587,2585,2575,-1,2575,2585,2583,-1,2575,2583,2577,-1,2577,2583,2581,-1,2577,2581,2579,-1,2612,2613,2614,-1,2614,2613,2615,-1,2616,2617,2618,-1,2618,2617,2619,-1,2618,2619,2620,-1,2620,2619,2613,-1,2620,2613,2612,-1,2614,2615,2621,-1,2621,2615,2622,-1,2621,2622,2623,-1,2623,2622,2624,-1,2623,2624,2625,-1,2625,2624,2626,-1,2624,2622,2627,-1,2627,2622,2628,-1,2627,2628,2629,-1,2629,2628,2630,-1,2629,2630,2631,-1,2631,2630,2632,-1,2631,2632,2633,-1,2633,2632,2634,-1,2633,2634,2635,-1,2635,2634,2636,-1,2635,2636,2637,-1,2637,2636,2638,-1,2637,2638,2639,-1,2639,2638,2640,-1,2639,2640,2641,-1,2641,2640,2642,-1,2641,2642,2643,-1,2643,2642,2644,-1,2643,2644,2645,-1,2645,2644,2646,-1,2645,2646,2647,-1,2647,2646,2648,-1,2647,2648,2649,-1,2649,2648,2650,-1,2651,2652,2653,-1,2653,2652,2649,-1,2653,2649,2654,-1,2654,2649,2650,-1,2654,2650,2616,-1,2616,2650,2617,-1,2617,2650,2648,-1,2619,2644,2642,-1,2617,2648,2619,-1,2619,2648,2646,-1,2619,2646,2644,-1,2642,2640,2619,-1,2619,2640,2638,-1,2619,2638,2613,-1,2613,2638,2636,-1,2613,2636,2634,-1,2634,2632,2613,-1,2613,2632,2630,-1,2613,2630,2615,-1,2615,2630,2628,-1,2615,2628,2622,-1,2655,2656,2657,-1,2657,2656,2658,-1,2657,2658,2659,-1,2659,2658,2660,-1,2659,2660,2661,-1,2661,2660,2662,-1,2662,2660,2663,-1,2664,2665,2666,-1,2666,2665,2667,-1,2666,2667,2668,-1,2668,2667,2669,-1,2668,2669,2670,-1,2670,2669,2671,-1,2670,2671,2672,-1,2672,2671,2673,-1,2672,2673,2674,-1,2674,2673,2675,-1,2674,2675,2676,-1,2676,2675,2677,-1,2676,2677,2678,-1,2678,2677,2679,-1,2678,2679,2680,-1,2680,2679,2681,-1,2680,2681,2682,-1,2682,2681,2683,-1,2682,2683,2684,-1,2684,2683,2685,-1,2684,2685,2686,-1,2686,2685,2687,-1,2686,2687,2688,-1,2688,2687,2689,-1,2690,2691,2692,-1,2692,2691,2688,-1,2692,2688,2693,-1,2693,2688,2689,-1,2693,2689,2655,-1,2655,2689,2656,-1,2662,2663,2694,-1,2694,2663,2665,-1,2694,2665,2695,-1,2695,2665,2664,-1,2695,2664,2696,-1,2696,2664,2697,-1,2656,2689,2687,-1,2658,2683,2681,-1,2656,2687,2658,-1,2658,2687,2685,-1,2658,2685,2683,-1,2681,2679,2658,-1,2658,2679,2677,-1,2658,2677,2660,-1,2660,2677,2675,-1,2660,2675,2673,-1,2673,2671,2660,-1,2660,2671,2669,-1,2660,2669,2663,-1,2663,2669,2667,-1,2663,2667,2665,-1,2698,2699,2700,-1,2700,2699,2701,-1,2702,2703,2704,-1,2704,2703,2705,-1,2704,2705,2698,-1,2698,2705,2699,-1,2700,2701,2706,-1,2706,2701,2707,-1,2706,2707,2708,-1,2708,2707,2709,-1,2708,2709,2710,-1,2710,2709,2711,-1,2709,2707,2712,-1,2712,2707,2713,-1,2712,2713,2714,-1,2714,2713,2715,-1,2714,2715,2716,-1,2716,2715,2717,-1,2716,2717,2718,-1,2718,2717,2719,-1,2718,2719,2720,-1,2720,2719,2721,-1,2720,2721,2722,-1,2722,2721,2723,-1,2722,2723,2724,-1,2724,2723,2725,-1,2724,2725,2726,-1,2726,2725,2727,-1,2726,2727,2728,-1,2728,2727,2729,-1,2728,2729,2730,-1,2730,2729,2731,-1,2730,2731,2732,-1,2732,2731,2733,-1,2732,2733,2734,-1,2734,2733,2735,-1,2736,2737,2738,-1,2738,2737,2734,-1,2738,2734,2739,-1,2739,2734,2735,-1,2739,2735,2702,-1,2702,2735,2703,-1,2703,2735,2733,-1,2705,2729,2727,-1,2703,2733,2705,-1,2705,2733,2731,-1,2705,2731,2729,-1,2727,2725,2705,-1,2705,2725,2723,-1,2705,2723,2699,-1,2699,2723,2721,-1,2699,2721,2719,-1,2719,2717,2699,-1,2699,2717,2715,-1,2699,2715,2701,-1,2701,2715,2713,-1,2701,2713,2707,-1,2740,2741,2742,-1,2742,2741,2743,-1,2742,2743,2744,-1,2744,2743,2745,-1,2744,2745,2746,-1,2746,2745,2747,-1,2748,2749,2750,-1,2750,2749,2751,-1,2750,2751,2752,-1,2752,2751,2753,-1,2752,2753,2754,-1,2754,2753,2755,-1,2754,2755,2756,-1,2756,2755,2757,-1,2756,2757,2758,-1,2758,2757,2759,-1,2758,2759,2760,-1,2760,2759,2761,-1,2760,2761,2762,-1,2762,2761,2763,-1,2762,2763,2764,-1,2764,2763,2765,-1,2764,2765,2766,-1,2766,2765,2767,-1,2766,2767,2768,-1,2768,2767,2769,-1,2768,2769,2770,-1,2770,2769,2771,-1,2770,2771,2772,-1,2772,2771,2773,-1,2774,2775,2776,-1,2776,2775,2772,-1,2776,2772,2777,-1,2777,2772,2773,-1,2777,2773,2740,-1,2740,2773,2741,-1,2746,2747,2778,-1,2778,2747,2749,-1,2778,2749,2779,-1,2779,2749,2748,-1,2779,2748,2780,-1,2780,2748,2781,-1,2741,2773,2771,-1,2743,2767,2765,-1,2741,2771,2743,-1,2743,2771,2769,-1,2743,2769,2767,-1,2765,2763,2743,-1,2743,2763,2761,-1,2743,2761,2745,-1,2745,2761,2759,-1,2745,2759,2757,-1,2757,2755,2745,-1,2745,2755,2753,-1,2745,2753,2747,-1,2747,2753,2751,-1,2747,2751,2749,-1,2782,2783,2784,-1,2784,2783,2785,-1,2786,2787,2788,-1,2788,2787,2789,-1,2788,2789,2782,-1,2782,2789,2783,-1,2784,2785,2790,-1,2790,2785,2791,-1,2790,2791,2792,-1,2792,2791,2793,-1,2792,2793,2794,-1,2794,2793,2795,-1,2793,2791,2796,-1,2796,2791,2797,-1,2796,2797,2798,-1,2798,2797,2799,-1,2798,2799,2800,-1,2800,2799,2801,-1,2800,2801,2802,-1,2802,2801,2803,-1,2802,2803,2804,-1,2804,2803,2805,-1,2804,2805,2806,-1,2806,2805,2807,-1,2806,2807,2808,-1,2808,2807,2809,-1,2808,2809,2810,-1,2810,2809,2811,-1,2810,2811,2812,-1,2812,2811,2813,-1,2812,2813,2814,-1,2814,2813,2815,-1,2814,2815,2816,-1,2816,2815,2817,-1,2816,2817,2818,-1,2818,2817,2819,-1,2820,2821,2822,-1,2822,2821,2818,-1,2822,2818,2823,-1,2823,2818,2819,-1,2823,2819,2786,-1,2786,2819,2787,-1,2787,2819,2817,-1,2813,2811,2789,-1,2811,2809,2789,-1,2789,2809,2807,-1,2789,2807,2783,-1,2783,2807,2805,-1,2783,2805,2803,-1,2787,2817,2789,-1,2789,2817,2815,-1,2789,2815,2813,-1,2803,2801,2783,-1,2783,2801,2799,-1,2783,2799,2785,-1,2785,2799,2797,-1,2785,2797,2791,-1,2824,2825,2826,-1,2826,2825,2827,-1,2826,2827,2828,-1,2828,2827,2829,-1,2828,2829,2830,-1,2830,2829,2831,-1,2832,2833,2834,-1,2834,2833,2835,-1,2834,2835,2836,-1,2836,2835,2837,-1,2836,2837,2838,-1,2838,2837,2839,-1,2838,2839,2840,-1,2840,2839,2841,-1,2840,2841,2842,-1,2842,2841,2843,-1,2842,2843,2844,-1,2844,2843,2845,-1,2844,2845,2846,-1,2846,2845,2847,-1,2846,2847,2848,-1,2848,2847,2849,-1,2848,2849,2850,-1,2850,2849,2851,-1,2850,2851,2852,-1,2852,2851,2853,-1,2852,2853,2854,-1,2854,2853,2855,-1,2854,2855,2856,-1,2856,2855,2857,-1,2858,2859,2860,-1,2860,2859,2856,-1,2860,2856,2861,-1,2861,2856,2857,-1,2861,2857,2824,-1,2824,2857,2825,-1,2830,2831,2862,-1,2862,2831,2833,-1,2862,2833,2863,-1,2863,2833,2832,-1,2863,2832,2864,-1,2864,2832,2865,-1,2825,2857,2855,-1,2851,2849,2827,-1,2849,2847,2827,-1,2827,2847,2845,-1,2827,2845,2829,-1,2829,2845,2843,-1,2829,2843,2841,-1,2825,2855,2827,-1,2827,2855,2853,-1,2827,2853,2851,-1,2841,2839,2829,-1,2829,2839,2837,-1,2829,2837,2831,-1,2831,2837,2835,-1,2831,2835,2833,-1,2866,2867,2868,-1,2868,2867,2869,-1,2870,2871,2872,-1,2872,2871,2873,-1,2872,2873,2874,-1,2874,2873,2867,-1,2874,2867,2866,-1,2868,2869,2875,-1,2875,2869,2876,-1,2875,2876,2877,-1,2877,2876,2878,-1,2877,2878,2879,-1,2879,2878,2880,-1,2878,2876,2881,-1,2881,2876,2882,-1,2881,2882,2883,-1,2883,2882,2884,-1,2883,2884,2885,-1,2885,2884,2886,-1,2885,2886,2887,-1,2887,2886,2888,-1,2887,2888,2889,-1,2889,2888,2890,-1,2889,2890,2891,-1,2891,2890,2892,-1,2891,2892,2893,-1,2893,2892,2894,-1,2893,2894,2895,-1,2895,2894,2896,-1,2895,2896,2897,-1,2897,2896,2898,-1,2897,2898,2899,-1,2899,2898,2900,-1,2899,2900,2901,-1,2901,2900,2902,-1,2901,2902,2903,-1,2903,2902,2904,-1,2905,2906,2907,-1,2907,2906,2903,-1,2907,2903,2908,-1,2908,2903,2904,-1,2908,2904,2870,-1,2870,2904,2871,-1,2871,2904,2902,-1,2898,2896,2873,-1,2896,2894,2873,-1,2873,2894,2892,-1,2873,2892,2867,-1,2867,2892,2890,-1,2867,2890,2888,-1,2871,2902,2873,-1,2873,2902,2900,-1,2873,2900,2898,-1,2888,2886,2867,-1,2867,2886,2884,-1,2867,2884,2869,-1,2869,2884,2882,-1,2869,2882,2876,-1,2909,2910,2911,-1,2911,2910,2912,-1,2911,2912,2913,-1,2913,2912,2914,-1,2913,2914,2915,-1,2915,2914,2916,-1,2916,2914,2917,-1,2918,2919,2920,-1,2920,2919,2921,-1,2920,2921,2922,-1,2922,2921,2923,-1,2922,2923,2924,-1,2924,2923,2925,-1,2924,2925,2926,-1,2926,2925,2927,-1,2926,2927,2928,-1,2928,2927,2929,-1,2928,2929,2930,-1,2930,2929,2931,-1,2930,2931,2932,-1,2932,2931,2933,-1,2932,2933,2934,-1,2934,2933,2935,-1,2934,2935,2936,-1,2936,2935,2937,-1,2936,2937,2938,-1,2938,2937,2939,-1,2938,2939,2940,-1,2940,2939,2941,-1,2940,2941,2942,-1,2942,2941,2943,-1,2944,2945,2946,-1,2946,2945,2942,-1,2946,2942,2947,-1,2947,2942,2943,-1,2947,2943,2909,-1,2909,2943,2910,-1,2916,2917,2948,-1,2948,2917,2919,-1,2948,2919,2949,-1,2949,2919,2918,-1,2949,2918,2950,-1,2950,2918,2951,-1,2910,2943,2941,-1,2937,2935,2912,-1,2935,2933,2912,-1,2912,2933,2931,-1,2912,2931,2914,-1,2914,2931,2929,-1,2914,2929,2927,-1,2910,2941,2912,-1,2912,2941,2939,-1,2912,2939,2937,-1,2927,2925,2914,-1,2914,2925,2923,-1,2914,2923,2917,-1,2917,2923,2921,-1,2917,2921,2919,-1,2952,2953,2954,-1,2954,2953,2955,-1,2956,2957,2958,-1,2958,2957,2959,-1,2958,2959,2952,-1,2952,2959,2953,-1,2954,2955,2960,-1,2960,2955,2961,-1,2960,2961,2962,-1,2962,2961,2963,-1,2962,2963,2964,-1,2964,2963,2965,-1,2963,2961,2966,-1,2966,2961,2967,-1,2966,2967,2968,-1,2968,2967,2969,-1,2968,2969,2970,-1,2970,2969,2971,-1,2970,2971,2972,-1,2972,2971,2973,-1,2972,2973,2974,-1,2974,2973,2975,-1,2974,2975,2976,-1,2976,2975,2977,-1,2976,2977,2978,-1,2978,2977,2979,-1,2978,2979,2980,-1,2980,2979,2981,-1,2980,2981,2982,-1,2982,2981,2983,-1,2982,2983,2984,-1,2984,2983,2985,-1,2984,2985,2986,-1,2986,2985,2987,-1,2986,2987,2988,-1,2988,2987,2989,-1,2990,2991,2992,-1,2992,2991,2988,-1,2992,2988,2993,-1,2993,2988,2989,-1,2993,2989,2956,-1,2956,2989,2957,-1,2957,2989,2987,-1,2983,2981,2959,-1,2981,2979,2959,-1,2959,2979,2977,-1,2959,2977,2953,-1,2953,2977,2975,-1,2953,2975,2973,-1,2957,2987,2959,-1,2959,2987,2985,-1,2959,2985,2983,-1,2973,2971,2953,-1,2953,2971,2969,-1,2953,2969,2955,-1,2955,2969,2967,-1,2955,2967,2961,-1,2994,2995,2996,-1,2996,2995,2997,-1,2996,2997,2998,-1,2998,2997,2999,-1,2998,2999,3000,-1,3000,2999,3001,-1,3002,3003,3004,-1,3004,3003,3005,-1,3004,3005,3006,-1,3006,3005,3007,-1,3006,3007,3008,-1,3008,3007,3009,-1,3008,3009,3010,-1,3010,3009,3011,-1,3010,3011,3012,-1,3012,3011,3013,-1,3012,3013,3014,-1,3014,3013,3015,-1,3014,3015,3016,-1,3016,3015,3017,-1,3016,3017,3018,-1,3018,3017,3019,-1,3018,3019,3020,-1,3020,3019,3021,-1,3020,3021,3022,-1,3022,3021,3023,-1,3022,3023,3024,-1,3024,3023,3025,-1,3024,3025,3026,-1,3026,3025,3027,-1,3028,3029,3030,-1,3030,3029,3026,-1,3030,3026,3031,-1,3031,3026,3027,-1,3031,3027,2994,-1,2994,3027,2995,-1,3000,3001,3032,-1,3032,3001,3003,-1,3032,3003,3033,-1,3033,3003,3002,-1,3033,3002,3034,-1,3034,3002,3035,-1,2995,3027,3025,-1,3021,3019,2997,-1,3019,3017,2997,-1,2997,3017,3015,-1,2997,3015,2999,-1,2999,3015,3013,-1,2999,3013,3011,-1,2995,3025,2997,-1,2997,3025,3023,-1,2997,3023,3021,-1,3011,3009,2999,-1,2999,3009,3007,-1,2999,3007,3001,-1,3001,3007,3005,-1,3001,3005,3003,-1,3036,3037,3038,-1,3038,3037,3039,-1,3040,3041,3042,-1,3042,3041,3043,-1,3042,3043,3036,-1,3036,3043,3037,-1,3038,3039,3044,-1,3044,3039,3045,-1,3044,3045,3046,-1,3046,3045,3047,-1,3046,3047,3048,-1,3048,3047,3049,-1,3047,3045,3050,-1,3050,3045,3051,-1,3050,3051,3052,-1,3052,3051,3053,-1,3052,3053,3054,-1,3054,3053,3055,-1,3054,3055,3056,-1,3056,3055,3057,-1,3056,3057,3058,-1,3058,3057,3059,-1,3058,3059,3060,-1,3060,3059,3061,-1,3060,3061,3062,-1,3062,3061,3063,-1,3062,3063,3064,-1,3064,3063,3065,-1,3064,3065,3066,-1,3066,3065,3067,-1,3066,3067,3068,-1,3068,3067,3069,-1,3068,3069,3070,-1,3070,3069,3071,-1,3070,3071,3072,-1,3072,3071,3073,-1,3074,3075,3076,-1,3076,3075,3072,-1,3076,3072,3077,-1,3077,3072,3073,-1,3077,3073,3040,-1,3040,3073,3041,-1,3041,3073,3071,-1,3067,3065,3043,-1,3041,3071,3043,-1,3043,3071,3069,-1,3043,3069,3067,-1,3065,3063,3043,-1,3043,3063,3061,-1,3043,3061,3037,-1,3037,3061,3059,-1,3037,3059,3057,-1,3057,3055,3037,-1,3037,3055,3053,-1,3037,3053,3039,-1,3039,3053,3051,-1,3039,3051,3045,-1,3078,3079,3080,-1,3080,3079,3081,-1,3080,3081,3082,-1,3082,3081,3083,-1,3082,3083,3084,-1,3084,3083,3085,-1,3086,3087,3088,-1,3088,3087,3089,-1,3088,3089,3090,-1,3090,3089,3091,-1,3090,3091,3092,-1,3092,3091,3093,-1,3092,3093,3094,-1,3094,3093,3095,-1,3094,3095,3096,-1,3096,3095,3097,-1,3096,3097,3098,-1,3098,3097,3099,-1,3098,3099,3100,-1,3100,3099,3101,-1,3100,3101,3102,-1,3102,3101,3103,-1,3102,3103,3104,-1,3104,3103,3105,-1,3104,3105,3106,-1,3106,3105,3107,-1,3106,3107,3108,-1,3108,3107,3109,-1,3108,3109,3110,-1,3110,3109,3111,-1,3112,3113,3114,-1,3114,3113,3110,-1,3114,3110,3115,-1,3115,3110,3111,-1,3115,3111,3078,-1,3078,3111,3079,-1,3084,3085,3116,-1,3116,3085,3087,-1,3116,3087,3117,-1,3117,3087,3086,-1,3117,3086,3118,-1,3118,3086,3119,-1,3079,3111,3109,-1,3105,3103,3081,-1,3079,3109,3081,-1,3081,3109,3107,-1,3081,3107,3105,-1,3103,3101,3081,-1,3081,3101,3099,-1,3081,3099,3083,-1,3083,3099,3097,-1,3083,3097,3095,-1,3095,3093,3083,-1,3083,3093,3091,-1,3083,3091,3085,-1,3085,3091,3089,-1,3085,3089,3087,-1,3120,3121,3122,-1,3122,3121,3123,-1,3124,3125,3126,-1,3126,3125,3127,-1,3126,3127,3128,-1,3128,3127,3121,-1,3128,3121,3120,-1,3122,3123,3129,-1,3129,3123,3130,-1,3129,3130,3131,-1,3131,3130,3132,-1,3131,3132,3133,-1,3133,3132,3134,-1,3132,3130,3135,-1,3135,3130,3136,-1,3135,3136,3137,-1,3137,3136,3138,-1,3137,3138,3139,-1,3139,3138,3140,-1,3139,3140,3141,-1,3141,3140,3142,-1,3141,3142,3143,-1,3143,3142,3144,-1,3143,3144,3145,-1,3145,3144,3146,-1,3145,3146,3147,-1,3147,3146,3148,-1,3147,3148,3149,-1,3149,3148,3150,-1,3149,3150,3151,-1,3151,3150,3152,-1,3151,3152,3153,-1,3153,3152,3154,-1,3153,3154,3155,-1,3155,3154,3156,-1,3155,3156,3157,-1,3157,3156,3158,-1,3159,3160,3161,-1,3161,3160,3157,-1,3161,3157,3162,-1,3162,3157,3158,-1,3162,3158,3124,-1,3124,3158,3125,-1,3125,3158,3156,-1,3152,3150,3127,-1,3125,3156,3127,-1,3127,3156,3154,-1,3127,3154,3152,-1,3150,3148,3127,-1,3127,3148,3146,-1,3127,3146,3121,-1,3121,3146,3144,-1,3121,3144,3142,-1,3142,3140,3121,-1,3121,3140,3138,-1,3121,3138,3123,-1,3123,3138,3136,-1,3123,3136,3130,-1,3163,3164,3165,-1,3165,3164,3166,-1,3165,3166,3167,-1,3167,3166,3168,-1,3167,3168,3169,-1,3169,3168,3170,-1,3170,3168,3171,-1,3172,3173,3174,-1,3174,3173,3175,-1,3174,3175,3176,-1,3176,3175,3177,-1,3176,3177,3178,-1,3178,3177,3179,-1,3178,3179,3180,-1,3180,3179,3181,-1,3180,3181,3182,-1,3182,3181,3183,-1,3182,3183,3184,-1,3184,3183,3185,-1,3184,3185,3186,-1,3186,3185,3187,-1,3186,3187,3188,-1,3188,3187,3189,-1,3188,3189,3190,-1,3190,3189,3191,-1,3190,3191,3192,-1,3192,3191,3193,-1,3192,3193,3194,-1,3194,3193,3195,-1,3194,3195,3196,-1,3196,3195,3197,-1,3198,3199,3200,-1,3200,3199,3196,-1,3200,3196,3201,-1,3201,3196,3197,-1,3201,3197,3163,-1,3163,3197,3164,-1,3170,3171,3202,-1,3202,3171,3173,-1,3202,3173,3203,-1,3203,3173,3172,-1,3203,3172,3204,-1,3204,3172,3205,-1,3164,3197,3195,-1,3191,3189,3166,-1,3164,3195,3166,-1,3166,3195,3193,-1,3166,3193,3191,-1,3189,3187,3166,-1,3166,3187,3185,-1,3166,3185,3168,-1,3168,3185,3183,-1,3168,3183,3181,-1,3181,3179,3168,-1,3168,3179,3177,-1,3168,3177,3171,-1,3171,3177,3175,-1,3171,3175,3173,-1,3206,3207,3208,-1,3208,3207,3209,-1,3210,3211,3212,-1,3212,3211,3213,-1,3212,3213,3206,-1,3206,3213,3207,-1,3208,3209,3214,-1,3214,3209,3215,-1,3214,3215,3216,-1,3216,3215,3217,-1,3216,3217,3218,-1,3218,3217,3219,-1,3217,3215,3220,-1,3220,3215,3221,-1,3220,3221,3222,-1,3222,3221,3223,-1,3222,3223,3224,-1,3224,3223,3225,-1,3224,3225,3226,-1,3226,3225,3227,-1,3226,3227,3228,-1,3228,3227,3229,-1,3228,3229,3230,-1,3230,3229,3231,-1,3230,3231,3232,-1,3232,3231,3233,-1,3232,3233,3234,-1,3234,3233,3235,-1,3234,3235,3236,-1,3236,3235,3237,-1,3236,3237,3238,-1,3238,3237,3239,-1,3238,3239,3240,-1,3240,3239,3241,-1,3240,3241,3242,-1,3242,3241,3243,-1,3244,3245,3246,-1,3246,3245,3242,-1,3246,3242,3247,-1,3247,3242,3243,-1,3247,3243,3210,-1,3210,3243,3211,-1,3211,3243,3241,-1,3237,3235,3213,-1,3211,3241,3213,-1,3213,3241,3239,-1,3213,3239,3237,-1,3235,3233,3213,-1,3213,3233,3231,-1,3213,3231,3207,-1,3207,3231,3229,-1,3207,3229,3227,-1,3227,3225,3207,-1,3207,3225,3223,-1,3207,3223,3209,-1,3209,3223,3221,-1,3209,3221,3215,-1,3248,3249,3250,-1,3250,3249,3251,-1,3250,3251,3252,-1,3252,3251,3253,-1,3252,3253,3254,-1,3254,3253,3255,-1,3256,3257,3258,-1,3258,3257,3259,-1,3258,3259,3260,-1,3260,3259,3261,-1,3260,3261,3262,-1,3262,3261,3263,-1,3262,3263,3264,-1,3264,3263,3265,-1,3264,3265,3266,-1,3266,3265,3267,-1,3266,3267,3268,-1,3268,3267,3269,-1,3268,3269,3270,-1,3270,3269,3271,-1,3270,3271,3272,-1,3272,3271,3273,-1,3272,3273,3274,-1,3274,3273,3275,-1,3274,3275,3276,-1,3276,3275,3277,-1,3276,3277,3278,-1,3278,3277,3279,-1,3278,3279,3280,-1,3280,3279,3281,-1,3282,3283,3284,-1,3284,3283,3280,-1,3284,3280,3285,-1,3285,3280,3281,-1,3285,3281,3248,-1,3248,3281,3249,-1,3254,3255,3286,-1,3286,3255,3257,-1,3286,3257,3287,-1,3287,3257,3256,-1,3287,3256,3288,-1,3288,3256,3289,-1,3249,3281,3279,-1,3275,3273,3251,-1,3249,3279,3251,-1,3251,3279,3277,-1,3251,3277,3275,-1,3273,3271,3251,-1,3251,3271,3269,-1,3251,3269,3253,-1,3253,3269,3267,-1,3253,3267,3265,-1,3265,3263,3253,-1,3253,3263,3261,-1,3253,3261,3255,-1,3255,3261,3259,-1,3255,3259,3257,-1,3290,3291,3292,-1,3292,3291,3293,-1,3294,3295,3296,-1,3296,3295,3297,-1,3296,3297,3290,-1,3290,3297,3291,-1,3292,3293,3298,-1,3298,3293,3299,-1,3298,3299,3300,-1,3300,3299,3301,-1,3300,3301,3302,-1,3302,3301,3303,-1,3301,3299,3304,-1,3304,3299,3305,-1,3304,3305,3306,-1,3306,3305,3307,-1,3306,3307,3308,-1,3308,3307,3309,-1,3308,3309,3310,-1,3310,3309,3311,-1,3310,3311,3312,-1,3312,3311,3313,-1,3312,3313,3314,-1,3314,3313,3315,-1,3314,3315,3316,-1,3316,3315,3317,-1,3316,3317,3318,-1,3318,3317,3319,-1,3318,3319,3320,-1,3320,3319,3321,-1,3320,3321,3322,-1,3322,3321,3323,-1,3322,3323,3324,-1,3324,3323,3325,-1,3324,3325,3326,-1,3326,3325,3327,-1,3328,3329,3330,-1,3330,3329,3326,-1,3330,3326,3331,-1,3331,3326,3327,-1,3331,3327,3294,-1,3294,3327,3295,-1,3295,3327,3325,-1,3321,3319,3297,-1,3295,3325,3297,-1,3297,3325,3323,-1,3297,3323,3321,-1,3319,3317,3297,-1,3297,3317,3315,-1,3297,3315,3291,-1,3291,3315,3313,-1,3291,3313,3311,-1,3311,3309,3291,-1,3291,3309,3307,-1,3291,3307,3293,-1,3293,3307,3305,-1,3293,3305,3299,-1,3332,3333,3334,-1,3334,3333,3335,-1,3334,3335,3336,-1,3336,3335,3337,-1,3336,3337,3338,-1,3338,3337,3339,-1,3340,3341,3342,-1,3342,3341,3343,-1,3342,3343,3344,-1,3344,3343,3345,-1,3344,3345,3346,-1,3346,3345,3347,-1,3346,3347,3348,-1,3348,3347,3349,-1,3348,3349,3350,-1,3350,3349,3351,-1,3350,3351,3352,-1,3352,3351,3353,-1,3352,3353,3354,-1,3354,3353,3355,-1,3354,3355,3356,-1,3356,3355,3357,-1,3356,3357,3358,-1,3358,3357,3359,-1,3358,3359,3360,-1,3360,3359,3361,-1,3360,3361,3362,-1,3362,3361,3363,-1,3362,3363,3364,-1,3364,3363,3365,-1,3366,3367,3368,-1,3368,3367,3364,-1,3368,3364,3369,-1,3369,3364,3365,-1,3369,3365,3332,-1,3332,3365,3333,-1,3338,3339,3370,-1,3370,3339,3341,-1,3370,3341,3371,-1,3371,3341,3340,-1,3371,3340,3372,-1,3372,3340,3373,-1,3333,3365,3363,-1,3359,3357,3335,-1,3333,3363,3335,-1,3335,3363,3361,-1,3335,3361,3359,-1,3357,3355,3335,-1,3335,3355,3353,-1,3335,3353,3337,-1,3337,3353,3351,-1,3337,3351,3349,-1,3349,3347,3337,-1,3337,3347,3345,-1,3337,3345,3339,-1,3339,3345,3343,-1,3339,3343,3341,-1,3374,3375,3376,-1,3376,3375,3377,-1,3376,3377,3378,-1,3379,3378,3380,-1,3380,3378,3377,-1,3379,3380,3381,-1,3381,3380,3382,-1,3381,3382,3383,-1,3374,3383,3375,-1,3375,3383,3382,-1,3382,3380,3375,-1,3375,3380,3377,-1,3384,3385,3386,-1,3386,3385,3387,-1,3388,3384,3389,-1,3389,3384,3386,-1,3390,3388,3391,-1,3391,3388,3389,-1,3385,3390,3387,-1,3387,3390,3391,-1,3391,3389,3387,-1,3387,3389,3386,-1,3392,3393,3394,-1,3394,3393,3395,-1,3396,3392,3397,-1,3397,3392,3394,-1,3398,3396,3399,-1,3399,3396,3397,-1,3393,3398,3395,-1,3395,3398,3399,-1,3399,3397,3395,-1,3395,3397,3394,-1,3400,3401,3402,-1,3402,3401,3403,-1,3400,3402,3404,-1,3404,3402,3405,-1,3404,3405,3406,-1,3407,3406,3408,-1,3408,3406,3405,-1,3407,3408,3409,-1,3409,3408,3403,-1,3409,3403,3401,-1,3408,3405,3403,-1,3403,3405,3402,-1,3410,3411,3412,-1,3412,3411,3413,-1,3412,3413,3414,-1,3414,3413,3415,-1,3415,3413,3416,-1,3415,3416,3417,-1,3417,3416,3418,-1,3418,3416,3419,-1,3418,3419,3420,-1,3420,3419,3421,-1,3421,3419,3411,-1,3421,3411,3410,-1,3419,3416,3411,-1,3411,3416,3413,-1,3422,3423,3424,-1,3424,3423,3425,-1,3422,3424,3426,-1,3426,3424,3427,-1,3426,3427,3428,-1,3429,3428,3430,-1,3430,3428,3427,-1,3429,3430,3431,-1,3431,3430,3425,-1,3431,3425,3423,-1,3430,3427,3425,-1,3425,3427,3424,-1,3432,3433,3434,-1,3434,3433,3435,-1,3432,3434,3436,-1,3436,3434,3437,-1,3436,3437,3438,-1,3439,3438,3440,-1,3440,3438,3437,-1,3439,3440,3441,-1,3441,3440,3435,-1,3441,3435,3433,-1,3440,3437,3435,-1,3435,3437,3434,-1,3442,3443,3444,-1,3444,3443,3445,-1,3444,3445,3446,-1,3447,3446,3448,-1,3448,3446,3445,-1,3447,3448,3449,-1,3449,3448,3450,-1,3449,3450,3451,-1,3442,3451,3443,-1,3443,3451,3450,-1,3450,3448,3443,-1,3443,3448,3445,-1,3452,3453,3454,-1,3454,3453,3455,-1,3456,3452,3457,-1,3457,3452,3454,-1,3458,3456,3459,-1,3459,3456,3457,-1,3453,3458,3455,-1,3455,3458,3459,-1,3459,3457,3455,-1,3455,3457,3454,-1,3460,3461,3462,-1,3462,3461,3463,-1,3464,3460,3465,-1,3465,3460,3462,-1,3466,3464,3467,-1,3467,3464,3465,-1,3461,3466,3463,-1,3463,3466,3467,-1,3467,3465,3463,-1,3463,3465,3462,-1,3468,3469,3470,-1,3470,3469,3471,-1,3470,3471,3472,-1,3473,3472,3474,-1,3474,3472,3471,-1,3473,3474,3475,-1,3475,3474,3476,-1,3475,3476,3477,-1,3468,3477,3469,-1,3469,3477,3476,-1,3476,3474,3469,-1,3469,3474,3471,-1,3478,3479,3480,-1,3480,3479,3481,-1,3482,3478,3483,-1,3483,3478,3480,-1,3484,3482,3485,-1,3485,3482,3483,-1,3479,3484,3481,-1,3481,3484,3485,-1,3485,3483,3481,-1,3481,3483,3480,-1,3486,3487,3488,-1,3488,3487,3489,-1,3490,3486,3491,-1,3491,3486,3488,-1,3492,3490,3493,-1,3493,3490,3491,-1,3487,3492,3489,-1,3489,3492,3493,-1,3493,3491,3489,-1,3489,3491,3488,-1,3494,3495,3496,-1,3496,3495,3497,-1,3498,3494,3499,-1,3499,3494,3496,-1,3500,3498,3501,-1,3501,3498,3499,-1,3495,3500,3497,-1,3497,3500,3501,-1,3501,3499,3497,-1,3497,3499,3496,-1,3502,3503,3504,-1,3504,3503,3505,-1,3506,3502,3507,-1,3507,3502,3504,-1,3508,3506,3509,-1,3509,3506,3507,-1,3503,3508,3505,-1,3505,3508,3509,-1,3509,3507,3505,-1,3505,3507,3504,-1,3510,3511,3512,-1,3512,3511,3513,-1,3510,3512,3514,-1,3514,3512,3515,-1,3514,3515,3516,-1,3517,3516,3518,-1,3518,3516,3515,-1,3517,3518,3519,-1,3519,3518,3513,-1,3519,3513,3511,-1,3518,3515,3513,-1,3513,3515,3512,-1,3520,3521,3522,-1,3522,3521,3523,-1,3520,3522,3524,-1,3524,3522,3525,-1,3524,3525,3526,-1,3527,3526,3528,-1,3528,3526,3525,-1,3527,3528,3529,-1,3529,3528,3523,-1,3529,3523,3521,-1,3528,3525,3523,-1,3523,3525,3522,-1,3530,3531,3532,-1,3532,3531,3533,-1,3530,3532,3534,-1,3534,3532,3535,-1,3534,3535,3536,-1,3537,3536,3538,-1,3538,3536,3535,-1,3537,3538,3539,-1,3539,3538,3533,-1,3539,3533,3531,-1,3538,3535,3533,-1,3533,3535,3532,-1,3540,3541,3542,-1,3542,3541,3543,-1,3544,3540,3545,-1,3545,3540,3542,-1,3546,3544,3547,-1,3547,3544,3545,-1,3541,3546,3543,-1,3543,3546,3547,-1,3547,3545,3543,-1,3543,3545,3542,-1,3548,3549,3550,-1,3550,3549,3551,-1,3548,3550,3552,-1,3552,3550,3553,-1,3552,3553,3554,-1,3555,3554,3556,-1,3556,3554,3553,-1,3555,3556,3557,-1,3557,3556,3551,-1,3557,3551,3549,-1,3556,3553,3551,-1,3551,3553,3550,-1,3558,3559,3560,-1,3560,3559,3561,-1,3558,3560,3562,-1,3562,3560,3563,-1,3562,3563,3564,-1,3565,3564,3566,-1,3566,3564,3563,-1,3565,3566,3567,-1,3567,3566,3561,-1,3567,3561,3559,-1,3566,3563,3561,-1,3561,3563,3560,-1,3568,3569,3570,-1,3570,3569,3571,-1,3568,3570,3572,-1,3572,3570,3573,-1,3572,3573,3574,-1,3575,3574,3576,-1,3576,3574,3573,-1,3575,3576,3577,-1,3577,3576,3571,-1,3577,3571,3569,-1,3576,3573,3571,-1,3571,3573,3570,-1,3578,3579,3580,-1,3580,3579,3581,-1,3578,3580,3582,-1,3582,3580,3583,-1,3582,3583,3584,-1,3585,3584,3586,-1,3586,3584,3583,-1,3585,3586,3587,-1,3587,3586,3581,-1,3587,3581,3579,-1,3586,3583,3581,-1,3581,3583,3580,-1,3588,3589,3590,-1,3590,3589,3591,-1,3592,3588,3593,-1,3593,3588,3590,-1,3594,3592,3595,-1,3595,3592,3593,-1,3589,3594,3591,-1,3591,3594,3595,-1,3595,3593,3591,-1,3591,3593,3590,-1,3596,3597,3598,-1,3598,3597,3599,-1,3596,3598,3600,-1,3600,3598,3601,-1,3600,3601,3602,-1,3603,3602,3604,-1,3604,3602,3601,-1,3603,3604,3605,-1,3605,3604,3599,-1,3605,3599,3597,-1,3604,3601,3599,-1,3599,3601,3598,-1,3606,3607,3608,-1,3608,3607,3609,-1,3606,3608,3610,-1,3610,3608,3611,-1,3610,3611,3612,-1,3613,3612,3614,-1,3614,3612,3611,-1,3613,3614,3615,-1,3615,3614,3609,-1,3615,3609,3607,-1,3614,3611,3609,-1,3609,3611,3608,-1,3616,3617,3618,-1,3618,3617,3619,-1,3616,3618,3620,-1,3620,3618,3621,-1,3620,3621,3622,-1,3623,3622,3624,-1,3624,3622,3621,-1,3623,3624,3625,-1,3625,3624,3619,-1,3625,3619,3617,-1,3624,3621,3619,-1,3619,3621,3618,-1,3626,3627,3628,-1,3628,3627,3629,-1,3628,3629,3630,-1,3631,3630,3632,-1,3632,3630,3629,-1,3631,3632,3633,-1,3633,3632,3634,-1,3633,3634,3635,-1,3626,3635,3627,-1,3627,3635,3634,-1,3634,3632,3627,-1,3627,3632,3629,-1,3636,3637,3638,-1,3638,3637,3639,-1,3638,3639,3640,-1,3641,3640,3642,-1,3642,3640,3639,-1,3641,3642,3643,-1,3643,3642,3644,-1,3643,3644,3645,-1,3636,3645,3637,-1,3637,3645,3644,-1,3644,3642,3637,-1,3637,3642,3639,-1,3646,3647,3648,-1,3648,3647,3649,-1,3648,3649,3650,-1,3651,3650,3652,-1,3652,3650,3649,-1,3651,3652,3653,-1,3653,3652,3654,-1,3653,3654,3655,-1,3646,3655,3647,-1,3647,3655,3654,-1,3654,3652,3647,-1,3647,3652,3649,-1,3656,3657,3658,-1,3658,3657,3659,-1,3660,3656,3661,-1,3661,3656,3658,-1,3662,3660,3663,-1,3663,3660,3661,-1,3657,3662,3659,-1,3659,3662,3663,-1,3663,3661,3659,-1,3659,3661,3658,-1,3664,3665,3666,-1,3666,3665,3667,-1,3666,3667,3668,-1,3669,3668,3670,-1,3670,3668,3667,-1,3669,3670,3671,-1,3671,3670,3672,-1,3671,3672,3673,-1,3664,3673,3665,-1,3665,3673,3672,-1,3672,3670,3665,-1,3665,3670,3667,-1,3674,3675,3676,-1,3676,3675,3677,-1,3676,3677,3678,-1,3679,3678,3680,-1,3680,3678,3677,-1,3679,3680,3681,-1,3681,3680,3682,-1,3681,3682,3683,-1,3674,3683,3675,-1,3675,3683,3682,-1,3682,3680,3675,-1,3675,3680,3677,-1,3684,3685,3686,-1,3686,3685,3687,-1,3686,3687,3688,-1,3689,3688,3690,-1,3690,3688,3687,-1,3689,3690,3691,-1,3691,3690,3692,-1,3691,3692,3693,-1,3684,3693,3685,-1,3685,3693,3692,-1,3692,3690,3685,-1,3685,3690,3687,-1,3694,3695,3696,-1,3696,3695,3697,-1,3696,3697,3698,-1,3699,3698,3700,-1,3700,3698,3697,-1,3699,3700,3701,-1,3701,3700,3702,-1,3701,3702,3703,-1,3694,3703,3695,-1,3695,3703,3702,-1,3702,3700,3695,-1,3695,3700,3697,-1,3704,3705,3706,-1,3706,3705,3707,-1,3708,3704,3709,-1,3709,3704,3706,-1,3710,3708,3711,-1,3711,3708,3709,-1,3705,3710,3707,-1,3707,3710,3711,-1,3711,3709,3707,-1,3707,3709,3706,-1,3712,3713,3714,-1,3714,3713,3715,-1,3714,3715,3716,-1,3717,3716,3718,-1,3718,3716,3715,-1,3717,3718,3719,-1,3719,3718,3720,-1,3719,3720,3721,-1,3712,3721,3713,-1,3713,3721,3720,-1,3720,3718,3713,-1,3713,3718,3715,-1,3722,3723,3724,-1,3724,3723,3725,-1,3724,3725,3726,-1,3727,3726,3728,-1,3728,3726,3725,-1,3727,3728,3729,-1,3729,3728,3730,-1,3729,3730,3731,-1,3722,3731,3723,-1,3723,3731,3730,-1,3730,3728,3723,-1,3723,3728,3725,-1,3732,3733,3734,-1,3734,3733,3735,-1,3734,3735,3736,-1,3737,3736,3738,-1,3738,3736,3735,-1,3737,3738,3739,-1,3739,3738,3740,-1,3739,3740,3741,-1,3732,3741,3733,-1,3733,3741,3740,-1,3740,3738,3733,-1,3733,3738,3735,-1,3742,3743,3744,-1,3744,3743,3745,-1,3744,3745,3746,-1,3747,3746,3748,-1,3748,3746,3745,-1,3747,3748,3749,-1,3749,3748,3750,-1,3749,3750,3751,-1,3742,3751,3743,-1,3743,3751,3750,-1,3750,3748,3743,-1,3743,3748,3745,-1,3752,3753,3754,-1,3754,3753,3755,-1,3756,3752,3757,-1,3757,3752,3754,-1,3758,3756,3759,-1,3759,3756,3757,-1,3760,3758,3761,-1,3761,3758,3759,-1,3753,3760,3755,-1,3755,3760,3761,-1,3754,3755,3757,-1,3757,3755,3761,-1,3757,3761,3759,-1,3762,3763,3764,-1,3764,3763,3765,-1,3766,3762,3767,-1,3767,3762,3764,-1,3768,3766,3769,-1,3769,3766,3767,-1,3763,3768,3765,-1,3765,3768,3769,-1,3769,3767,3765,-1,3765,3767,3764,-1,3770,3771,3772,-1,3772,3771,3773,-1,3774,3770,3775,-1,3775,3770,3772,-1,3776,3774,3777,-1,3777,3774,3775,-1,3771,3776,3773,-1,3773,3776,3777,-1,3777,3775,3773,-1,3773,3775,3772,-1,3778,3779,3780,-1,3780,3779,3781,-1,3782,3778,3783,-1,3783,3778,3780,-1,3784,3782,3785,-1,3785,3782,3783,-1,3779,3784,3781,-1,3781,3784,3785,-1,3785,3783,3781,-1,3781,3783,3780,-1,3786,3787,3788,-1,3788,3787,3789,-1,3790,3786,3791,-1,3791,3786,3788,-1,3792,3790,3793,-1,3793,3790,3791,-1,3787,3792,3789,-1,3789,3792,3793,-1,3793,3791,3789,-1,3789,3791,3788,-1,3794,3795,3796,-1,3796,3795,3797,-1,3798,3794,3799,-1,3799,3794,3796,-1,3800,3798,3801,-1,3801,3798,3799,-1,3795,3800,3797,-1,3797,3800,3801,-1,3801,3799,3797,-1,3797,3799,3796,-1,3802,3803,3804,-1,3804,3803,3805,-1,3806,3802,3807,-1,3807,3802,3804,-1,3808,3806,3809,-1,3809,3806,3807,-1,3803,3808,3805,-1,3805,3808,3809,-1,3809,3807,3805,-1,3805,3807,3804,-1,3810,3811,3812,-1,3812,3811,3813,-1,3810,3812,3814,-1,3814,3812,3815,-1,3814,3815,3816,-1,3817,3816,3818,-1,3818,3816,3815,-1,3817,3818,3819,-1,3819,3818,3813,-1,3819,3813,3811,-1,3818,3815,3813,-1,3813,3815,3812,-1,3820,3821,3822,-1,3822,3821,3823,-1,3824,3820,3825,-1,3825,3820,3822,-1,3826,3824,3827,-1,3827,3824,3825,-1,3821,3826,3823,-1,3823,3826,3827,-1,3827,3825,3823,-1,3823,3825,3822,-1,3828,3829,3830,-1,3830,3829,3831,-1,3832,3828,3833,-1,3833,3828,3830,-1,3834,3832,3835,-1,3835,3832,3833,-1,3829,3834,3831,-1,3831,3834,3835,-1,3835,3833,3831,-1,3831,3833,3830,-1,3836,3837,3838,-1,3838,3837,3839,-1,3840,3836,3841,-1,3841,3836,3838,-1,3842,3840,3843,-1,3843,3840,3841,-1,3837,3842,3839,-1,3839,3842,3843,-1,3843,3841,3839,-1,3839,3841,3838,-1,3844,3845,3846,-1,3846,3845,3847,-1,3848,3844,3849,-1,3849,3844,3846,-1,3850,3848,3851,-1,3851,3848,3849,-1,3845,3850,3847,-1,3847,3850,3851,-1,3851,3849,3847,-1,3847,3849,3846,-1,3852,3853,3854,-1,3854,3853,3855,-1,3856,3852,3857,-1,3857,3852,3854,-1,3858,3856,3859,-1,3859,3856,3857,-1,3853,3858,3855,-1,3855,3858,3859,-1,3859,3857,3855,-1,3855,3857,3854,-1,3860,3861,3862,-1,3862,3861,3863,-1,3864,3860,3865,-1,3865,3860,3862,-1,3866,3864,3867,-1,3867,3864,3865,-1,3861,3866,3863,-1,3863,3866,3867,-1,3867,3865,3863,-1,3863,3865,3862,-1,3868,3869,3870,-1,3870,3869,3871,-1,3872,3868,3873,-1,3873,3868,3870,-1,3874,3872,3875,-1,3875,3872,3873,-1,3869,3874,3871,-1,3871,3874,3875,-1,3875,3873,3871,-1,3871,3873,3870,-1,3876,3877,3878,-1,3878,3877,3879,-1,3880,3876,3881,-1,3881,3876,3878,-1,3882,3880,3883,-1,3883,3880,3881,-1,3877,3882,3879,-1,3879,3882,3883,-1,3883,3881,3879,-1,3879,3881,3878,-1,3884,3885,3886,-1,3886,3885,3887,-1,3888,3884,3889,-1,3889,3884,3886,-1,3890,3888,3891,-1,3891,3888,3889,-1,3885,3890,3887,-1,3887,3890,3891,-1,3891,3889,3887,-1,3887,3889,3886,-1,3892,3893,3894,-1,3894,3893,3895,-1,3896,3892,3897,-1,3897,3892,3894,-1,3898,3896,3899,-1,3899,3896,3897,-1,3893,3898,3895,-1,3895,3898,3899,-1,3899,3897,3895,-1,3895,3897,3894,-1,3900,3901,3902,-1,3902,3901,3903,-1,3900,3902,3904,-1,3904,3902,3905,-1,3904,3905,3906,-1,3907,3906,3908,-1,3908,3906,3905,-1,3907,3908,3909,-1,3909,3908,3903,-1,3909,3903,3901,-1,3908,3905,3903,-1,3903,3905,3902,-1,3910,3911,3912,-1,3912,3911,3913,-1,3914,3910,3915,-1,3915,3910,3912,-1,3916,3914,3917,-1,3917,3914,3915,-1,3911,3916,3913,-1,3913,3916,3917,-1,3917,3915,3913,-1,3913,3915,3912,-1,3918,3919,3920,-1,3920,3919,3921,-1,3922,3918,3923,-1,3923,3918,3920,-1,3924,3922,3925,-1,3925,3922,3923,-1,3919,3924,3921,-1,3921,3924,3925,-1,3925,3923,3921,-1,3921,3923,3920,-1,3926,3927,3928,-1,3928,3927,3929,-1,3930,3926,3931,-1,3931,3926,3928,-1,3932,3930,3933,-1,3933,3930,3931,-1,3927,3932,3929,-1,3929,3932,3933,-1,3933,3931,3929,-1,3929,3931,3928,-1,3934,3935,3936,-1,3936,3935,3937,-1,3938,3934,3939,-1,3939,3934,3936,-1,3940,3938,3941,-1,3941,3938,3939,-1,3935,3940,3937,-1,3937,3940,3941,-1,3941,3939,3937,-1,3937,3939,3936,-1,3942,3943,3944,-1,3944,3943,3945,-1,3946,3942,3947,-1,3947,3942,3944,-1,3948,3946,3949,-1,3949,3946,3947,-1,3943,3948,3945,-1,3945,3948,3949,-1,3949,3947,3945,-1,3945,3947,3944,-1,3950,3951,3952,-1,3952,3951,3953,-1,3954,3950,3955,-1,3955,3950,3952,-1,3951,3954,3953,-1,3953,3954,3955,-1,3950,3954,3951,-1,3367,3366,3956,-1,3367,3956,3957,-1,3957,3956,3958,-1,3957,3958,3959,-1,3959,3958,3960,-1,3959,3960,3961,-1,3961,3960,3962,-1,3961,3962,3963,-1,3963,3962,3964,-1,3963,3964,3965,-1,3965,3964,3966,-1,3965,3966,3967,-1,3967,3966,3968,-1,3967,3968,3969,-1,3969,3968,3970,-1,3969,3970,3971,-1,3971,3970,3972,-1,3971,3972,3973,-1,3973,3972,3974,-1,3973,3974,3975,-1,3975,3974,3976,-1,3975,3976,3977,-1,3977,3976,3372,-1,3977,3372,3373,-1,3329,3328,3978,-1,3329,3978,3979,-1,3979,3978,3980,-1,3979,3980,3981,-1,3981,3980,3982,-1,3981,3982,3983,-1,3983,3982,3984,-1,3983,3984,3985,-1,3985,3984,3986,-1,3985,3986,3987,-1,3987,3986,3988,-1,3987,3988,3989,-1,3989,3988,3990,-1,3989,3990,3991,-1,3991,3990,3992,-1,3991,3992,3993,-1,3993,3992,3994,-1,3993,3994,3995,-1,3995,3994,3996,-1,3995,3996,3997,-1,3997,3996,3998,-1,3997,3998,3999,-1,3999,3998,3302,-1,3999,3302,3303,-1,3283,3282,4000,-1,3283,4000,4001,-1,4001,4000,4002,-1,4001,4002,4003,-1,4003,4002,4004,-1,4003,4004,4005,-1,4005,4004,4006,-1,4005,4006,4007,-1,4007,4006,4008,-1,4007,4008,4009,-1,4009,4008,4010,-1,4009,4010,4011,-1,4011,4010,4012,-1,4011,4012,4013,-1,4013,4012,4014,-1,4013,4014,4015,-1,4015,4014,4016,-1,4015,4016,4017,-1,4017,4016,4018,-1,4017,4018,4019,-1,4019,4018,4020,-1,4019,4020,4021,-1,4021,4020,3288,-1,4021,3288,3289,-1,3245,3244,4022,-1,3245,4022,4023,-1,4023,4022,4024,-1,4023,4024,4025,-1,4025,4024,4026,-1,4025,4026,4027,-1,4027,4026,4028,-1,4027,4028,4029,-1,4029,4028,4030,-1,4029,4030,4031,-1,4031,4030,4032,-1,4031,4032,4033,-1,4033,4032,4034,-1,4033,4034,4035,-1,4035,4034,4036,-1,4035,4036,4037,-1,4037,4036,4038,-1,4037,4038,4039,-1,4039,4038,4040,-1,4039,4040,4041,-1,4041,4040,4042,-1,4041,4042,4043,-1,4043,4042,3218,-1,4043,3218,3219,-1,3199,3198,4044,-1,3199,4044,4045,-1,4045,4044,4046,-1,4045,4046,4047,-1,4047,4046,4048,-1,4047,4048,4049,-1,4049,4048,4050,-1,4049,4050,4051,-1,4051,4050,4052,-1,4051,4052,4053,-1,4053,4052,4054,-1,4053,4054,4055,-1,4055,4054,4056,-1,4055,4056,4057,-1,4057,4056,4058,-1,4057,4058,4059,-1,4059,4058,4060,-1,4059,4060,4061,-1,4061,4060,4062,-1,4061,4062,4063,-1,4063,4062,4064,-1,4063,4064,4065,-1,4065,4064,3204,-1,4065,3204,3205,-1,3160,3159,4066,-1,3160,4066,4067,-1,4067,4066,4068,-1,4067,4068,4069,-1,4069,4068,4070,-1,4069,4070,4071,-1,4071,4070,4072,-1,4071,4072,4073,-1,4073,4072,4074,-1,4073,4074,4075,-1,4075,4074,4076,-1,4075,4076,4077,-1,4077,4076,4078,-1,4077,4078,4079,-1,4079,4078,4080,-1,4079,4080,4081,-1,4081,4080,4082,-1,4081,4082,4083,-1,4083,4082,4084,-1,4083,4084,4085,-1,4085,4084,4086,-1,4085,4086,4087,-1,4087,4086,3133,-1,4087,3133,3134,-1,3113,3112,4088,-1,3113,4088,4089,-1,4089,4088,4090,-1,4089,4090,4091,-1,4091,4090,4092,-1,4091,4092,4093,-1,4093,4092,4094,-1,4093,4094,4095,-1,4095,4094,4096,-1,4095,4096,4097,-1,4097,4096,4098,-1,4097,4098,4099,-1,4099,4098,4100,-1,4099,4100,4101,-1,4101,4100,4102,-1,4101,4102,4103,-1,4103,4102,4104,-1,4103,4104,4105,-1,4105,4104,4106,-1,4105,4106,4107,-1,4107,4106,4108,-1,4107,4108,4109,-1,4109,4108,3118,-1,4109,3118,3119,-1,3075,3074,4110,-1,3075,4110,4111,-1,4111,4110,4112,-1,4111,4112,4113,-1,4113,4112,4114,-1,4113,4114,4115,-1,4115,4114,4116,-1,4115,4116,4117,-1,4117,4116,4118,-1,4117,4118,4119,-1,4119,4118,4120,-1,4119,4120,4121,-1,4121,4120,4122,-1,4121,4122,4123,-1,4123,4122,4124,-1,4123,4124,4125,-1,4125,4124,4126,-1,4125,4126,4127,-1,4127,4126,4128,-1,4127,4128,4129,-1,4129,4128,4130,-1,4129,4130,4131,-1,4131,4130,3048,-1,4131,3048,3049,-1,3029,3028,4132,-1,3029,4132,4133,-1,4133,4132,4134,-1,4133,4134,4135,-1,4135,4134,4136,-1,4135,4136,4137,-1,4137,4136,4138,-1,4137,4138,4139,-1,4139,4138,4140,-1,4139,4140,4141,-1,4141,4140,4142,-1,4141,4142,4143,-1,4143,4142,4144,-1,4143,4144,4145,-1,4145,4144,4146,-1,4145,4146,4147,-1,4147,4146,4148,-1,4147,4148,4149,-1,4149,4148,4150,-1,4149,4150,4151,-1,4151,4150,4152,-1,4151,4152,4153,-1,4153,4152,3034,-1,4153,3034,3035,-1,2991,2990,4154,-1,2991,4154,4155,-1,4155,4154,4156,-1,4155,4156,4157,-1,4157,4156,4158,-1,4157,4158,4159,-1,4159,4158,4160,-1,4159,4160,4161,-1,4161,4160,4162,-1,4161,4162,4163,-1,4163,4162,4164,-1,4163,4164,4165,-1,4165,4164,4166,-1,4165,4166,4167,-1,4167,4166,4168,-1,4167,4168,4169,-1,4169,4168,4170,-1,4169,4170,4171,-1,4171,4170,4172,-1,4171,4172,4173,-1,4173,4172,4174,-1,4173,4174,4175,-1,4175,4174,2964,-1,4175,2964,2965,-1,2945,2944,4176,-1,2945,4176,4177,-1,4177,4176,4178,-1,4177,4178,4179,-1,4179,4178,4180,-1,4179,4180,4181,-1,4181,4180,4182,-1,4181,4182,4183,-1,4183,4182,4184,-1,4183,4184,4185,-1,4185,4184,4186,-1,4185,4186,4187,-1,4187,4186,4188,-1,4187,4188,4189,-1,4189,4188,4190,-1,4189,4190,4191,-1,4191,4190,4192,-1,4191,4192,4193,-1,4193,4192,4194,-1,4193,4194,4195,-1,4195,4194,4196,-1,4195,4196,4197,-1,4197,4196,2950,-1,4197,2950,2951,-1,2906,2905,4198,-1,2906,4198,4199,-1,4199,4198,4200,-1,4199,4200,4201,-1,4201,4200,4202,-1,4201,4202,4203,-1,4203,4202,4204,-1,4203,4204,4205,-1,4205,4204,4206,-1,4205,4206,4207,-1,4207,4206,4208,-1,4207,4208,4209,-1,4209,4208,4210,-1,4209,4210,4211,-1,4211,4210,4212,-1,4211,4212,4213,-1,4213,4212,4214,-1,4213,4214,4215,-1,4215,4214,4216,-1,4215,4216,4217,-1,4217,4216,4218,-1,4217,4218,4219,-1,4219,4218,2879,-1,4219,2879,2880,-1,2859,2858,4220,-1,2859,4220,4221,-1,4221,4220,4222,-1,4221,4222,4223,-1,4223,4222,4224,-1,4223,4224,4225,-1,4225,4224,4226,-1,4225,4226,4227,-1,4227,4226,4228,-1,4227,4228,4229,-1,4229,4228,4230,-1,4229,4230,4231,-1,4231,4230,4232,-1,4231,4232,4233,-1,4233,4232,4234,-1,4233,4234,4235,-1,4235,4234,4236,-1,4235,4236,4237,-1,4237,4236,4238,-1,4237,4238,4239,-1,4239,4238,4240,-1,4239,4240,4241,-1,4241,4240,2864,-1,4241,2864,2865,-1,2821,2820,4242,-1,2821,4242,4243,-1,4243,4242,4244,-1,4243,4244,4245,-1,4245,4244,4246,-1,4245,4246,4247,-1,4247,4246,4248,-1,4247,4248,4249,-1,4249,4248,4250,-1,4249,4250,4251,-1,4251,4250,4252,-1,4251,4252,4253,-1,4253,4252,4254,-1,4253,4254,4255,-1,4255,4254,4256,-1,4255,4256,4257,-1,4257,4256,4258,-1,4257,4258,4259,-1,4259,4258,4260,-1,4259,4260,4261,-1,4261,4260,4262,-1,4261,4262,4263,-1,4263,4262,2794,-1,4263,2794,2795,-1,2775,2774,4264,-1,2775,4264,4265,-1,4265,4264,4266,-1,4265,4266,4267,-1,4267,4266,4268,-1,4267,4268,4269,-1,4269,4268,4270,-1,4269,4270,4271,-1,4271,4270,4272,-1,4271,4272,4273,-1,4273,4272,4274,-1,4273,4274,4275,-1,4275,4274,4276,-1,4275,4276,4277,-1,4277,4276,4278,-1,4277,4278,4279,-1,4279,4278,4280,-1,4279,4280,4281,-1,4281,4280,4282,-1,4281,4282,4283,-1,4283,4282,4284,-1,4283,4284,4285,-1,4285,4284,2780,-1,4285,2780,2781,-1,2737,2736,4286,-1,2737,4286,4287,-1,4287,4286,4288,-1,4287,4288,4289,-1,4289,4288,4290,-1,4289,4290,4291,-1,4291,4290,4292,-1,4291,4292,4293,-1,4293,4292,4294,-1,4293,4294,4295,-1,4295,4294,4296,-1,4295,4296,4297,-1,4297,4296,4298,-1,4297,4298,4299,-1,4299,4298,4300,-1,4299,4300,4301,-1,4301,4300,4302,-1,4301,4302,4303,-1,4303,4302,4304,-1,4303,4304,4305,-1,4305,4304,4306,-1,4305,4306,4307,-1,4307,4306,2710,-1,4307,2710,2711,-1,2691,2690,4308,-1,2691,4308,4309,-1,4309,4308,4310,-1,4309,4310,4311,-1,4311,4310,4312,-1,4311,4312,4313,-1,4313,4312,4314,-1,4313,4314,4315,-1,4315,4314,4316,-1,4315,4316,4317,-1,4317,4316,4318,-1,4317,4318,4319,-1,4319,4318,4320,-1,4319,4320,4321,-1,4321,4320,4322,-1,4321,4322,4323,-1,4323,4322,4324,-1,4323,4324,4325,-1,4325,4324,4326,-1,4325,4326,4327,-1,4327,4326,4328,-1,4327,4328,4329,-1,4329,4328,2696,-1,4329,2696,2697,-1,2652,2651,4330,-1,2652,4330,4331,-1,4331,4330,4332,-1,4331,4332,4333,-1,4333,4332,4334,-1,4333,4334,4335,-1,4335,4334,4336,-1,4335,4336,4337,-1,4337,4336,4338,-1,4337,4338,4339,-1,4339,4338,4340,-1,4339,4340,4341,-1,4341,4340,4342,-1,4341,4342,4343,-1,4343,4342,4344,-1,4343,4344,4345,-1,4345,4344,4346,-1,4345,4346,4347,-1,4347,4346,4348,-1,4347,4348,4349,-1,4349,4348,4350,-1,4349,4350,4351,-1,4351,4350,2625,-1,4351,2625,2626,-1,2605,2604,4352,-1,2605,4352,4353,-1,4353,4352,4354,-1,4353,4354,4355,-1,4355,4354,4356,-1,4355,4356,4357,-1,4357,4356,4358,-1,4357,4358,4359,-1,4359,4358,4360,-1,4359,4360,4361,-1,4361,4360,4362,-1,4361,4362,4363,-1,4363,4362,4364,-1,4363,4364,4365,-1,4365,4364,4366,-1,4365,4366,4367,-1,4367,4366,4368,-1,4367,4368,4369,-1,4369,4368,4370,-1,4369,4370,4371,-1,4371,4370,4372,-1,4371,4372,4373,-1,4373,4372,2610,-1,4373,2610,2611,-1,2567,2566,4374,-1,2567,4374,4375,-1,4375,4374,4376,-1,4375,4376,4377,-1,4377,4376,4378,-1,4377,4378,4379,-1,4379,4378,4380,-1,4379,4380,4381,-1,4381,4380,4382,-1,4381,4382,4383,-1,4383,4382,4384,-1,4383,4384,4385,-1,4385,4384,4386,-1,4385,4386,4387,-1,4387,4386,4388,-1,4387,4388,4389,-1,4389,4388,4390,-1,4389,4390,4391,-1,4391,4390,4392,-1,4391,4392,4393,-1,4393,4392,4394,-1,4393,4394,4395,-1,4395,4394,2540,-1,4395,2540,2541,-1,2521,2520,4396,-1,2521,4396,4397,-1,4397,4396,4398,-1,4397,4398,4399,-1,4399,4398,4400,-1,4399,4400,4401,-1,4401,4400,4402,-1,4401,4402,4403,-1,4403,4402,4404,-1,4403,4404,4405,-1,4405,4404,4406,-1,4405,4406,4407,-1,4407,4406,4408,-1,4407,4408,4409,-1,4409,4408,4410,-1,4409,4410,4411,-1,4411,4410,4412,-1,4411,4412,4413,-1,4413,4412,4414,-1,4413,4414,4415,-1,4415,4414,4416,-1,4415,4416,4417,-1,4417,4416,2526,-1,4417,2526,2527,-1,2483,2482,4418,-1,2483,4418,4419,-1,4419,4418,4420,-1,4419,4420,4421,-1,4421,4420,4422,-1,4421,4422,4423,-1,4423,4422,4424,-1,4423,4424,4425,-1,4425,4424,4426,-1,4425,4426,4427,-1,4427,4426,4428,-1,4427,4428,4429,-1,4429,4428,4430,-1,4429,4430,4431,-1,4431,4430,4432,-1,4431,4432,4433,-1,4433,4432,4434,-1,4433,4434,4435,-1,4435,4434,4436,-1,4435,4436,4437,-1,4437,4436,4438,-1,4437,4438,4439,-1,4439,4438,2456,-1,4439,2456,2457,-1,2437,2436,4440,-1,2437,4440,4441,-1,4441,4440,4442,-1,4441,4442,4443,-1,4443,4442,4444,-1,4443,4444,4445,-1,4445,4444,4446,-1,4445,4446,4447,-1,4447,4446,4448,-1,4447,4448,4449,-1,4449,4448,4450,-1,4449,4450,4451,-1,4451,4450,4452,-1,4451,4452,4453,-1,4453,4452,4454,-1,4453,4454,4455,-1,4455,4454,4456,-1,4455,4456,4457,-1,4457,4456,4458,-1,4457,4458,4459,-1,4459,4458,4460,-1,4459,4460,4461,-1,4461,4460,2442,-1,4461,2442,2443,-1,2398,2397,4462,-1,2398,4462,4463,-1,4463,4462,4464,-1,4463,4464,4465,-1,4465,4464,4466,-1,4465,4466,4467,-1,4467,4466,4468,-1,4467,4468,4469,-1,4469,4468,4470,-1,4469,4470,4471,-1,4471,4470,4472,-1,4471,4472,4473,-1,4473,4472,4474,-1,4473,4474,4475,-1,4475,4474,4476,-1,4475,4476,4477,-1,4477,4476,4478,-1,4477,4478,4479,-1,4479,4478,4480,-1,4479,4480,4481,-1,4481,4480,4482,-1,4481,4482,4483,-1,4483,4482,2371,-1,4483,2371,2372,-1,2351,2350,4484,-1,2351,4484,4485,-1,4485,4484,4486,-1,4485,4486,4487,-1,4487,4486,4488,-1,4487,4488,4489,-1,4489,4488,4490,-1,4489,4490,4491,-1,4491,4490,4492,-1,4491,4492,4493,-1,4493,4492,4494,-1,4493,4494,4495,-1,4495,4494,4496,-1,4495,4496,4497,-1,4497,4496,4498,-1,4497,4498,4499,-1,4499,4498,4500,-1,4499,4500,4501,-1,4501,4500,4502,-1,4501,4502,4503,-1,4503,4502,4504,-1,4503,4504,4505,-1,4505,4504,2356,-1,4505,2356,2357,-1,2313,2312,4506,-1,2313,4506,4507,-1,4507,4506,4508,-1,4507,4508,4509,-1,4509,4508,4510,-1,4509,4510,4511,-1,4511,4510,4512,-1,4511,4512,4513,-1,4513,4512,4514,-1,4513,4514,4515,-1,4515,4514,4516,-1,4515,4516,4517,-1,4517,4516,4518,-1,4517,4518,4519,-1,4519,4518,4520,-1,4519,4520,4521,-1,4521,4520,4522,-1,4521,4522,4523,-1,4523,4522,4524,-1,4523,4524,4525,-1,4525,4524,4526,-1,4525,4526,4527,-1,4527,4526,2286,-1,4527,2286,2287,-1,2267,2266,4528,-1,2267,4528,4529,-1,4529,4528,4530,-1,4529,4530,4531,-1,4531,4530,4532,-1,4531,4532,4533,-1,4533,4532,4534,-1,4533,4534,4535,-1,4535,4534,4536,-1,4535,4536,4537,-1,4537,4536,4538,-1,4537,4538,4539,-1,4539,4538,4540,-1,4539,4540,4541,-1,4541,4540,4542,-1,4541,4542,4543,-1,4543,4542,4544,-1,4543,4544,4545,-1,4545,4544,4546,-1,4545,4546,4547,-1,4547,4546,4548,-1,4547,4548,4549,-1,4549,4548,2272,-1,4549,2272,2273,-1,2229,2228,4550,-1,2229,4550,4551,-1,4551,4550,4552,-1,4551,4552,4553,-1,4553,4552,4554,-1,4553,4554,4555,-1,4555,4554,4556,-1,4555,4556,4557,-1,4557,4556,4558,-1,4557,4558,4559,-1,4559,4558,4560,-1,4559,4560,4561,-1,4561,4560,4562,-1,4561,4562,4563,-1,4563,4562,4564,-1,4563,4564,4565,-1,4565,4564,4566,-1,4565,4566,4567,-1,4567,4566,4568,-1,4567,4568,4569,-1,4569,4568,4570,-1,4569,4570,4571,-1,4571,4570,2202,-1,4571,2202,2203,-1,2183,2182,4572,-1,2183,4572,4573,-1,4573,4572,4574,-1,4573,4574,4575,-1,4575,4574,4576,-1,4575,4576,4577,-1,4577,4576,4578,-1,4577,4578,4579,-1,4579,4578,4580,-1,4579,4580,4581,-1,4581,4580,4582,-1,4581,4582,4583,-1,4583,4582,4584,-1,4583,4584,4585,-1,4585,4584,4586,-1,4585,4586,4587,-1,4587,4586,4588,-1,4587,4588,4589,-1,4589,4588,4590,-1,4589,4590,4591,-1,4591,4590,4592,-1,4591,4592,4593,-1,4593,4592,2188,-1,4593,2188,2189,-1,2144,2143,4594,-1,2144,4594,4595,-1,4595,4594,4596,-1,4595,4596,4597,-1,4597,4596,4598,-1,4597,4598,4599,-1,4599,4598,4600,-1,4599,4600,4601,-1,4601,4600,4602,-1,4601,4602,4603,-1,4603,4602,4604,-1,4603,4604,4605,-1,4605,4604,4606,-1,4605,4606,4607,-1,4607,4606,4608,-1,4607,4608,4609,-1,4609,4608,4610,-1,4609,4610,4611,-1,4611,4610,4612,-1,4611,4612,4613,-1,4613,4612,4614,-1,4613,4614,4615,-1,4615,4614,2117,-1,4615,2117,2118,-1,2097,2096,4616,-1,2097,4616,4617,-1,4617,4616,4618,-1,4617,4618,4619,-1,4619,4618,4620,-1,4619,4620,4621,-1,4621,4620,4622,-1,4621,4622,4623,-1,4623,4622,4624,-1,4623,4624,4625,-1,4625,4624,4626,-1,4625,4626,4627,-1,4627,4626,4628,-1,4627,4628,4629,-1,4629,4628,4630,-1,4629,4630,4631,-1,4631,4630,4632,-1,4631,4632,4633,-1,4633,4632,4634,-1,4633,4634,4635,-1,4635,4634,4636,-1,4635,4636,4637,-1,4637,4636,2102,-1,4637,2102,2103,-1,2059,2058,4638,-1,2059,4638,4639,-1,4639,4638,4640,-1,4639,4640,4641,-1,4641,4640,4642,-1,4641,4642,4643,-1,4643,4642,4644,-1,4643,4644,4645,-1,4645,4644,4646,-1,4645,4646,4647,-1,4647,4646,4648,-1,4647,4648,4649,-1,4649,4648,4650,-1,4649,4650,4651,-1,4651,4650,4652,-1,4651,4652,4653,-1,4653,4652,4654,-1,4653,4654,4655,-1,4655,4654,4656,-1,4655,4656,4657,-1,4657,4656,4658,-1,4657,4658,4659,-1,4659,4658,2032,-1,4659,2032,2033,-1,2013,2012,4660,-1,2013,4660,4661,-1,4661,4660,4662,-1,4661,4662,4663,-1,4663,4662,4664,-1,4663,4664,4665,-1,4665,4664,4666,-1,4665,4666,4667,-1,4667,4666,4668,-1,4667,4668,4669,-1,4669,4668,4670,-1,4669,4670,4671,-1,4671,4670,4672,-1,4671,4672,4673,-1,4673,4672,4674,-1,4673,4674,4675,-1,4675,4674,4676,-1,4675,4676,4677,-1,4677,4676,4678,-1,4677,4678,4679,-1,4679,4678,4680,-1,4679,4680,4681,-1,4681,4680,2018,-1,4681,2018,2019,-1,1975,1974,4682,-1,1975,4682,4683,-1,4683,4682,4684,-1,4683,4684,4685,-1,4685,4684,4686,-1,4685,4686,4687,-1,4687,4686,4688,-1,4687,4688,4689,-1,4689,4688,4690,-1,4689,4690,4691,-1,4691,4690,4692,-1,4691,4692,4693,-1,4693,4692,4694,-1,4693,4694,4695,-1,4695,4694,4696,-1,4695,4696,4697,-1,4697,4696,4698,-1,4697,4698,4699,-1,4699,4698,4700,-1,4699,4700,4701,-1,4701,4700,4702,-1,4701,4702,4703,-1,4703,4702,1948,-1,4703,1948,1949,-1,1929,1928,4704,-1,1929,4704,4705,-1,4705,4704,4706,-1,4705,4706,4707,-1,4707,4706,4708,-1,4707,4708,4709,-1,4709,4708,4710,-1,4709,4710,4711,-1,4711,4710,4712,-1,4711,4712,4713,-1,4713,4712,4714,-1,4713,4714,4715,-1,4715,4714,4716,-1,4715,4716,4717,-1,4717,4716,4718,-1,4717,4718,4719,-1,4719,4718,4720,-1,4719,4720,4721,-1,4721,4720,4722,-1,4721,4722,4723,-1,4723,4722,4724,-1,4723,4724,4725,-1,4725,4724,1934,-1,4725,1934,1935,-1,1890,1889,4726,-1,1890,4726,4727,-1,4727,4726,4728,-1,4727,4728,4729,-1,4729,4728,4730,-1,4729,4730,4731,-1,4731,4730,4732,-1,4731,4732,4733,-1,4733,4732,4734,-1,4733,4734,4735,-1,4735,4734,4736,-1,4735,4736,4737,-1,4737,4736,4738,-1,4737,4738,4739,-1,4739,4738,4740,-1,4739,4740,4741,-1,4741,4740,4742,-1,4741,4742,4743,-1,4743,4742,4744,-1,4743,4744,4745,-1,4745,4744,4746,-1,4745,4746,4747,-1,4747,4746,1863,-1,4747,1863,1864,-1,1843,1842,4748,-1,1843,4748,4749,-1,4749,4748,4750,-1,4749,4750,4751,-1,4751,4750,4752,-1,4751,4752,4753,-1,4753,4752,4754,-1,4753,4754,4755,-1,4755,4754,4756,-1,4755,4756,4757,-1,4757,4756,4758,-1,4757,4758,4759,-1,4759,4758,4760,-1,4759,4760,4761,-1,4761,4760,4762,-1,4761,4762,4763,-1,4763,4762,4764,-1,4763,4764,4765,-1,4765,4764,4766,-1,4765,4766,4767,-1,4767,4766,4768,-1,4767,4768,4769,-1,4769,4768,1848,-1,4769,1848,1849,-1,1805,1804,4770,-1,1805,4770,4771,-1,4771,4770,4772,-1,4771,4772,4773,-1,4773,4772,4774,-1,4773,4774,4775,-1,4775,4774,4776,-1,4775,4776,4777,-1,4777,4776,4778,-1,4777,4778,4779,-1,4779,4778,4780,-1,4779,4780,4781,-1,4781,4780,4782,-1,4781,4782,4783,-1,4783,4782,4784,-1,4783,4784,4785,-1,4785,4784,4786,-1,4785,4786,4787,-1,4787,4786,4788,-1,4787,4788,4789,-1,4789,4788,4790,-1,4789,4790,4791,-1,4791,4790,1778,-1,4791,1778,1779,-1,1759,1758,4792,-1,1759,4792,4793,-1,4793,4792,4794,-1,4793,4794,4795,-1,4795,4794,4796,-1,4795,4796,4797,-1,4797,4796,4798,-1,4797,4798,4799,-1,4799,4798,4800,-1,4799,4800,4801,-1,4801,4800,4802,-1,4801,4802,4803,-1,4803,4802,4804,-1,4803,4804,4805,-1,4805,4804,4806,-1,4805,4806,4807,-1,4807,4806,4808,-1,4807,4808,4809,-1,4809,4808,4810,-1,4809,4810,4811,-1,4811,4810,4812,-1,4811,4812,4813,-1,4813,4812,1764,-1,4813,1764,1765,-1,1721,1720,4814,-1,1721,4814,4815,-1,4815,4814,4816,-1,4815,4816,4817,-1,4817,4816,4818,-1,4817,4818,4819,-1,4819,4818,4820,-1,4819,4820,4821,-1,4821,4820,4822,-1,4821,4822,4823,-1,4823,4822,4824,-1,4823,4824,4825,-1,4825,4824,4826,-1,4825,4826,4827,-1,4827,4826,4828,-1,4827,4828,4829,-1,4829,4828,4830,-1,4829,4830,4831,-1,4831,4830,4832,-1,4831,4832,4833,-1,4833,4832,4834,-1,4833,4834,4835,-1,4835,4834,1694,-1,4835,1694,1695,-1,1675,1674,4836,-1,1675,4836,4837,-1,4837,4836,4838,-1,4837,4838,4839,-1,4839,4838,4840,-1,4839,4840,4841,-1,4841,4840,4842,-1,4841,4842,4843,-1,4843,4842,4844,-1,4843,4844,4845,-1,4845,4844,4846,-1,4845,4846,4847,-1,4847,4846,4848,-1,4847,4848,4849,-1,4849,4848,4850,-1,4849,4850,4851,-1,4851,4850,4852,-1,4851,4852,4853,-1,4853,4852,4854,-1,4853,4854,4855,-1,4855,4854,4856,-1,4855,4856,4857,-1,4857,4856,1680,-1,4857,1680,1681,-1,1636,1635,4858,-1,1636,4858,4859,-1,4859,4858,4860,-1,4859,4860,4861,-1,4861,4860,4862,-1,4861,4862,4863,-1,4863,4862,4864,-1,4863,4864,4865,-1,4865,4864,4866,-1,4865,4866,4867,-1,4867,4866,4868,-1,4867,4868,4869,-1,4869,4868,4870,-1,4869,4870,4871,-1,4871,4870,4872,-1,4871,4872,4873,-1,4873,4872,4874,-1,4873,4874,4875,-1,4875,4874,4876,-1,4875,4876,4877,-1,4877,4876,4878,-1,4877,4878,4879,-1,4879,4878,1609,-1,4879,1609,1610,-1,1589,1588,4880,-1,1589,4880,4881,-1,4881,4880,4882,-1,4881,4882,4883,-1,4883,4882,4884,-1,4883,4884,4885,-1,4885,4884,4886,-1,4885,4886,4887,-1,4887,4886,4888,-1,4887,4888,4889,-1,4889,4888,4890,-1,4889,4890,4891,-1,4891,4890,4892,-1,4891,4892,4893,-1,4893,4892,4894,-1,4893,4894,4895,-1,4895,4894,4896,-1,4895,4896,4897,-1,4897,4896,4898,-1,4897,4898,4899,-1,4899,4898,4900,-1,4899,4900,4901,-1,4901,4900,1594,-1,4901,1594,1595,-1,1551,1550,4902,-1,1551,4902,4903,-1,4903,4902,4904,-1,4903,4904,4905,-1,4905,4904,4906,-1,4905,4906,4907,-1,4907,4906,4908,-1,4907,4908,4909,-1,4909,4908,4910,-1,4909,4910,4911,-1,4911,4910,4912,-1,4911,4912,4913,-1,4913,4912,4914,-1,4913,4914,4915,-1,4915,4914,4916,-1,4915,4916,4917,-1,4917,4916,4918,-1,4917,4918,4919,-1,4919,4918,4920,-1,4919,4920,4921,-1,4921,4920,4922,-1,4921,4922,4923,-1,4923,4922,1524,-1,4923,1524,1525,-1,1505,1504,4924,-1,1505,4924,4925,-1,4925,4924,4926,-1,4925,4926,4927,-1,4927,4926,4928,-1,4927,4928,4929,-1,4929,4928,4930,-1,4929,4930,4931,-1,4931,4930,4932,-1,4931,4932,4933,-1,4933,4932,4934,-1,4933,4934,4935,-1,4935,4934,4936,-1,4935,4936,4937,-1,4937,4936,4938,-1,4937,4938,4939,-1,4939,4938,4940,-1,4939,4940,4941,-1,4941,4940,4942,-1,4941,4942,4943,-1,4943,4942,4944,-1,4943,4944,4945,-1,4945,4944,1510,-1,4945,1510,1511,-1,1467,1466,4946,-1,1467,4946,4947,-1,4947,4946,4948,-1,4947,4948,4949,-1,4949,4948,4950,-1,4949,4950,4951,-1,4951,4950,4952,-1,4951,4952,4953,-1,4953,4952,4954,-1,4953,4954,4955,-1,4955,4954,4956,-1,4955,4956,4957,-1,4957,4956,4958,-1,4957,4958,4959,-1,4959,4958,4960,-1,4959,4960,4961,-1,4961,4960,4962,-1,4961,4962,4963,-1,4963,4962,4964,-1,4963,4964,4965,-1,4965,4964,4966,-1,4965,4966,4967,-1,4967,4966,1440,-1,4967,1440,1441,-1,1421,1420,4968,-1,1421,4968,4969,-1,4969,4968,4970,-1,4969,4970,4971,-1,4971,4970,4972,-1,4971,4972,4973,-1,4973,4972,4974,-1,4973,4974,4975,-1,4975,4974,4976,-1,4975,4976,4977,-1,4977,4976,4978,-1,4977,4978,4979,-1,4979,4978,4980,-1,4979,4980,4981,-1,4981,4980,4982,-1,4981,4982,4983,-1,4983,4982,4984,-1,4983,4984,4985,-1,4985,4984,4986,-1,4985,4986,4987,-1,4987,4986,4988,-1,4987,4988,4989,-1,4989,4988,1426,-1,4989,1426,1427,-1,1383,1382,4990,-1,1383,4990,4991,-1,4991,4990,4992,-1,4991,4992,4993,-1,4993,4992,4994,-1,4993,4994,4995,-1,4995,4994,4996,-1,4995,4996,4997,-1,4997,4996,4998,-1,4997,4998,4999,-1,4999,4998,5000,-1,4999,5000,5001,-1,5001,5000,5002,-1,5001,5002,5003,-1,5003,5002,5004,-1,5003,5004,5005,-1,5005,5004,5006,-1,5005,5006,5007,-1,5007,5006,5008,-1,5007,5008,5009,-1,5009,5008,5010,-1,5009,5010,5011,-1,5011,5010,1356,-1,5011,1356,1357,-1,1337,1336,5012,-1,1337,5012,5013,-1,5013,5012,5014,-1,5013,5014,5015,-1,5015,5014,5016,-1,5015,5016,5017,-1,5017,5016,5018,-1,5017,5018,5019,-1,5019,5018,5020,-1,5019,5020,5021,-1,5021,5020,5022,-1,5021,5022,5023,-1,5023,5022,5024,-1,5023,5024,5025,-1,5025,5024,5026,-1,5025,5026,5027,-1,5027,5026,5028,-1,5027,5028,5029,-1,5029,5028,5030,-1,5029,5030,5031,-1,5031,5030,5032,-1,5031,5032,5033,-1,5033,5032,1342,-1,5033,1342,1343,-1,1299,1298,5034,-1,1299,5034,5035,-1,5035,5034,5036,-1,5035,5036,5037,-1,5037,5036,5038,-1,5037,5038,5039,-1,5039,5038,5040,-1,5039,5040,5041,-1,5041,5040,5042,-1,5041,5042,5043,-1,5043,5042,5044,-1,5043,5044,5045,-1,5045,5044,5046,-1,5045,5046,5047,-1,5047,5046,5048,-1,5047,5048,5049,-1,5049,5048,5050,-1,5049,5050,5051,-1,5051,5050,5052,-1,5051,5052,5053,-1,5053,5052,5054,-1,5053,5054,5055,-1,5055,5054,1272,-1,5055,1272,1273,-1,1253,1252,5056,-1,1253,5056,5057,-1,5057,5056,5058,-1,5057,5058,5059,-1,5059,5058,5060,-1,5059,5060,5061,-1,5061,5060,5062,-1,5061,5062,5063,-1,5063,5062,5064,-1,5063,5064,5065,-1,5065,5064,5066,-1,5065,5066,5067,-1,5067,5066,5068,-1,5067,5068,5069,-1,5069,5068,5070,-1,5069,5070,5071,-1,5071,5070,5072,-1,5071,5072,5073,-1,5073,5072,5074,-1,5073,5074,5075,-1,5075,5074,5076,-1,5075,5076,5077,-1,5077,5076,1258,-1,5077,1258,1259,-1,1215,1214,5078,-1,1215,5078,5079,-1,5079,5078,5080,-1,5079,5080,5081,-1,5081,5080,5082,-1,5081,5082,5083,-1,5083,5082,5084,-1,5083,5084,5085,-1,5085,5084,5086,-1,5085,5086,5087,-1,5087,5086,5088,-1,5087,5088,5089,-1,5089,5088,5090,-1,5089,5090,5091,-1,5091,5090,5092,-1,5091,5092,5093,-1,5093,5092,5094,-1,5093,5094,5095,-1,5095,5094,5096,-1,5095,5096,5097,-1,5097,5096,5098,-1,5097,5098,5099,-1,5099,5098,1188,-1,5099,1188,1189,-1,1169,1168,5100,-1,1169,5100,5101,-1,5101,5100,5102,-1,5101,5102,5103,-1,5103,5102,5104,-1,5103,5104,5105,-1,5105,5104,5106,-1,5105,5106,5107,-1,5107,5106,5108,-1,5107,5108,5109,-1,5109,5108,5110,-1,5109,5110,5111,-1,5111,5110,5112,-1,5111,5112,5113,-1,5113,5112,5114,-1,5113,5114,5115,-1,5115,5114,5116,-1,5115,5116,5117,-1,5117,5116,5118,-1,5117,5118,5119,-1,5119,5118,5120,-1,5119,5120,5121,-1,5121,5120,1174,-1,5121,1174,1175,-1,1131,1130,5122,-1,1131,5122,5123,-1,5123,5122,5124,-1,5123,5124,5125,-1,5125,5124,5126,-1,5125,5126,5127,-1,5127,5126,5128,-1,5127,5128,5129,-1,5129,5128,5130,-1,5129,5130,5131,-1,5131,5130,5132,-1,5131,5132,5133,-1,5133,5132,5134,-1,5133,5134,5135,-1,5135,5134,5136,-1,5135,5136,5137,-1,5137,5136,5138,-1,5137,5138,5139,-1,5139,5138,5140,-1,5139,5140,5141,-1,5141,5140,5142,-1,5141,5142,5143,-1,5143,5142,1104,-1,5143,1104,1105,-1,1085,1084,5144,-1,1085,5144,5145,-1,5145,5144,5146,-1,5145,5146,5147,-1,5147,5146,5148,-1,5147,5148,5149,-1,5149,5148,5150,-1,5149,5150,5151,-1,5151,5150,5152,-1,5151,5152,5153,-1,5153,5152,5154,-1,5153,5154,5155,-1,5155,5154,5156,-1,5155,5156,5157,-1,5157,5156,5158,-1,5157,5158,5159,-1,5159,5158,5160,-1,5159,5160,5161,-1,5161,5160,5162,-1,5161,5162,5163,-1,5163,5162,5164,-1,5163,5164,5165,-1,5165,5164,1090,-1,5165,1090,1091,-1,1047,1046,5166,-1,1047,5166,5167,-1,5167,5166,5168,-1,5167,5168,5169,-1,5169,5168,5170,-1,5169,5170,5171,-1,5171,5170,5172,-1,5171,5172,5173,-1,5173,5172,5174,-1,5173,5174,5175,-1,5175,5174,5176,-1,5175,5176,5177,-1,5177,5176,5178,-1,5177,5178,5179,-1,5179,5178,5180,-1,5179,5180,5181,-1,5181,5180,5182,-1,5181,5182,5183,-1,5183,5182,5184,-1,5183,5184,5185,-1,5185,5184,5186,-1,5185,5186,5187,-1,5187,5186,1020,-1,5187,1020,1021,-1,1001,1000,5188,-1,1001,5188,5189,-1,5189,5188,5190,-1,5189,5190,5191,-1,5191,5190,5192,-1,5191,5192,5193,-1,5193,5192,5194,-1,5193,5194,5195,-1,5195,5194,5196,-1,5195,5196,5197,-1,5197,5196,5198,-1,5197,5198,5199,-1,5199,5198,5200,-1,5199,5200,5201,-1,5201,5200,5202,-1,5201,5202,5203,-1,5203,5202,5204,-1,5203,5204,5205,-1,5205,5204,5206,-1,5205,5206,5207,-1,5207,5206,5208,-1,5207,5208,5209,-1,5209,5208,1006,-1,5209,1006,1007,-1,963,962,5210,-1,963,5210,5211,-1,5211,5210,5212,-1,5211,5212,5213,-1,5213,5212,5214,-1,5213,5214,5215,-1,5215,5214,5216,-1,5215,5216,5217,-1,5217,5216,5218,-1,5217,5218,5219,-1,5219,5218,5220,-1,5219,5220,5221,-1,5221,5220,5222,-1,5221,5222,5223,-1,5223,5222,5224,-1,5223,5224,5225,-1,5225,5224,5226,-1,5225,5226,5227,-1,5227,5226,5228,-1,5227,5228,5229,-1,5229,5228,5230,-1,5229,5230,5231,-1,5231,5230,936,-1,5231,936,937,-1,917,916,5232,-1,917,5232,5233,-1,5233,5232,5234,-1,5233,5234,5235,-1,5235,5234,5236,-1,5235,5236,5237,-1,5237,5236,5238,-1,5237,5238,5239,-1,5239,5238,5240,-1,5239,5240,5241,-1,5241,5240,5242,-1,5241,5242,5243,-1,5243,5242,5244,-1,5243,5244,5245,-1,5245,5244,5246,-1,5245,5246,5247,-1,5247,5246,5248,-1,5247,5248,5249,-1,5249,5248,5250,-1,5249,5250,5251,-1,5251,5250,5252,-1,5251,5252,5253,-1,5253,5252,922,-1,5253,922,923,-1,879,878,5254,-1,879,5254,5255,-1,5255,5254,5256,-1,5255,5256,5257,-1,5257,5256,5258,-1,5257,5258,5259,-1,5259,5258,5260,-1,5259,5260,5261,-1,5261,5260,5262,-1,5261,5262,5263,-1,5263,5262,5264,-1,5263,5264,5265,-1,5265,5264,5266,-1,5265,5266,5267,-1,5267,5266,5268,-1,5267,5268,5269,-1,5269,5268,5270,-1,5269,5270,5271,-1,5271,5270,5272,-1,5271,5272,5273,-1,5273,5272,5274,-1,5273,5274,5275,-1,5275,5274,852,-1,5275,852,853,-1,833,832,5276,-1,833,5276,5277,-1,5277,5276,5278,-1,5277,5278,5279,-1,5279,5278,5280,-1,5279,5280,5281,-1,5281,5280,5282,-1,5281,5282,5283,-1,5283,5282,5284,-1,5283,5284,5285,-1,5285,5284,5286,-1,5285,5286,5287,-1,5287,5286,5288,-1,5287,5288,5289,-1,5289,5288,5290,-1,5289,5290,5291,-1,5291,5290,5292,-1,5291,5292,5293,-1,5293,5292,5294,-1,5293,5294,5295,-1,5295,5294,5296,-1,5295,5296,5297,-1,5297,5296,838,-1,5297,838,839,-1,795,794,5298,-1,795,5298,5299,-1,5299,5298,5300,-1,5299,5300,5301,-1,5301,5300,5302,-1,5301,5302,5303,-1,5303,5302,5304,-1,5303,5304,5305,-1,5305,5304,5306,-1,5305,5306,5307,-1,5307,5306,5308,-1,5307,5308,5309,-1,5309,5308,5310,-1,5309,5310,5311,-1,5311,5310,5312,-1,5311,5312,5313,-1,5313,5312,5314,-1,5313,5314,5315,-1,5315,5314,5316,-1,5315,5316,5317,-1,5317,5316,5318,-1,5317,5318,5319,-1,5319,5318,768,-1,5319,768,769,-1,749,748,5320,-1,749,5320,5321,-1,5321,5320,5322,-1,5321,5322,5323,-1,5323,5322,5324,-1,5323,5324,5325,-1,5325,5324,5326,-1,5325,5326,5327,-1,5327,5326,5328,-1,5327,5328,5329,-1,5329,5328,5330,-1,5329,5330,5331,-1,5331,5330,5332,-1,5331,5332,5333,-1,5333,5332,5334,-1,5333,5334,5335,-1,5335,5334,5336,-1,5335,5336,5337,-1,5337,5336,5338,-1,5337,5338,5339,-1,5339,5338,5340,-1,5339,5340,5341,-1,5341,5340,754,-1,5341,754,755,-1,711,710,5342,-1,711,5342,5343,-1,5343,5342,5344,-1,5343,5344,5345,-1,5345,5344,5346,-1,5345,5346,5347,-1,5347,5346,5348,-1,5347,5348,5349,-1,5349,5348,5350,-1,5349,5350,5351,-1,5351,5350,5352,-1,5351,5352,5353,-1,5353,5352,5354,-1,5353,5354,5355,-1,5355,5354,5356,-1,5355,5356,5357,-1,5357,5356,5358,-1,5357,5358,5359,-1,5359,5358,5360,-1,5359,5360,5361,-1,5361,5360,5362,-1,5361,5362,5363,-1,5363,5362,684,-1,5363,684,685,-1,665,664,5364,-1,665,5364,5365,-1,5365,5364,5366,-1,5365,5366,5367,-1,5367,5366,5368,-1,5367,5368,5369,-1,5369,5368,5370,-1,5369,5370,5371,-1,5371,5370,5372,-1,5371,5372,5373,-1,5373,5372,5374,-1,5373,5374,5375,-1,5375,5374,5376,-1,5375,5376,5377,-1,5377,5376,5378,-1,5377,5378,5379,-1,5379,5378,5380,-1,5379,5380,5381,-1,5381,5380,5382,-1,5381,5382,5383,-1,5383,5382,5384,-1,5383,5384,5385,-1,5385,5384,670,-1,5385,670,671,-1,627,626,5386,-1,627,5386,5387,-1,5387,5386,5388,-1,5387,5388,5389,-1,5389,5388,5390,-1,5389,5390,5391,-1,5391,5390,5392,-1,5391,5392,5393,-1,5393,5392,5394,-1,5393,5394,5395,-1,5395,5394,5396,-1,5395,5396,5397,-1,5397,5396,5398,-1,5397,5398,5399,-1,5399,5398,5400,-1,5399,5400,5401,-1,5401,5400,5402,-1,5401,5402,5403,-1,5403,5402,5404,-1,5403,5404,5405,-1,5405,5404,5406,-1,5405,5406,5407,-1,5407,5406,600,-1,5407,600,601,-1,581,580,5408,-1,581,5408,5409,-1,5409,5408,5410,-1,5409,5410,5411,-1,5411,5410,5412,-1,5411,5412,5413,-1,5413,5412,5414,-1,5413,5414,5415,-1,5415,5414,5416,-1,5415,5416,5417,-1,5417,5416,5418,-1,5417,5418,5419,-1,5419,5418,5420,-1,5419,5420,5421,-1,5421,5420,5422,-1,5421,5422,5423,-1,5423,5422,5424,-1,5423,5424,5425,-1,5425,5424,5426,-1,5425,5426,5427,-1,5427,5426,5428,-1,5427,5428,5429,-1,5429,5428,586,-1,5429,586,587,-1,543,542,5430,-1,543,5430,5431,-1,5431,5430,5432,-1,5431,5432,5433,-1,5433,5432,5434,-1,5433,5434,5435,-1,5435,5434,5436,-1,5435,5436,5437,-1,5437,5436,5438,-1,5437,5438,5439,-1,5439,5438,5440,-1,5439,5440,5441,-1,5441,5440,5442,-1,5441,5442,5443,-1,5443,5442,5444,-1,5443,5444,5445,-1,5445,5444,5446,-1,5445,5446,5447,-1,5447,5446,5448,-1,5447,5448,5449,-1,5449,5448,5450,-1,5449,5450,5451,-1,5451,5450,516,-1,5451,516,517,-1,497,496,5452,-1,497,5452,5453,-1,5453,5452,5454,-1,5453,5454,5455,-1,5455,5454,5456,-1,5455,5456,5457,-1,5457,5456,5458,-1,5457,5458,5459,-1,5459,5458,5460,-1,5459,5460,5461,-1,5461,5460,5462,-1,5461,5462,5463,-1,5463,5462,5464,-1,5463,5464,5465,-1,5465,5464,5466,-1,5465,5466,5467,-1,5467,5466,5468,-1,5467,5468,5469,-1,5469,5468,5470,-1,5469,5470,5471,-1,5471,5470,5472,-1,5471,5472,5473,-1,5473,5472,502,-1,5473,502,503,-1,459,458,5474,-1,459,5474,5475,-1,5475,5474,5476,-1,5475,5476,5477,-1,5477,5476,5478,-1,5477,5478,5479,-1,5479,5478,5480,-1,5479,5480,5481,-1,5481,5480,5482,-1,5481,5482,5483,-1,5483,5482,5484,-1,5483,5484,5485,-1,5485,5484,5486,-1,5485,5486,5487,-1,5487,5486,5488,-1,5487,5488,5489,-1,5489,5488,5490,-1,5489,5490,5491,-1,5491,5490,5492,-1,5491,5492,5493,-1,5493,5492,5494,-1,5493,5494,5495,-1,5495,5494,432,-1,5495,432,433,-1,413,412,5496,-1,413,5496,5497,-1,5497,5496,5498,-1,5497,5498,5499,-1,5499,5498,5500,-1,5499,5500,5501,-1,5501,5500,5502,-1,5501,5502,5503,-1,5503,5502,5504,-1,5503,5504,5505,-1,5505,5504,5506,-1,5505,5506,5507,-1,5507,5506,5508,-1,5507,5508,5509,-1,5509,5508,5510,-1,5509,5510,5511,-1,5511,5510,5512,-1,5511,5512,5513,-1,5513,5512,5514,-1,5513,5514,5515,-1,5515,5514,5516,-1,5515,5516,5517,-1,5517,5516,418,-1,5517,418,419,-1,375,374,5518,-1,375,5518,5519,-1,5519,5518,5520,-1,5519,5520,5521,-1,5521,5520,5522,-1,5521,5522,5523,-1,5523,5522,5524,-1,5523,5524,5525,-1,5525,5524,5526,-1,5525,5526,5527,-1,5527,5526,5528,-1,5527,5528,5529,-1,5529,5528,5530,-1,5529,5530,5531,-1,5531,5530,5532,-1,5531,5532,5533,-1,5533,5532,5534,-1,5533,5534,5535,-1,5535,5534,5536,-1,5535,5536,5537,-1,5537,5536,5538,-1,5537,5538,5539,-1,5539,5538,348,-1,5539,348,349,-1,329,328,5540,-1,329,5540,5541,-1,5541,5540,5542,-1,5541,5542,5543,-1,5543,5542,5544,-1,5543,5544,5545,-1,5545,5544,5546,-1,5545,5546,5547,-1,5547,5546,5548,-1,5547,5548,5549,-1,5549,5548,5550,-1,5549,5550,5551,-1,5551,5550,5552,-1,5551,5552,5553,-1,5553,5552,5554,-1,5553,5554,5555,-1,5555,5554,5556,-1,5555,5556,5557,-1,5557,5556,5558,-1,5557,5558,5559,-1,5559,5558,5560,-1,5559,5560,5561,-1,5561,5560,334,-1,5561,334,335,-1,291,290,5562,-1,291,5562,5563,-1,5563,5562,5564,-1,5563,5564,5565,-1,5565,5564,5566,-1,5565,5566,5567,-1,5567,5566,5568,-1,5567,5568,5569,-1,5569,5568,5570,-1,5569,5570,5571,-1,5571,5570,5572,-1,5571,5572,5573,-1,5573,5572,5574,-1,5573,5574,5575,-1,5575,5574,5576,-1,5575,5576,5577,-1,5577,5576,5578,-1,5577,5578,5579,-1,5579,5578,5580,-1,5579,5580,5581,-1,5581,5580,5582,-1,5581,5582,5583,-1,5583,5582,264,-1,5583,264,265,-1,245,244,5584,-1,245,5584,5585,-1,5585,5584,5586,-1,5585,5586,5587,-1,5587,5586,5588,-1,5587,5588,5589,-1,5589,5588,5590,-1,5589,5590,5591,-1,5591,5590,5592,-1,5591,5592,5593,-1,5593,5592,5594,-1,5593,5594,5595,-1,5595,5594,5596,-1,5595,5596,5597,-1,5597,5596,5598,-1,5597,5598,5599,-1,5599,5598,5600,-1,5599,5600,5601,-1,5601,5600,5602,-1,5601,5602,5603,-1,5603,5602,5604,-1,5603,5604,5605,-1,5605,5604,250,-1,5605,250,251,-1,207,206,5606,-1,207,5606,5607,-1,5607,5606,5608,-1,5607,5608,5609,-1,5609,5608,5610,-1,5609,5610,5611,-1,5611,5610,5612,-1,5611,5612,5613,-1,5613,5612,5614,-1,5613,5614,5615,-1,5615,5614,5616,-1,5615,5616,5617,-1,5617,5616,5618,-1,5617,5618,5619,-1,5619,5618,5620,-1,5619,5620,5621,-1,5621,5620,5622,-1,5621,5622,5623,-1,5623,5622,5624,-1,5623,5624,5625,-1,5625,5624,5626,-1,5625,5626,5627,-1,5627,5626,180,-1,5627,180,181,-1,161,160,5628,-1,161,5628,5629,-1,5629,5628,5630,-1,5629,5630,5631,-1,5631,5630,5632,-1,5631,5632,5633,-1,5633,5632,5634,-1,5633,5634,5635,-1,5635,5634,5636,-1,5635,5636,5637,-1,5637,5636,5638,-1,5637,5638,5639,-1,5639,5638,5640,-1,5639,5640,5641,-1,5641,5640,5642,-1,5641,5642,5643,-1,5643,5642,5644,-1,5643,5644,5645,-1,5645,5644,5646,-1,5645,5646,5647,-1,5647,5646,5648,-1,5647,5648,5649,-1,5649,5648,166,-1,5649,166,167,-1,119,118,5650,-1,119,5650,5651,-1,5651,5650,5652,-1,5651,5652,5653,-1,5653,5652,5654,-1,5653,5654,5655,-1,5655,5654,5656,-1,5655,5656,5657,-1,5657,5656,5658,-1,5657,5658,5659,-1,5659,5658,5660,-1,5659,5660,5661,-1,5661,5660,5662,-1,5661,5662,5663,-1,5663,5662,5664,-1,5663,5664,5665,-1,5665,5664,5666,-1,5665,5666,5667,-1,5667,5666,5668,-1,5667,5668,5669,-1,5669,5668,5670,-1,5669,5670,5671,-1,5671,5670,124,-1,5671,124,125,-1,81,80,5672,-1,81,5672,5673,-1,5673,5672,5674,-1,5673,5674,5675,-1,5675,5674,5676,-1,5675,5676,5677,-1,5677,5676,5678,-1,5677,5678,5679,-1,5679,5678,5680,-1,5679,5680,5681,-1,5681,5680,5682,-1,5681,5682,5683,-1,5683,5682,5684,-1,5683,5684,5685,-1,5685,5684,5686,-1,5685,5686,5687,-1,5687,5686,5688,-1,5687,5688,5689,-1,5689,5688,5690,-1,5689,5690,5691,-1,5691,5690,5692,-1,5691,5692,5693,-1,5693,5692,54,-1,5693,54,55,-1,39,38,5694,-1,39,5694,5695,-1,5695,5694,5696,-1,5695,5696,5697,-1,5697,5696,5698,-1,5697,5698,5699,-1,5699,5698,5700,-1,5699,5700,5701,-1,5701,5700,5702,-1,5701,5702,5703,-1,5703,5702,5704,-1,5703,5704,5705,-1,5705,5704,5706,-1,5705,5706,5707,-1,5707,5706,5708,-1,5707,5708,5709,-1,5709,5708,5710,-1,5709,5710,5711,-1,5711,5710,5712,-1,5711,5712,5713,-1,5713,5712,5714,-1,5713,5714,5715,-1,5715,5714,12,-1,5715,12,13,-1,
        ]
    }
}
Shape{
    appearance Appearance {
        material  Material 	{
            diffuseColor 0.8509803921568627 0.8509803921568627 0.8509803921568627
            specularColor 0.4235294117647059 0.4235294117647059 0.4235294117647059
            ambientIntensity 0.851
            transparency 0.0
            shininess 0.5
        }
    }
    geometry IndexedFaceSet {
        ccw TRUE
        solid FALSE
        coord DEF co Coordinate {
            point [
                -5.7087 5.0 0.3189, -5.7087 -5.0 0.3189, -5.7087 5.0 0.8307, -5.7087 -5.0 0.8307, 5.5906 -5.1181 0.8307, -5.5906 -5.1181 0.8307, 5.5906 -5.1181 0.3189, -5.5906 -5.1181 0.3189, 5.7087 -5.0 0.3189, 5.7087 5.0 0.3189, 5.7087 -5.0 0.8307, 5.7087 5.0 0.8307, 5.5906 5.1181 0.3189, -5.5906 5.1181 0.3189, 5.5906 5.1181 0.8307, -5.5906 5.1181 0.8307, 5.6211 -5.1141 0.3189, 5.6211 -5.1141 0.8307, 5.6496 -5.1023 0.3189, 5.6496 -5.1023 0.8307, 5.6741 -5.0835 0.3189, 5.6741 -5.0835 0.8307, 5.6928 -5.0591 0.3189, 5.6928 -5.0591 0.8307, 5.7046 -5.0306 0.3189, 5.7046 -5.0306 0.8307, -5.5906 -5.1151 0.857, -5.5906 -5.1137 0.8611, 5.5906 -5.1141 0.8613, -5.5906 -5.1064 0.882, -5.5906 -5.1017 0.8894, 5.5906 -5.1023 0.8898, -5.5906 -5.0923 0.9043, -5.5906 -5.083 0.9137, 5.5906 -5.0835 0.9142, -5.5906 -5.0736 0.9231, 5.5906 -5.0591 0.933, -5.5906 -5.0587 0.9324, -5.5906 -5.0512 0.9371, 5.5906 -5.0306 0.9448, -5.5906 -5.0304 0.9444, -5.5906 -5.0263 0.9459, 5.5906 -5.0 0.9488, -5.5906 -5.0 0.9488, -5.7057 -5.0263 0.8307, -5.7046 -5.0306 0.3189, -5.7042 -5.0304 0.8307, -5.697 -5.0512 0.8307, -5.6928 -5.0591 0.3189, -5.6923 -5.0587 0.8307, -5.6829 -5.0736 0.8307, -5.6741 -5.0835 0.3189, -5.6735 -5.083 0.8307, -5.6642 -5.0923 0.8307, -5.6496 -5.1023 0.3189, -5.6493 -5.1017 0.8307, -5.6418 -5.1064 0.8307, -5.6211 -5.1141 0.3189, -5.621 -5.1137 0.8307, -5.6168 -5.1151 0.8307, 5.6201 -5.0306 0.9409, 5.6201 -5.1023 0.8819, 5.6058 -5.1141 0.8572, 5.6122 -5.1141 0.8523, 5.6201 -5.1141 0.8386, 5.5985 -5.1141 0.8602, 5.6058 -5.1023 0.8878, 5.6122 -5.0835 0.9114, 5.6323 -5.1023 0.8725, 5.617 -5.1141 0.846, 5.6417 -5.1023 0.8602, 5.6476 -5.1023 0.846, 5.6323 -5.0835 0.903, 5.6496 -5.0835 0.8898, 5.6629 -5.0835 0.8725, 5.6712 -5.0835 0.8523, 5.617 -5.0591 0.9295, 5.6417 -5.0591 0.9193, 5.6629 -5.0591 0.903, 5.6791 -5.0591 0.8819, 5.6894 -5.0591 0.8572, 5.6476 -5.0306 0.9295, 5.6712 -5.0306 0.9114, 5.6894 -5.0306 0.8878, 5.7007 -5.0306 0.8602, 5.6211 -5.0 0.9448, 5.6496 -5.0 0.933, 5.6741 -5.0 0.9142, 5.6928 -5.0 0.8898, 5.7046 -5.0 0.8613, -5.6401 -5.1064 0.844, -5.6159 -5.1151 0.8375, -5.6133 -5.1151 0.8438, -5.5974 -5.1151 0.8561, -5.6037 -5.1151 0.8535, -5.6349 -5.1064 0.8563, -5.6091 -5.1151 0.8493, -5.6268 -5.1064 0.8669, -5.6162 -5.1064 0.8751, -5.6038 -5.1064 0.8802, -5.6617 -5.0923 0.8498, -5.6543 -5.0923 0.8675, -5.6426 -5.0923 0.8828, -5.6274 -5.0923 0.8945, -5.6096 -5.0923 0.9018, -5.6797 -5.0736 0.8546, -5.6705 -5.0736 0.8769, -5.6558 -5.0736 0.896, -5.6367 -5.0736 0.9107, -5.6145 -5.0736 0.9199, -5.6933 -5.0512 0.8583, -5.6827 -5.0512 0.8839, -5.6658 -5.0512 0.906, -5.6438 -5.0512 0.9229, -5.6181 -5.0512 0.9335, -5.7018 -5.0263 0.8605, -5.6903 -5.0263 0.8883, -5.672 -5.0263 0.9121, -5.6481 -5.0263 0.9304, -5.6204 -5.0263 0.9419, -5.7046 -5.0 0.8613, -5.6928 -5.0 0.8898, -5.6741 -5.0 0.9142, -5.6496 -5.0 0.933, -5.6211 -5.0 0.9448, 5.7046 5.0306 0.3189, 5.7046 5.0306 0.8307, 5.6928 5.0591 0.3189, 5.6928 5.0591 0.8307, 5.6741 5.0835 0.3189, 5.6741 5.0835 0.8307, 5.6496 5.1023 0.3189, 5.6496 5.1023 0.8307, 5.6211 5.1141 0.3189, 5.6211 5.1141 0.8307, 5.7046 5.0 0.8613, 5.6928 5.0 0.8898, 5.6741 5.0 0.9142, 5.6496 5.0 0.933, 5.6211 5.0 0.9448, 5.5906 5.0 0.9488, -5.7046 5.0 0.8613, -5.6928 5.0 0.8898, -5.6741 5.0 0.9142, -5.6496 5.0 0.933, -5.6211 5.0 0.9448, -5.5906 5.0 0.9488, -5.6168 5.1151 0.3189, -5.6168 5.1147 0.8307, -5.6211 5.1141 0.8307, -5.6418 5.1064 0.3189, -5.6415 5.1057 0.8307, -5.6496 5.1023 0.8307, -5.6642 5.0923 0.3189, -5.6636 5.0916 0.8307, -5.6741 5.0835 0.8307, -5.6829 5.0736 0.3189, -5.6821 5.073 0.8307, -5.6928 5.0591 0.8307, -5.697 5.0512 0.3189, -5.6962 5.0509 0.8307, -5.7046 5.0306 0.8307, -5.7057 5.0263 0.3189, -5.7052 5.0262 0.8307, 5.6211 5.0295 0.9409, 5.6928 5.0295 0.8819, 5.7046 5.0153 0.8572, 5.7046 5.0216 0.8523, 5.7046 5.0295 0.8386, 5.7046 5.0079 0.8602, 5.6928 5.0153 0.8878, 5.6741 5.0216 0.9114, 5.6928 5.0418 0.8725, 5.7046 5.0265 0.846, 5.6928 5.0511 0.8602, 5.6928 5.057 0.846, 5.6741 5.0418 0.903, 5.6741 5.0591 0.8898, 5.6741 5.0723 0.8725, 5.6741 5.0807 0.8523, 5.6496 5.0265 0.9295, 5.6496 5.0511 0.9193, 5.6496 5.0723 0.903, 5.6496 5.0886 0.8819, 5.6496 5.0988 0.8572, 5.6211 5.057 0.9295, 5.6211 5.0807 0.9114, 5.6211 5.0988 0.8878, 5.6211 5.1102 0.8602, 5.5906 5.0306 0.9448, 5.5906 5.0591 0.933, 5.5906 5.0835 0.9142, 5.5906 5.1023 0.8898, 5.5906 5.1141 0.8613, -5.6496 5.0988 0.8572, -5.6741 5.0807 0.8523, -5.6928 5.057 0.846, -5.7046 5.0295 0.8386, -5.7046 5.0265 0.846, -5.7046 5.0079 0.8602, -5.6928 5.0418 0.8725, -5.7046 5.0153 0.8572, -5.6928 5.0295 0.8819, -5.6928 5.0153 0.8878, -5.6928 5.0511 0.8602, -5.7046 5.0216 0.8523, -5.6741 5.0723 0.8725, -5.6741 5.0591 0.8898, -5.6741 5.0418 0.903, -5.6741 5.0216 0.9114, -5.6496 5.0886 0.8819, -5.6496 5.0723 0.903, -5.6496 5.0511 0.9193, -5.6496 5.0265 0.9295, -5.6211 5.1102 0.8602, -5.6211 5.0988 0.8878, -5.6211 5.0807 0.9114, -5.6211 5.057 0.9295, -5.6211 5.0295 0.9409, -5.5906 5.1141 0.8613, -5.5906 5.1023 0.8898, -5.5906 5.0835 0.9142, -5.5906 5.0591 0.933, -5.5906 5.0306 0.9448
            ]
        }
        coordIndex [
            0,1,2,-1,2,1,3,-1,4,5,6,-1,6,5,7,-1,8,9,10,-1,10,9,11,-1,12,13,14,-1,14,13,15,-1,4,6,16,-1,4,16,17,-1,17,16,18,-1,17,18,19,-1,19,18,20,-1,19,20,21,-1,21,20,22,-1,21,22,23,-1,23,22,24,-1,23,24,25,-1,25,24,8,-1,25,8,10,-1,26,5,4,-1,26,4,27,-1,27,4,28,-1,27,28,29,-1,29,28,30,-1,30,28,31,-1,30,31,32,-1,32,31,33,-1,33,31,34,-1,33,34,35,-1,35,34,36,-1,35,36,37,-1,37,36,38,-1,38,36,39,-1,38,39,40,-1,40,39,41,-1,41,39,42,-1,41,42,43,-1,3,1,44,-1,44,1,45,-1,44,45,46,-1,46,45,47,-1,47,45,48,-1,47,48,49,-1,49,48,50,-1,50,48,51,-1,50,51,52,-1,52,51,53,-1,53,51,54,-1,53,54,55,-1,55,54,56,-1,56,54,57,-1,56,57,58,-1,58,57,59,-1,59,57,7,-1,59,7,5,-1,42,39,60,-1,61,62,63,-1,4,17,64,-1,63,62,4,-1,65,4,62,-1,65,62,66,-1,66,62,61,-1,66,61,67,-1,28,4,65,-1,68,69,70,-1,70,69,64,-1,70,64,71,-1,71,64,17,-1,71,17,19,-1,28,65,31,-1,31,65,66,-1,31,66,34,-1,34,66,67,-1,34,67,36,-1,72,68,73,-1,73,68,70,-1,73,70,74,-1,74,70,71,-1,74,71,75,-1,75,71,19,-1,75,19,21,-1,76,72,77,-1,77,72,73,-1,77,73,78,-1,78,73,74,-1,78,74,79,-1,79,74,75,-1,79,75,80,-1,80,75,21,-1,80,21,23,-1,39,76,60,-1,60,76,77,-1,60,77,81,-1,81,77,78,-1,81,78,82,-1,82,78,79,-1,82,79,83,-1,83,79,80,-1,83,80,84,-1,84,80,23,-1,84,23,25,-1,42,60,85,-1,85,60,81,-1,85,81,86,-1,86,81,82,-1,86,82,87,-1,87,82,83,-1,87,83,88,-1,88,83,84,-1,88,84,89,-1,89,84,25,-1,89,25,10,-1,69,4,64,-1,39,36,76,-1,76,36,67,-1,76,67,72,-1,72,67,61,-1,72,61,68,-1,68,61,63,-1,68,63,69,-1,69,63,4,-1,90,91,92,-1,92,91,5,-1,59,5,91,-1,5,26,93,-1,93,26,27,-1,94,5,93,-1,95,96,97,-1,97,96,94,-1,97,94,98,-1,98,94,93,-1,98,93,99,-1,99,93,27,-1,53,55,90,-1,90,55,56,-1,90,56,91,-1,91,56,58,-1,91,58,59,-1,100,95,101,-1,101,95,97,-1,101,97,102,-1,102,97,98,-1,102,98,103,-1,103,98,99,-1,103,99,104,-1,49,50,105,-1,105,50,52,-1,27,29,99,-1,99,29,30,-1,99,30,104,-1,104,30,32,-1,104,32,33,-1,52,100,105,-1,105,100,101,-1,105,101,106,-1,106,101,102,-1,106,102,107,-1,107,102,103,-1,107,103,108,-1,108,103,104,-1,108,104,109,-1,109,104,33,-1,46,47,110,-1,110,47,49,-1,49,105,110,-1,110,105,106,-1,110,106,111,-1,111,106,107,-1,111,107,112,-1,112,107,108,-1,112,108,113,-1,113,108,109,-1,113,109,114,-1,96,5,94,-1,52,53,100,-1,100,53,90,-1,100,90,95,-1,95,90,92,-1,95,92,96,-1,96,92,5,-1,3,44,115,-1,115,44,46,-1,33,35,109,-1,109,35,37,-1,109,37,114,-1,114,37,38,-1,114,38,40,-1,46,110,115,-1,115,110,111,-1,115,111,116,-1,116,111,112,-1,116,112,117,-1,117,112,113,-1,117,113,118,-1,118,113,114,-1,118,114,119,-1,119,114,40,-1,119,40,41,-1,3,115,120,-1,120,115,116,-1,120,116,121,-1,121,116,117,-1,121,117,122,-1,122,117,118,-1,122,118,123,-1,123,118,119,-1,123,119,124,-1,124,119,41,-1,124,41,43,-1,11,9,125,-1,11,125,126,-1,126,125,127,-1,126,127,128,-1,128,127,129,-1,128,129,130,-1,130,129,131,-1,130,131,132,-1,132,131,133,-1,132,133,134,-1,134,133,12,-1,134,12,14,-1,10,11,135,-1,10,135,89,-1,89,135,136,-1,89,136,88,-1,88,136,137,-1,88,137,87,-1,87,137,138,-1,87,138,86,-1,86,138,139,-1,86,139,85,-1,85,139,140,-1,85,140,42,-1,2,3,120,-1,2,120,141,-1,141,120,121,-1,141,121,142,-1,142,121,122,-1,142,122,143,-1,143,122,123,-1,143,123,144,-1,144,123,124,-1,144,124,145,-1,145,124,43,-1,145,43,146,-1,13,147,15,-1,15,147,148,-1,148,147,149,-1,149,147,150,-1,149,150,151,-1,151,150,152,-1,152,150,153,-1,152,153,154,-1,154,153,155,-1,155,153,156,-1,155,156,157,-1,157,156,158,-1,158,156,159,-1,158,159,160,-1,160,159,161,-1,161,159,162,-1,161,162,163,-1,163,162,0,-1,163,0,2,-1,140,139,164,-1,165,166,167,-1,11,126,168,-1,167,166,11,-1,169,11,166,-1,169,166,170,-1,170,166,165,-1,170,165,171,-1,135,11,169,-1,172,173,174,-1,174,173,168,-1,174,168,175,-1,175,168,126,-1,175,126,128,-1,135,169,136,-1,136,169,170,-1,136,170,137,-1,137,170,171,-1,137,171,138,-1,176,172,177,-1,177,172,174,-1,177,174,178,-1,178,174,175,-1,178,175,179,-1,179,175,128,-1,179,128,130,-1,180,176,181,-1,181,176,177,-1,181,177,182,-1,182,177,178,-1,182,178,183,-1,183,178,179,-1,183,179,184,-1,184,179,130,-1,184,130,132,-1,139,180,164,-1,164,180,181,-1,164,181,185,-1,185,181,182,-1,185,182,186,-1,186,182,183,-1,186,183,187,-1,187,183,184,-1,187,184,188,-1,188,184,132,-1,188,132,134,-1,140,164,189,-1,189,164,185,-1,189,185,190,-1,190,185,186,-1,190,186,191,-1,191,186,187,-1,191,187,192,-1,192,187,188,-1,192,188,193,-1,193,188,134,-1,193,134,14,-1,173,11,168,-1,139,138,180,-1,180,138,171,-1,180,171,176,-1,176,171,165,-1,176,165,172,-1,172,165,167,-1,172,167,173,-1,173,167,11,-1,151,152,194,-1,154,155,195,-1,196,197,198,-1,2,141,199,-1,198,197,2,-1,163,2,197,-1,157,158,196,-1,196,158,160,-1,196,160,197,-1,197,160,161,-1,197,161,163,-1,200,201,202,-1,202,201,199,-1,202,199,203,-1,203,199,141,-1,203,141,142,-1,155,157,195,-1,195,157,196,-1,195,196,204,-1,204,196,198,-1,204,198,205,-1,205,198,2,-1,206,200,207,-1,207,200,202,-1,207,202,208,-1,208,202,203,-1,208,203,209,-1,209,203,142,-1,209,142,143,-1,194,206,210,-1,210,206,207,-1,210,207,211,-1,211,207,208,-1,211,208,212,-1,212,208,209,-1,212,209,213,-1,213,209,143,-1,213,143,144,-1,148,149,214,-1,214,149,151,-1,151,194,214,-1,214,194,210,-1,214,210,215,-1,215,210,211,-1,215,211,216,-1,216,211,212,-1,216,212,217,-1,217,212,213,-1,217,213,218,-1,218,213,144,-1,218,144,145,-1,219,15,148,-1,148,214,219,-1,219,214,215,-1,219,215,220,-1,220,215,216,-1,220,216,221,-1,221,216,217,-1,221,217,222,-1,222,217,218,-1,222,218,223,-1,223,218,145,-1,223,145,146,-1,201,2,199,-1,152,154,194,-1,194,154,195,-1,194,195,206,-1,206,195,204,-1,206,204,200,-1,200,204,205,-1,200,205,201,-1,201,205,2,-1,14,15,219,-1,14,219,193,-1,193,219,220,-1,193,220,192,-1,192,220,221,-1,192,221,191,-1,191,221,222,-1,191,222,190,-1,190,222,223,-1,190,223,189,-1,189,223,146,-1,189,146,140,-1,
        ]
    }
}
Shape{
    appearance Appearance {
        material  Material 	{
            diffuseColor 0.0 0.0 0.0
            specularColor 0.0 0.0 0.0
            ambientIntensity 0.0
            transparency 0.0
            shininess 0.5
        }
    }
    geometry IndexedFaceSet {
        ccw TRUE
        solid FALSE
        coord DEF co Coordinate {
            point [
                -4.362 4.0242 0.9094, -4.362 4.0242 0.9488, -4.3722 4.1014 0.9094, -4.3722 4.1014 0.9488, -4.402 4.1733 0.9094, -4.402 4.1733 0.9488, -4.4494 4.2351 0.9094, -4.4494 4.2351 0.9488, -4.5112 4.2825 0.9094, -4.5112 4.2825 0.9488, -4.5831 4.3123 0.9094, -4.5831 4.3123 0.9488, -4.6603 4.3225 0.9094, -4.6603 4.3225 0.9488, -4.7376 4.3123 0.9094, -4.7376 4.3123 0.9488, -4.8095 4.2825 0.9094, -4.8095 4.2825 0.9488, -4.8713 4.2351 0.9094, -4.8713 4.2351 0.9488, -4.9187 4.1733 0.9094, -4.9187 4.1733 0.9488, -4.9485 4.1014 0.9094, -4.9485 4.1014 0.9488, -4.9587 4.0242 0.9094, -4.9587 4.0242 0.9488, -4.9485 3.947 0.9094, -4.9485 3.947 0.9488, -4.9187 3.875 0.9094, -4.9187 3.875 0.9488, -4.8713 3.8132 0.9094, -4.8713 3.8132 0.9488, -4.8095 3.7658 0.9094, -4.8095 3.7658 0.9488, -4.7376 3.736 0.9094, -4.7376 3.736 0.9488, -4.6603 3.7259 0.9094, -4.6603 3.7259 0.9488, -4.5831 3.736 0.9094, -4.5831 3.736 0.9488, -4.5112 3.7658 0.9094, -4.5112 3.7658 0.9488, -4.4494 3.8132 0.9094, -4.4494 3.8132 0.9488, -4.402 3.875 0.9094, -4.402 3.875 0.9488, -4.3722 3.947 0.9094, -4.3722 3.947 0.9488, -4.6603 4.0242 0.9094, 4.0092 -4.0969 0.9492, 4.0092 -4.1152 0.9492, 4.0092 -4.0969 0.9488, 4.0092 -4.1152 0.9488, 3.9454 -4.0969 0.9492, 3.9454 -4.0969 0.9488, 3.9454 -3.9551 0.9492, 3.9454 -3.9551 0.9488, 3.9247 -3.9551 0.9492, 3.9247 -3.9551 0.9488, 3.9247 -4.1152 0.9492, 3.9247 -4.1152 0.9488, 4.1356 -4.1086 0.9488, 4.1356 -4.1086 0.9492, 4.1333 -4.1097 0.9492, 4.1163 -4.1154 0.9492, 4.0913 -4.1179 0.9492, 4.105 -4.1165 0.9488, 4.0913 -4.1179 0.9488, 4.1163 -4.1154 0.9488, 4.1288 -4.1112 0.9488, 4.1333 -4.1097 0.9488, 4.1356 -4.0888 0.9492, 4.1356 -4.0888 0.9488, 4.1288 -4.0918 0.9488, 4.1192 -4.096 0.9492, 4.1192 -4.096 0.9488, 4.101 -4.0993 0.9488, 4.101 -4.0993 0.9492, 4.0943 -4.0995 0.9488, 4.0943 -4.0995 0.9492, 4.0793 -4.0978 0.9488, 4.0793 -4.0978 0.9492, 4.0677 -4.0936 0.9488, 4.0677 -4.0936 0.9492, 4.0571 -4.0864 0.9488, 4.0571 -4.0864 0.9492, 4.0532 -4.0826 0.9488, 4.0532 -4.0826 0.9492, 4.045 -4.0711 0.9488, 4.045 -4.0711 0.9492, 4.04 -4.0581 0.9488, 4.04 -4.0581 0.9492, 4.0374 -4.0384 0.9488, 4.0374 -4.0384 0.9492, 4.0374 -4.0369 0.9488, 4.0374 -4.0369 0.9492, 4.0399 -4.0158 0.9488, 4.0399 -4.0158 0.9492, 4.0451 -4.0017 0.9488, 4.0451 -4.0017 0.9492, 4.0527 -3.9905 0.9488, 4.0527 -3.9905 0.9492, 4.0543 -3.9888 0.9488, 4.0543 -3.9888 0.9492, 4.0645 -3.9802 0.9488, 4.0645 -3.9802 0.9492, 4.077 -3.9742 0.9488, 4.077 -3.9742 0.9492, 4.0908 -3.9714 0.9488, 4.0908 -3.9714 0.9492, 4.0979 -3.971 0.9488, 4.0979 -3.971 0.9492, 4.1356 -3.9805 0.9488, 4.1356 -3.9805 0.9492, 4.1288 -3.9778 0.9488, 4.1179 -3.9734 0.9492, 4.1179 -3.9734 0.9488, 4.1356 -3.9589 0.9492, 4.1356 -3.9589 0.9488, 4.0977 -3.9524 0.9488, 4.0977 -3.9524 0.9492, 4.0992 -3.9524 0.9492, 4.1288 -3.9569 0.9488, 4.1199 -3.9542 0.9492, 4.1199 -3.9542 0.9488, 4.1141 -3.9537 0.9488, 4.0992 -3.9524 0.9488, 4.0761 -3.9548 0.9492, 4.0857 -3.9537 0.9488, 4.0761 -3.9548 0.9488, 4.0591 -3.961 0.9488, 4.0591 -3.961 0.9492, 4.0434 -3.9716 0.9488, 4.0434 -3.9716 0.9492, 4.0389 -3.9759 0.9488, 4.0389 -3.9759 0.9492, 4.0272 -3.9912 0.9488, 4.0272 -3.9912 0.9492, 4.0196 -4.0091 0.9488, 4.0196 -4.0091 0.9492, 4.016 -4.03 0.9488, 4.016 -4.03 0.9492, 4.0157 -4.0382 0.9488, 4.0157 -4.0382 0.9492, 4.0182 -4.0613 0.9488, 4.0182 -4.0613 0.9492, 4.0242 -4.0787 0.9488, 4.0242 -4.0787 0.9492, 4.0334 -4.0927 0.9488, 4.0334 -4.0927 0.9492, 4.0363 -4.096 0.9488, 4.0363 -4.096 0.9492, 4.0806 -4.1173 0.9492, 4.0484 -4.1063 0.9488, 4.0484 -4.1063 0.9492, 4.0634 -4.1136 0.9488, 4.0634 -4.1136 0.9492, 4.077 -4.1165 0.9488, 4.0806 -4.1173 0.9488, 4.2538 -4.0969 0.9492, 4.2538 -4.1152 0.9492, 4.2538 -4.0969 0.9488, 4.2538 -4.1152 0.9488, 4.1884 -4.0969 0.9488, 4.1884 -4.0969 0.9492, 4.2316 -4.0969 0.9488, 4.1884 -4.0431 0.9492, 4.1884 -4.0431 0.9488, 4.2456 -4.0431 0.9488, 4.2456 -4.0431 0.9492, 4.2316 -4.0431 0.9488, 4.2456 -4.0247 0.9492, 4.2456 -4.0247 0.9488, 4.1884 -4.0247 0.9488, 4.1884 -4.0247 0.9492, 4.2316 -4.0247 0.9488, 4.1884 -3.9735 0.9492, 4.1884 -3.9735 0.9488, 4.2502 -3.9735 0.9488, 4.2502 -3.9735 0.9492, 4.2316 -3.9735 0.9488, 4.2502 -3.9551 0.9492, 4.2502 -3.9551 0.9488, 4.1677 -3.9551 0.9488, 4.1677 -3.9551 0.9492, 4.2316 -3.9551 0.9488, 4.1677 -4.1152 0.9492, 4.1677 -4.1152 0.9488, 4.2316 -4.1152 0.9488, 4.3732 -4.0824 0.9492, 4.3865 -4.0961 0.9492, 4.3756 -4.0802 0.9492, 4.3903 -4.0928 0.9492, 4.384 -4.0697 0.9492, 4.4025 -4.0782 0.9492, 4.3893 -4.0577 0.9492, 4.4102 -4.0615 0.9492, 4.3923 -4.0428 0.9492, 4.414 -4.0427 0.9492, 4.3927 -4.0337 0.9492, 4.4144 -4.0331 0.9492, 4.3903 -4.0135 0.9492, 4.412 -4.012 0.9492, 4.3858 -4.0018 0.9492, 4.4063 -3.9966 0.9492, 4.3795 -3.9929 0.9492, 4.3965 -3.9824 0.9492, 4.3751 -3.9885 0.9492, 4.3903 -3.9763 0.9492, 4.3628 -3.9805 0.9492, 4.3739 -3.965 0.9492, 4.3488 -3.9756 0.9492, 4.3546 -3.9579 0.9492, 4.3289 -3.9735 0.9492, 4.3298 -3.9551 0.9492, 4.3047 -3.9735 0.9492, 4.2841 -3.9551 0.9492, 4.3047 -4.0969 0.9492, 4.2841 -4.1152 0.9492, 4.328 -4.0969 0.9492, 4.3281 -4.1152 0.9492, 4.3493 -4.0945 0.9492, 4.3517 -4.1128 0.9492, 4.3628 -4.0895 0.9492, 4.3707 -4.1062 0.9492, 4.3281 -4.1152 0.9488, 4.2841 -4.1152 0.9488, 4.3517 -4.1128 0.9488, 4.3574 -4.1108 0.9488, 4.3707 -4.1062 0.9488, 4.3865 -4.0961 0.9488, 4.3903 -4.0928 0.9488, 4.4025 -4.0782 0.9488, 4.4102 -4.0615 0.9488, 4.414 -4.0427 0.9488, 4.4144 -4.0331 0.9488, 4.412 -4.012 0.9488, 4.4063 -3.9966 0.9488, 4.3965 -3.9824 0.9488, 4.3903 -3.9763 0.9488, 4.3298 -3.9551 0.9488, 4.3739 -3.965 0.9488, 4.3574 -3.9589 0.9488, 4.3546 -3.9579 0.9488, 4.2841 -3.9551 0.9488, 4.3289 -3.9735 0.9488, 4.3047 -3.9735 0.9488, 4.3047 -4.0969 0.9488, 4.328 -4.0969 0.9488, 4.3756 -4.0802 0.9488, 4.3732 -4.0824 0.9488, 4.3628 -4.0895 0.9488, 4.3493 -4.0945 0.9488, 4.3927 -4.0337 0.9488, 4.3923 -4.0428 0.9488, 4.3893 -4.0577 0.9488, 4.384 -4.0697 0.9488, 4.3751 -3.9885 0.9488, 4.3795 -3.9929 0.9488, 4.3858 -4.0018 0.9488, 4.3903 -4.0135 0.9488, 4.3488 -3.9756 0.9488, 4.3628 -3.9805 0.9488
            ]
        }
        coordIndex [
            0,1,2,-1,2,1,3,-1,2,3,4,-1,4,3,5,-1,4,5,6,-1,6,5,7,-1,6,7,8,-1,8,7,9,-1,8,9,10,-1,10,9,11,-1,10,11,12,-1,12,11,13,-1,12,13,14,-1,14,13,15,-1,14,15,16,-1,16,15,17,-1,16,17,18,-1,18,17,19,-1,18,19,20,-1,20,19,21,-1,20,21,22,-1,22,21,23,-1,22,23,24,-1,24,23,25,-1,24,25,26,-1,26,25,27,-1,26,27,28,-1,28,27,29,-1,28,29,30,-1,30,29,31,-1,30,31,32,-1,32,31,33,-1,32,33,34,-1,34,33,35,-1,34,35,36,-1,36,35,37,-1,36,37,38,-1,38,37,39,-1,38,39,40,-1,40,39,41,-1,40,41,42,-1,42,41,43,-1,42,43,44,-1,44,43,45,-1,44,45,46,-1,46,45,47,-1,46,47,0,-1,0,47,1,-1,44,46,48,-1,48,46,0,-1,48,0,2,-1,38,40,48,-1,48,40,42,-1,48,42,44,-1,32,34,48,-1,48,34,36,-1,48,36,38,-1,26,28,48,-1,48,28,30,-1,48,30,32,-1,20,22,48,-1,48,22,24,-1,48,24,26,-1,14,16,48,-1,48,16,18,-1,48,18,20,-1,8,10,48,-1,48,10,12,-1,48,12,14,-1,2,4,48,-1,48,4,6,-1,48,6,8,-1,49,50,51,-1,51,50,52,-1,53,49,54,-1,54,49,51,-1,55,53,56,-1,56,53,54,-1,57,55,58,-1,58,55,56,-1,59,57,60,-1,60,57,58,-1,50,59,52,-1,52,59,60,-1,55,57,53,-1,53,57,59,-1,53,59,49,-1,49,59,50,-1,61,62,63,-1,64,65,66,-1,66,65,67,-1,66,68,64,-1,64,68,69,-1,64,69,63,-1,63,69,70,-1,63,70,61,-1,71,62,72,-1,72,62,61,-1,71,72,73,-1,71,73,74,-1,73,75,74,-1,74,75,76,-1,74,76,77,-1,77,76,78,-1,77,78,79,-1,79,78,80,-1,79,80,81,-1,81,80,82,-1,81,82,83,-1,83,82,84,-1,83,84,85,-1,85,84,86,-1,85,86,87,-1,87,86,88,-1,87,88,89,-1,89,88,90,-1,89,90,91,-1,91,90,92,-1,91,92,93,-1,93,92,94,-1,93,94,95,-1,95,94,96,-1,95,96,97,-1,97,96,98,-1,97,98,99,-1,99,98,100,-1,99,100,101,-1,101,100,102,-1,101,102,103,-1,103,102,104,-1,103,104,105,-1,105,104,106,-1,105,106,107,-1,107,106,108,-1,107,108,109,-1,109,108,110,-1,109,110,111,-1,112,113,114,-1,114,113,115,-1,114,115,116,-1,116,115,111,-1,116,111,110,-1,117,113,118,-1,118,113,112,-1,119,120,121,-1,117,118,122,-1,117,122,123,-1,122,124,123,-1,123,124,125,-1,123,125,121,-1,121,125,126,-1,121,126,119,-1,127,120,128,-1,128,120,119,-1,128,129,127,-1,127,129,130,-1,127,130,131,-1,131,130,132,-1,131,132,133,-1,133,132,134,-1,133,134,135,-1,135,134,136,-1,135,136,137,-1,137,136,138,-1,137,138,139,-1,139,138,140,-1,139,140,141,-1,141,140,142,-1,141,142,143,-1,143,142,144,-1,143,144,145,-1,145,144,146,-1,145,146,147,-1,147,146,148,-1,147,148,149,-1,149,148,150,-1,149,150,151,-1,67,65,152,-1,151,150,153,-1,151,153,154,-1,154,153,155,-1,154,155,156,-1,156,155,157,-1,156,157,152,-1,152,157,158,-1,152,158,67,-1,89,91,145,-1,113,117,115,-1,115,117,123,-1,115,123,111,-1,111,123,121,-1,111,121,109,-1,109,121,120,-1,109,120,107,-1,107,120,127,-1,107,127,105,-1,145,91,143,-1,135,103,133,-1,133,103,105,-1,133,105,131,-1,131,105,127,-1,62,71,63,-1,63,71,74,-1,63,74,64,-1,64,74,65,-1,91,93,143,-1,143,93,95,-1,143,95,141,-1,141,95,97,-1,141,97,139,-1,139,97,137,-1,137,97,99,-1,137,99,135,-1,135,99,101,-1,135,101,103,-1,145,147,89,-1,89,147,149,-1,89,149,87,-1,87,149,151,-1,87,151,85,-1,85,151,154,-1,85,154,83,-1,83,154,156,-1,83,156,81,-1,81,156,152,-1,81,152,79,-1,79,152,65,-1,79,65,77,-1,77,65,74,-1,159,160,161,-1,161,160,162,-1,163,164,165,-1,165,164,159,-1,165,159,161,-1,166,164,167,-1,167,164,163,-1,168,169,170,-1,170,169,166,-1,170,166,167,-1,171,169,172,-1,172,169,168,-1,173,174,175,-1,175,174,171,-1,175,171,172,-1,176,174,177,-1,177,174,173,-1,178,179,180,-1,180,179,176,-1,180,176,177,-1,181,179,182,-1,182,179,178,-1,183,184,185,-1,185,184,181,-1,185,181,182,-1,186,184,187,-1,187,184,183,-1,162,160,188,-1,188,160,186,-1,188,186,187,-1,186,160,159,-1,159,164,186,-1,186,164,166,-1,186,166,184,-1,179,181,176,-1,176,181,184,-1,176,184,174,-1,174,184,166,-1,174,166,171,-1,171,166,169,-1,189,190,191,-1,191,190,192,-1,191,192,193,-1,193,192,194,-1,193,194,195,-1,195,194,196,-1,195,196,197,-1,197,196,198,-1,197,198,199,-1,199,198,200,-1,199,200,201,-1,201,200,202,-1,201,202,203,-1,203,202,204,-1,203,204,205,-1,205,204,206,-1,205,206,207,-1,207,206,208,-1,207,208,209,-1,209,208,210,-1,209,210,211,-1,211,210,212,-1,211,212,213,-1,213,212,214,-1,213,214,215,-1,215,214,216,-1,215,216,217,-1,217,216,218,-1,217,218,219,-1,219,218,220,-1,219,220,221,-1,221,220,222,-1,221,222,223,-1,223,222,224,-1,223,224,189,-1,189,224,190,-1,220,218,225,-1,225,218,226,-1,220,225,227,-1,220,227,222,-1,222,227,228,-1,222,228,224,-1,228,229,224,-1,224,229,230,-1,224,230,190,-1,190,230,231,-1,190,231,192,-1,192,231,232,-1,192,232,194,-1,194,232,233,-1,194,233,196,-1,196,233,234,-1,196,234,198,-1,198,234,235,-1,198,235,200,-1,200,235,236,-1,200,236,202,-1,202,236,237,-1,202,237,204,-1,204,237,238,-1,204,238,206,-1,206,238,239,-1,206,239,208,-1,240,214,212,-1,208,239,241,-1,208,241,210,-1,210,241,242,-1,210,242,212,-1,212,242,243,-1,212,243,240,-1,216,214,244,-1,244,214,240,-1,218,216,226,-1,226,216,244,-1,213,215,245,-1,245,215,246,-1,215,217,246,-1,246,217,247,-1,217,219,247,-1,247,219,248,-1,191,249,250,-1,191,250,189,-1,189,250,251,-1,189,251,223,-1,223,251,252,-1,223,252,221,-1,221,252,248,-1,221,248,219,-1,199,253,254,-1,199,254,197,-1,197,254,255,-1,197,255,195,-1,195,255,256,-1,195,256,193,-1,193,256,249,-1,193,249,191,-1,207,257,258,-1,207,258,205,-1,205,258,259,-1,205,259,203,-1,203,259,260,-1,203,260,201,-1,201,260,253,-1,201,253,199,-1,213,245,261,-1,213,261,211,-1,211,261,262,-1,211,262,209,-1,209,262,257,-1,209,257,207,-1,
        ]
    }
}
Shape{
    appearance Appearance {
        material  Material 	{
            diffuseColor 0.8509803921568627 0.8509803921568627 0.8509803921568627
            specularColor 0.4235294117647059 0.4235294117647059 0.4235294117647059
            ambientIntensity 0.851
            transparency 0.0
            shininess 0.5
        }
    }
    geometry IndexedFaceSet {
        ccw TRUE
        solid FALSE
        coord DEF co Coordinate {
            point [
                4.3047 -3.9735 0.9488, 4.3047 -4.0969 0.9488, 4.3289 -3.9735 0.9488, 4.328 -4.0969 0.9488, 4.3732 -4.0824 0.9488, 4.3756 -4.0802 0.9488, 4.3493 -4.0945 0.9488, 4.3628 -4.0895 0.9488, 4.384 -4.0697 0.9488, 4.3893 -4.0577 0.9488, 4.3923 -4.0428 0.9488, 4.3927 -4.0337 0.9488, 4.3903 -4.0135 0.9488, 4.3858 -4.0018 0.9488, 4.3795 -3.9929 0.9488, 4.3751 -3.9885 0.9488, 4.3488 -3.9756 0.9488, 4.3628 -3.9805 0.9488
            ]
        }
        coordIndex [
            0,1,2,-1,2,1,3,-1,2,4,5,-1,3,6,2,-1,2,6,7,-1,2,7,4,-1,5,8,2,-1,2,8,9,-1,2,9,10,-1,10,11,2,-1,2,11,12,-1,2,12,13,-1,13,14,2,-1,2,14,15,-1,2,15,16,-1,16,15,17,-1,
        ]
    }
}
Shape{
    appearance Appearance {
        material  Material 	{
            diffuseColor 0.0 0.0 0.0
            specularColor 0.0 0.0 0.0
            ambientIntensity 0.0
            transparency 0.0
            shininess 0.5
        }
    }
    geometry IndexedFaceSet {
        ccw TRUE
        solid FALSE
        coord DEF co Coordinate {
            point [
                4.4681 -4.0533 0.9492, 4.4616 -4.0714 0.9492, 4.5219 -4.0533 0.9492, 4.5282 -4.0714 0.9492, 4.4921 -3.9867 0.9492, 4.4843 -3.9551 0.9492, 4.4233 -4.1152 0.9492, 4.4462 -4.1152 0.9492, 4.4934 -3.982 0.9492, 4.4947 -3.9755 0.9492, 4.5064 -3.9551 0.9492, 4.4952 -3.9755 0.9492, 4.4965 -3.9823 0.9492, 4.4977 -3.9867 0.9492, 4.5674 -4.1152 0.9492, 4.5446 -4.1152 0.9492, 4.5064 -3.9551 0.9488, 4.5674 -4.1152 0.9488, 4.4843 -3.9551 0.9488, 4.4233 -4.1152 0.9488, 4.4695 -3.994 0.9488, 4.4462 -4.1152 0.9488, 4.4616 -4.0714 0.9488, 4.5282 -4.0714 0.9488, 4.4695 -4.0714 0.9488, 4.5446 -4.1152 0.9488, 4.4681 -4.0533 0.9488, 4.5219 -4.0533 0.9488, 4.4977 -3.9867 0.9488, 4.4952 -3.9755 0.9488, 4.4965 -3.9823 0.9488, 4.4947 -3.9755 0.9488, 4.4921 -3.9867 0.9488, 4.4934 -3.982 0.9488
            ]
        }
        coordIndex [
            0,1,2,-1,2,1,3,-1,4,5,0,-1,0,5,6,-1,0,6,1,-1,1,6,7,-1,4,8,5,-1,5,8,9,-1,5,9,10,-1,10,9,11,-1,10,11,12,-1,12,13,10,-1,10,13,2,-1,10,2,14,-1,14,2,3,-1,14,3,15,-1,10,14,16,-1,16,14,17,-1,5,10,18,-1,18,10,16,-1,19,6,20,-1,20,6,5,-1,20,5,18,-1,7,6,21,-1,21,6,19,-1,1,7,22,-1,22,7,21,-1,23,3,24,-1,24,3,1,-1,24,1,22,-1,15,3,25,-1,25,3,23,-1,14,15,17,-1,17,15,25,-1,0,2,26,-1,26,2,27,-1,2,13,27,-1,27,13,28,-1,11,29,30,-1,11,30,12,-1,12,30,28,-1,12,28,13,-1,11,9,29,-1,29,9,31,-1,4,32,33,-1,4,33,8,-1,8,33,31,-1,8,31,9,-1,4,0,32,-1,32,0,26,-1,
        ]
    }
}
Shape{
    appearance Appearance {
        material  Material 	{
            diffuseColor 0.8509803921568627 0.8509803921568627 0.8509803921568627
            specularColor 0.4235294117647059 0.4235294117647059 0.4235294117647059
            ambientIntensity 0.851
            transparency 0.0
            shininess 0.5
        }
    }
    geometry IndexedFaceSet {
        ccw TRUE
        solid FALSE
        coord DEF co Coordinate {
            point [
                4.4952 -3.9755 0.9488, 4.4947 -3.9755 0.9488, 4.4965 -3.9823 0.9488, 4.4934 -3.982 0.9488, 4.4977 -3.9867 0.9488, 4.4921 -3.9867 0.9488, 4.5219 -4.0533 0.9488, 4.4681 -4.0533 0.9488
            ]
        }
        coordIndex [
            0,1,2,-1,2,1,3,-1,2,3,4,-1,4,3,5,-1,4,5,6,-1,6,5,7,-1,
        ]
    }
}
Shape{
    appearance Appearance {
        material  Material 	{
            diffuseColor 0.0 0.0 0.0
            specularColor 0.0 0.0 0.0
            ambientIntensity 0.0
            transparency 0.0
            shininess 0.5
        }
    }
    geometry IndexedFaceSet {
        ccw TRUE
        solid FALSE
        coord DEF co Coordinate {
            point [
                4.0109 -4.351 0.9492, 4.0109 -4.3692 0.9492, 4.0109 -4.351 0.9488, 4.0109 -4.3692 0.9488, 3.9454 -4.351 0.9488, 3.9454 -4.351 0.9492, 4.01 -4.351 0.9488, 3.9454 -4.2971 0.9492, 3.9454 -4.2971 0.9488, 4.0027 -4.2971 0.9492, 4.0027 -4.2971 0.9488, 4.0027 -4.2788 0.9492, 4.0027 -4.2788 0.9488, 3.9454 -4.2788 0.9492, 3.9454 -4.2788 0.9488, 3.9454 -4.2275 0.9492, 3.9454 -4.2275 0.9488, 4.0072 -4.2275 0.9492, 4.0072 -4.2275 0.9488, 4.0072 -4.2091 0.9492, 4.0072 -4.2091 0.9488, 3.9247 -4.2091 0.9492, 3.9247 -4.2091 0.9488, 3.9247 -4.3692 0.9492, 3.9247 -4.3692 0.9488, 4.01 -4.3692 0.9488, 4.1019 -4.3692 0.9492, 4.122 -4.3692 0.9492, 4.1019 -4.3516 0.9492, 4.122 -4.2956 0.9492, 4.1019 -4.2965 0.9492, 4.0589 -4.3202 0.9492, 4.064 -4.3179 0.9492, 4.0751 -4.3155 0.9492, 4.1019 -4.3119 0.9492, 4.1019 -4.3228 0.9492, 4.1014 -4.3516 0.9492, 4.0908 -4.3486 0.9492, 4.0982 -4.3563 0.9492, 4.0851 -4.3524 0.9492, 4.1019 -4.3242 0.9492, 4.1006 -4.3331 0.9492, 4.0977 -4.3403 0.9492, 4.0933 -4.3462 0.9492, 4.1012 -4.2877 0.9492, 4.1204 -4.2804 0.9492, 4.0991 -4.2805 0.9492, 4.1173 -4.2713 0.9492, 4.0968 -4.2764 0.9492, 4.1132 -4.2648 0.9492, 4.0937 -4.2732 0.9492, 4.1078 -4.2597 0.9492, 4.0902 -4.2709 0.9492, 4.1011 -4.2559 0.9492, 4.0855 -4.2693 0.9492, 4.0927 -4.2533 0.9492, 4.0787 -4.2685 0.9492, 4.0806 -4.2523 0.9492, 4.0666 -4.2698 0.9492, 4.0605 -4.2547 0.9492, 4.0541 -4.2741 0.9492, 4.0455 -4.2604 0.9492, 4.0412 -4.2824 0.9492, 4.0412 -4.2629 0.9492, 4.0545 -4.3486 0.9492, 4.0399 -4.3629 0.9492, 4.0562 -4.3503 0.9492, 4.0466 -4.3677 0.9492, 4.0602 -4.3531 0.9492, 4.0543 -4.3706 0.9492, 4.0648 -4.3547 0.9492, 4.0663 -4.3719 0.9492, 4.0715 -4.3555 0.9492, 4.0767 -4.3708 0.9492, 4.079 -4.3546 0.9492, 4.0848 -4.3679 0.9492, 4.0919 -4.3631 0.9492, 4.0506 -4.3338 0.9492, 4.0301 -4.3361 0.9492, 4.0504 -4.337 0.9492, 4.0301 -4.3386 0.9492, 4.0509 -4.3416 0.9492, 4.0311 -4.3477 0.9492, 4.0522 -4.3452 0.9492, 4.0335 -4.3545 0.9492, 4.0376 -4.3607 0.9492, 4.068 -4.3013 0.9492, 4.053 -4.305 0.9492, 4.0557 -4.3225 0.9492, 4.0444 -4.3093 0.9492, 4.0533 -4.3255 0.9492, 4.0382 -4.3146 0.9492, 4.0516 -4.3292 0.9492, 4.0342 -4.3204 0.9492, 4.0314 -4.3274 0.9492, 4.0806 -4.2523 0.9488, 4.0605 -4.2547 0.9488, 4.0455 -4.2604 0.9488, 4.0412 -4.2629 0.9488, 4.0412 -4.2824 0.9488, 4.0541 -4.2741 0.9488, 4.0666 -4.2698 0.9488, 4.0787 -4.2685 0.9488, 4.0855 -4.2693 0.9488, 4.0902 -4.2709 0.9488, 4.0937 -4.2732 0.9488, 4.0968 -4.2764 0.9488, 4.0991 -4.2805 0.9488, 4.1012 -4.2877 0.9488, 4.1019 -4.2965 0.9488, 4.068 -4.3013 0.9488, 4.053 -4.305 0.9488, 4.0444 -4.3093 0.9488, 4.0382 -4.3146 0.9488, 4.0342 -4.3204 0.9488, 4.0314 -4.3274 0.9488, 4.0301 -4.3361 0.9488, 4.0301 -4.3386 0.9488, 4.0311 -4.3477 0.9488, 4.0335 -4.3545 0.9488, 4.0376 -4.3607 0.9488, 4.0399 -4.3629 0.9488, 4.0663 -4.3719 0.9488, 4.0547 -4.3706 0.9488, 4.0543 -4.3706 0.9488, 4.0466 -4.3677 0.9488, 4.0767 -4.3708 0.9488, 4.0772 -4.3706 0.9488, 4.0848 -4.3679 0.9488, 4.0919 -4.3631 0.9488, 4.0982 -4.3563 0.9488, 4.1014 -4.3516 0.9488, 4.1019 -4.3516 0.9488, 4.1019 -4.3692 0.9488, 4.122 -4.3692 0.9488, 4.122 -4.2956 0.9488, 4.1204 -4.2804 0.9488, 4.1173 -4.2713 0.9488, 4.1132 -4.2648 0.9488, 4.1078 -4.2597 0.9488, 4.1011 -4.2559 0.9488, 4.0927 -4.2533 0.9488, 4.0557 -4.3225 0.9488, 4.0589 -4.3202 0.9488, 4.064 -4.3179 0.9488, 4.0751 -4.3155 0.9488, 4.0504 -4.337 0.9488, 4.0506 -4.3338 0.9488, 4.0516 -4.3292 0.9488, 4.0533 -4.3255 0.9488, 4.0562 -4.3503 0.9488, 4.0545 -4.3486 0.9488, 4.0522 -4.3452 0.9488, 4.0509 -4.3416 0.9488, 4.0715 -4.3555 0.9488, 4.0648 -4.3547 0.9488, 4.0602 -4.3531 0.9488, 4.0933 -4.3462 0.9488, 4.0908 -4.3486 0.9488, 4.0851 -4.3524 0.9488, 4.079 -4.3546 0.9488, 4.1019 -4.3228 0.9488, 4.1019 -4.3242 0.9488, 4.1006 -4.3331 0.9488, 4.0977 -4.3403 0.9488, 4.1019 -4.3119 0.9488
            ]
        }
        coordIndex [
            0,1,2,-1,2,1,3,-1,4,5,6,-1,6,5,0,-1,6,0,2,-1,7,5,8,-1,8,5,4,-1,9,7,10,-1,10,7,8,-1,11,9,12,-1,12,9,10,-1,13,11,14,-1,14,11,12,-1,15,13,16,-1,16,13,14,-1,17,15,18,-1,18,15,16,-1,19,17,20,-1,20,17,18,-1,21,19,22,-1,22,19,20,-1,23,21,24,-1,24,21,22,-1,23,24,1,-1,1,24,25,-1,1,25,3,-1,23,1,0,-1,0,5,23,-1,23,5,7,-1,23,7,21,-1,17,19,15,-1,15,19,21,-1,15,21,13,-1,13,21,7,-1,13,7,11,-1,11,7,9,-1,26,27,28,-1,28,27,29,-1,30,31,32,-1,33,34,29,-1,29,34,35,-1,36,37,38,-1,38,37,39,-1,35,40,29,-1,29,40,41,-1,29,41,28,-1,28,41,42,-1,28,42,36,-1,36,42,43,-1,36,43,37,-1,32,33,30,-1,30,33,29,-1,30,29,44,-1,44,29,45,-1,44,45,46,-1,46,45,47,-1,46,47,48,-1,48,47,49,-1,48,49,50,-1,50,49,51,-1,50,51,52,-1,52,51,53,-1,52,53,54,-1,54,53,55,-1,54,55,56,-1,56,55,57,-1,56,57,58,-1,58,57,59,-1,58,59,60,-1,60,59,61,-1,60,61,62,-1,62,61,63,-1,64,65,66,-1,66,65,67,-1,66,67,68,-1,68,67,69,-1,68,69,70,-1,70,69,71,-1,70,71,72,-1,72,71,73,-1,72,73,74,-1,74,73,75,-1,74,75,39,-1,39,75,76,-1,39,76,38,-1,77,78,79,-1,79,78,80,-1,79,80,81,-1,81,80,82,-1,81,82,83,-1,83,82,84,-1,83,84,64,-1,64,84,85,-1,64,85,65,-1,30,86,31,-1,31,86,87,-1,31,87,88,-1,88,87,89,-1,88,89,90,-1,90,89,91,-1,90,91,92,-1,92,91,93,-1,92,93,77,-1,77,93,94,-1,77,94,78,-1,57,95,96,-1,57,96,59,-1,59,96,97,-1,59,97,61,-1,61,97,98,-1,61,98,63,-1,62,63,99,-1,99,63,98,-1,62,99,100,-1,62,100,60,-1,60,100,101,-1,60,101,58,-1,58,101,102,-1,58,102,56,-1,56,102,103,-1,56,103,54,-1,54,103,104,-1,54,104,52,-1,52,104,105,-1,52,105,50,-1,50,105,106,-1,50,106,48,-1,48,106,107,-1,48,107,46,-1,46,107,108,-1,46,108,44,-1,44,108,109,-1,44,109,30,-1,86,30,110,-1,110,30,109,-1,86,110,111,-1,86,111,87,-1,87,111,112,-1,87,112,89,-1,89,112,113,-1,89,113,91,-1,91,113,114,-1,91,114,93,-1,93,114,115,-1,93,115,94,-1,94,115,116,-1,94,116,78,-1,78,116,117,-1,78,117,80,-1,80,117,118,-1,80,118,82,-1,82,118,119,-1,82,119,84,-1,84,119,120,-1,84,120,85,-1,85,120,121,-1,85,121,65,-1,122,71,123,-1,123,71,69,-1,123,69,124,-1,124,69,67,-1,124,67,125,-1,125,67,65,-1,125,65,121,-1,71,122,126,-1,71,126,73,-1,73,126,127,-1,73,127,75,-1,127,128,75,-1,75,128,129,-1,75,129,76,-1,76,129,130,-1,76,130,38,-1,38,130,131,-1,38,131,36,-1,28,36,132,-1,132,36,131,-1,26,28,133,-1,133,28,132,-1,27,26,134,-1,134,26,133,-1,29,27,135,-1,135,27,134,-1,29,135,136,-1,29,136,45,-1,45,136,137,-1,45,137,47,-1,47,137,138,-1,47,138,49,-1,49,138,139,-1,49,139,51,-1,51,139,140,-1,51,140,53,-1,53,140,141,-1,53,141,55,-1,55,141,95,-1,55,95,57,-1,88,142,143,-1,88,143,31,-1,31,143,144,-1,31,144,32,-1,32,144,145,-1,32,145,33,-1,79,146,147,-1,79,147,77,-1,77,147,148,-1,77,148,92,-1,92,148,149,-1,92,149,90,-1,90,149,142,-1,90,142,88,-1,66,150,151,-1,66,151,64,-1,64,151,152,-1,64,152,83,-1,83,152,153,-1,83,153,81,-1,81,153,146,-1,81,146,79,-1,72,154,155,-1,72,155,70,-1,70,155,156,-1,70,156,68,-1,68,156,150,-1,68,150,66,-1,43,157,158,-1,43,158,37,-1,37,158,159,-1,37,159,39,-1,39,159,160,-1,39,160,74,-1,74,160,154,-1,74,154,72,-1,35,161,162,-1,35,162,40,-1,40,162,163,-1,40,163,41,-1,41,163,164,-1,41,164,42,-1,42,164,157,-1,42,157,43,-1,35,34,161,-1,161,34,165,-1,34,33,165,-1,165,33,145,-1,
        ]
    }
}
Shape{
    appearance Appearance {
        material  Material 	{
            diffuseColor 0.8509803921568627 0.8509803921568627 0.8509803921568627
            specularColor 0.4235294117647059 0.4235294117647059 0.4235294117647059
            ambientIntensity 0.851
            transparency 0.0
            shininess 0.5
        }
    }
    geometry IndexedFaceSet {
        ccw TRUE
        solid FALSE
        coord DEF co Coordinate {
            point [
                4.1019 -4.3119 0.9488, 4.0751 -4.3155 0.9488, 4.1019 -4.3228 0.9488, 4.064 -4.3179 0.9488, 4.0589 -4.3202 0.9488, 4.0557 -4.3225 0.9488, 4.1019 -4.3242 0.9488, 4.1006 -4.3331 0.9488, 4.0533 -4.3255 0.9488, 4.0977 -4.3403 0.9488, 4.0545 -4.3486 0.9488, 4.0562 -4.3503 0.9488, 4.0908 -4.3486 0.9488, 4.0522 -4.3452 0.9488, 4.0851 -4.3524 0.9488, 4.079 -4.3546 0.9488, 4.0715 -4.3555 0.9488, 4.0516 -4.3292 0.9488, 4.0506 -4.3338 0.9488, 4.0933 -4.3462 0.9488, 4.0504 -4.337 0.9488, 4.0509 -4.3416 0.9488, 4.0602 -4.3531 0.9488, 4.0648 -4.3547 0.9488
            ]
        }
        coordIndex [
            0,1,2,-1,2,1,3,-1,3,4,2,-1,2,4,5,-1,2,5,6,-1,6,5,7,-1,7,5,8,-1,7,8,9,-1,10,11,12,-1,10,12,13,-1,14,12,15,-1,15,12,16,-1,8,17,9,-1,9,17,18,-1,9,18,19,-1,19,18,20,-1,19,20,12,-1,12,20,21,-1,12,21,13,-1,11,22,12,-1,12,22,23,-1,12,23,16,-1,
        ]
    }
}
Shape{
    appearance Appearance {
        material  Material 	{
            diffuseColor 0.0 0.0 0.0
            specularColor 0.0 0.0 0.0
            ambientIntensity 0.0
            transparency 0.0
            shininess 0.5
        }
    }
    geometry IndexedFaceSet {
        ccw TRUE
        solid FALSE
        coord DEF co Coordinate {
            point [
                4.1491 -4.3445 0.9488, 4.1491 -4.3445 0.9492, 4.157 -4.3494 0.9492, 4.1821 -4.3556 0.9492, 4.1821 -4.3556 0.9488, 4.1696 -4.3541 0.9488, 4.1696 -4.3541 0.9492, 4.1584 -4.3499 0.9488, 4.157 -4.3494 0.9488, 4.1491 -4.3652 0.9492, 4.1491 -4.3652 0.9488, 4.1635 -4.3702 0.9492, 4.1584 -4.3685 0.9488, 4.1802 -4.3719 0.9488, 4.1802 -4.3719 0.9492, 4.167 -4.3706 0.9488, 4.1635 -4.3702 0.9488, 4.1967 -4.3702 0.9492, 4.1928 -4.3706 0.9488, 4.1967 -4.3702 0.9488, 4.2077 -4.3663 0.9488, 4.2077 -4.3663 0.9492, 4.2135 -4.3629 0.9488, 4.2135 -4.3629 0.9492, 4.2192 -4.3578 0.9488, 4.2192 -4.3578 0.9492, 4.223 -4.3525 0.9488, 4.223 -4.3525 0.9492, 4.2254 -4.3462 0.9488, 4.2254 -4.3462 0.9492, 4.2264 -4.3381 0.9488, 4.2264 -4.3381 0.9492, 4.2256 -4.3307 0.9488, 4.2256 -4.3307 0.9492, 4.2234 -4.3247 0.9488, 4.2234 -4.3247 0.9492, 4.2197 -4.3192 0.9488, 4.2197 -4.3192 0.9492, 4.2149 -4.315 0.9488, 4.2149 -4.315 0.9492, 4.2016 -4.3075 0.9488, 4.2016 -4.3075 0.9492, 4.1938 -4.3044 0.9488, 4.1938 -4.3044 0.9492, 4.1814 -4.299 0.9488, 4.1814 -4.299 0.9492, 4.1743 -4.2946 0.9488, 4.1743 -4.2946 0.9492, 4.1724 -4.2924 0.9488, 4.1724 -4.2924 0.9492, 4.1709 -4.2897 0.9488, 4.1709 -4.2897 0.9492, 4.1701 -4.2866 0.9488, 4.1701 -4.2866 0.9492, 4.1699 -4.2839 0.9488, 4.1699 -4.2839 0.9492, 4.1703 -4.2807 0.9488, 4.1703 -4.2807 0.9492, 4.1713 -4.278 0.9488, 4.1713 -4.278 0.9492, 4.173 -4.2755 0.9488, 4.173 -4.2755 0.9492, 4.176 -4.2728 0.9488, 4.176 -4.2728 0.9492, 4.1805 -4.2704 0.9488, 4.1805 -4.2704 0.9492, 4.1859 -4.269 0.9488, 4.1859 -4.269 0.9492, 4.1918 -4.2685 0.9488, 4.1918 -4.2685 0.9492, 4.205 -4.27 0.9488, 4.205 -4.27 0.9492, 4.2163 -4.2742 0.9488, 4.2163 -4.2742 0.9492, 4.2209 -4.2768 0.9488, 4.2209 -4.2768 0.9492, 4.2209 -4.2573 0.9492, 4.2209 -4.2573 0.9488, 4.2049 -4.253 0.9488, 4.2049 -4.253 0.9492, 4.1938 -4.2523 0.9488, 4.1938 -4.2523 0.9492, 4.179 -4.2539 0.9488, 4.179 -4.2539 0.9492, 4.168 -4.2578 0.9488, 4.168 -4.2578 0.9492, 4.1621 -4.2613 0.9488, 4.1621 -4.2613 0.9492, 4.1562 -4.2667 0.9492, 4.1584 -4.2647 0.9488, 4.1562 -4.2667 0.9488, 4.1524 -4.2721 0.9488, 4.1524 -4.2721 0.9492, 4.1501 -4.2786 0.9488, 4.1501 -4.2786 0.9492, 4.1493 -4.2857 0.9488, 4.1493 -4.2857 0.9492, 4.1501 -4.2935 0.9488, 4.1501 -4.2935 0.9492, 4.1523 -4.2996 0.9488, 4.1523 -4.2996 0.9492, 4.155 -4.3038 0.9488, 4.155 -4.3038 0.9492, 4.1796 -4.319 0.9488, 4.1796 -4.319 0.9492, 4.1677 -4.3135 0.9492, 4.1582 -4.3073 0.9488, 4.1582 -4.3073 0.9492, 4.1584 -4.3074 0.9488, 4.1677 -4.3135 0.9488, 4.1928 -4.3245 0.9488, 4.1928 -4.3245 0.9492, 4.2006 -4.3292 0.9488, 4.2006 -4.3292 0.9492, 4.2031 -4.3318 0.9488, 4.2031 -4.3318 0.9492, 4.2047 -4.3345 0.9488, 4.2047 -4.3345 0.9492, 4.2056 -4.3376 0.9488, 4.2056 -4.3376 0.9492, 4.2058 -4.3401 0.9488, 4.2058 -4.3401 0.9492, 4.2054 -4.3439 0.9488, 4.2054 -4.3439 0.9492, 4.2044 -4.3468 0.9488, 4.2044 -4.3468 0.9492, 4.2026 -4.3494 0.9488, 4.2026 -4.3494 0.9492, 4.2003 -4.3514 0.9488, 4.2003 -4.3514 0.9492, 4.1985 -4.3525 0.9488, 4.1985 -4.3525 0.9492, 4.1933 -4.3544 0.9488, 4.1933 -4.3544 0.9492, 4.183 -4.3556 0.9488, 4.183 -4.3556 0.9492, 4.3258 -4.2549 0.9492, 4.3466 -4.2549 0.9492, 4.3258 -4.2549 0.9488, 4.3466 -4.2549 0.9488, 4.2946 -4.341 0.9492, 4.2946 -4.341 0.9488, 4.2931 -4.3463 0.9488, 4.2931 -4.3463 0.9492, 4.2921 -4.3502 0.9488, 4.2921 -4.3502 0.9492, 4.2916 -4.3502 0.9492, 4.2916 -4.3502 0.9488, 4.2891 -4.3408 0.9492, 4.2891 -4.3408 0.9488, 4.2593 -4.2549 0.9492, 4.2593 -4.2549 0.9488, 4.2368 -4.2549 0.9492, 4.2368 -4.2549 0.9488, 4.2817 -4.369 0.9492, 4.2817 -4.369 0.9488, 4.2729 -4.3898 0.9488, 4.2729 -4.3898 0.9492, 4.281 -4.3706 0.9488, 4.269 -4.397 0.9488, 4.269 -4.397 0.9492, 4.2652 -4.4012 0.9488, 4.2652 -4.4012 0.9492, 4.2616 -4.4037 0.9488, 4.2616 -4.4037 0.9492, 4.2572 -4.4054 0.9488, 4.2572 -4.4054 0.9492, 4.2523 -4.4059 0.9488, 4.2523 -4.4059 0.9492, 4.2451 -4.405 0.9488, 4.2451 -4.405 0.9492, 4.241 -4.4036 0.9488, 4.241 -4.4036 0.9492, 4.241 -4.4215 0.9492, 4.241 -4.4215 0.9488, 4.2495 -4.423 0.9488, 4.2495 -4.423 0.9492, 4.2539 -4.4231 0.9488, 4.2539 -4.4231 0.9492, 4.262 -4.4222 0.9488, 4.262 -4.4222 0.9492, 4.2699 -4.4192 0.9488, 4.2699 -4.4192 0.9492, 4.2769 -4.4143 0.9488, 4.2769 -4.4143 0.9492, 4.2783 -4.413 0.9488, 4.2783 -4.413 0.9492, 4.2856 -4.4042 0.9488, 4.2856 -4.4042 0.9492, 4.2947 -4.3865 0.9488, 4.2947 -4.3865 0.9492, 4.301 -4.3706 0.9488, 4.4544 -4.351 0.9492, 4.4544 -4.3692 0.9492, 4.4544 -4.351 0.9488, 4.4544 -4.3692 0.9488, 4.3889 -4.351 0.9488, 4.3889 -4.351 0.9492, 4.4189 -4.351 0.9488, 4.3889 -4.2971 0.9492, 4.3889 -4.2971 0.9488, 4.4462 -4.2971 0.9488, 4.4462 -4.2971 0.9492, 4.4189 -4.2971 0.9488, 4.4462 -4.2788 0.9492, 4.4462 -4.2788 0.9488, 4.3889 -4.2788 0.9488, 4.3889 -4.2788 0.9492, 4.4189 -4.2788 0.9488, 4.3889 -4.2275 0.9492, 4.3889 -4.2275 0.9488, 4.4507 -4.2275 0.9488, 4.4507 -4.2275 0.9492, 4.4189 -4.2275 0.9488, 4.4507 -4.2091 0.9492, 4.4507 -4.2091 0.9488, 4.3682 -4.2091 0.9488, 4.3682 -4.2091 0.9492, 4.4189 -4.2091 0.9488, 4.3682 -4.3692 0.9492, 4.3682 -4.3692 0.9488, 4.4189 -4.3692 0.9488, 4.5738 -4.3365 0.9492, 4.5871 -4.3501 0.9492, 4.5761 -4.3343 0.9492, 4.5908 -4.3468 0.9492, 4.5845 -4.3237 0.9492, 4.603 -4.3322 0.9492, 4.5899 -4.3117 0.9492, 4.6108 -4.3156 0.9492, 4.5928 -4.2968 0.9492, 4.6146 -4.2968 0.9492, 4.5933 -4.2877 0.9492, 4.615 -4.2871 0.9492, 4.5908 -4.2675 0.9492, 4.6126 -4.2661 0.9492, 4.5863 -4.2559 0.9492, 4.6068 -4.2506 0.9492, 4.5801 -4.2469 0.9492, 4.5971 -4.2365 0.9492, 4.5757 -4.2426 0.9492, 4.5908 -4.2303 0.9492, 4.5634 -4.2345 0.9492, 4.5744 -4.2191 0.9492, 4.5494 -4.2296 0.9492, 4.5552 -4.2119 0.9492, 4.5295 -4.2275 0.9492, 4.5303 -4.2091 0.9492, 4.5053 -4.2275 0.9492, 4.4846 -4.2091 0.9492, 4.5053 -4.351 0.9492, 4.4846 -4.3692 0.9492, 4.5285 -4.351 0.9492, 4.5287 -4.3692 0.9492, 4.5498 -4.3486 0.9492, 4.5523 -4.3668 0.9492, 4.5633 -4.3435 0.9492, 4.5712 -4.3603 0.9492, 4.5287 -4.3692 0.9488, 4.4846 -4.3692 0.9488, 4.5523 -4.3668 0.9488, 4.5712 -4.3603 0.9488, 4.5871 -4.3501 0.9488, 4.5908 -4.3468 0.9488, 4.603 -4.3322 0.9488, 4.6108 -4.3156 0.9488, 4.6146 -4.2968 0.9488, 4.615 -4.2871 0.9488, 4.6126 -4.2661 0.9488, 4.6068 -4.2506 0.9488, 4.5971 -4.2365 0.9488, 4.5908 -4.2303 0.9488, 4.5744 -4.2191 0.9488, 4.5552 -4.2119 0.9488, 4.5303 -4.2091 0.9488, 4.4846 -4.2091 0.9488, 4.5295 -4.2275 0.9488, 4.5053 -4.2275 0.9488, 4.5053 -4.351 0.9488, 4.5285 -4.351 0.9488, 4.5761 -4.3343 0.9488, 4.5738 -4.3365 0.9488, 4.5633 -4.3435 0.9488, 4.5498 -4.3486 0.9488, 4.5933 -4.2877 0.9488, 4.5928 -4.2968 0.9488, 4.5899 -4.3117 0.9488, 4.5845 -4.3237 0.9488, 4.5757 -4.2426 0.9488, 4.5801 -4.2469 0.9488, 4.5863 -4.2559 0.9488, 4.5908 -4.2675 0.9488, 4.5494 -4.2296 0.9488, 4.5634 -4.2345 0.9488
            ]
        }
        coordIndex [
            0,1,2,-1,3,4,5,-1,3,5,6,-1,6,5,7,-1,6,7,2,-1,2,7,8,-1,2,8,0,-1,9,1,10,-1,10,1,0,-1,11,9,12,-1,12,9,10,-1,13,14,15,-1,15,14,11,-1,15,11,16,-1,16,11,12,-1,17,14,18,-1,18,14,13,-1,18,19,17,-1,17,19,20,-1,17,20,21,-1,21,20,22,-1,21,22,23,-1,23,22,24,-1,23,24,25,-1,25,24,26,-1,25,26,27,-1,27,26,28,-1,27,28,29,-1,29,28,30,-1,29,30,31,-1,31,30,32,-1,31,32,33,-1,33,32,34,-1,33,34,35,-1,35,34,36,-1,35,36,37,-1,37,36,38,-1,37,38,39,-1,39,38,40,-1,39,40,41,-1,41,40,42,-1,41,42,43,-1,43,42,44,-1,43,44,45,-1,45,44,46,-1,45,46,47,-1,47,46,48,-1,47,48,49,-1,49,48,50,-1,49,50,51,-1,51,50,52,-1,51,52,53,-1,53,52,54,-1,53,54,55,-1,55,54,56,-1,55,56,57,-1,57,56,58,-1,57,58,59,-1,59,58,60,-1,59,60,61,-1,61,60,62,-1,61,62,63,-1,63,62,64,-1,63,64,65,-1,65,64,66,-1,65,66,67,-1,67,66,68,-1,67,68,69,-1,69,68,70,-1,69,70,71,-1,71,70,72,-1,71,72,73,-1,73,72,74,-1,73,74,75,-1,76,75,77,-1,77,75,74,-1,76,77,78,-1,76,78,79,-1,79,78,80,-1,79,80,81,-1,81,80,82,-1,81,82,83,-1,83,82,84,-1,83,84,85,-1,85,84,86,-1,85,86,87,-1,88,87,89,-1,89,87,86,-1,89,90,88,-1,88,90,91,-1,88,91,92,-1,92,91,93,-1,92,93,94,-1,94,93,95,-1,94,95,96,-1,96,95,97,-1,96,97,98,-1,98,97,99,-1,98,99,100,-1,100,99,101,-1,100,101,102,-1,103,104,105,-1,102,101,106,-1,102,106,107,-1,107,106,108,-1,107,108,105,-1,105,108,109,-1,105,109,103,-1,104,103,110,-1,104,110,111,-1,111,110,112,-1,111,112,113,-1,113,112,114,-1,113,114,115,-1,115,114,116,-1,115,116,117,-1,117,116,118,-1,117,118,119,-1,119,118,120,-1,119,120,121,-1,121,120,122,-1,121,122,123,-1,123,122,124,-1,123,124,125,-1,125,124,126,-1,125,126,127,-1,127,126,128,-1,127,128,129,-1,129,128,130,-1,129,130,131,-1,131,130,132,-1,131,132,133,-1,133,132,134,-1,133,134,135,-1,135,134,4,-1,135,4,3,-1,61,63,85,-1,85,63,83,-1,111,43,104,-1,104,43,45,-1,21,23,127,-1,127,23,25,-1,127,25,125,-1,125,25,27,-1,125,27,123,-1,123,27,29,-1,123,29,121,-1,121,29,31,-1,121,31,119,-1,119,31,33,-1,119,33,117,-1,117,33,35,-1,117,35,115,-1,115,35,37,-1,115,37,113,-1,113,37,39,-1,113,39,111,-1,111,39,41,-1,111,41,43,-1,14,3,11,-1,11,3,6,-1,11,6,9,-1,9,6,2,-1,9,2,1,-1,63,65,83,-1,83,65,67,-1,83,67,81,-1,81,67,69,-1,81,69,79,-1,79,69,71,-1,79,71,76,-1,76,71,73,-1,76,73,75,-1,127,129,21,-1,21,129,131,-1,21,131,17,-1,17,131,133,-1,17,133,14,-1,14,133,135,-1,14,135,3,-1,85,87,61,-1,61,87,88,-1,61,88,59,-1,59,88,92,-1,59,92,57,-1,57,92,94,-1,57,94,55,-1,55,94,96,-1,55,96,53,-1,53,96,98,-1,53,98,51,-1,51,98,100,-1,51,100,49,-1,49,100,102,-1,49,102,47,-1,47,102,107,-1,47,107,45,-1,45,107,105,-1,45,105,104,-1,136,137,138,-1,138,137,139,-1,140,136,141,-1,141,136,138,-1,140,141,142,-1,140,142,143,-1,143,142,144,-1,143,144,145,-1,146,145,147,-1,147,145,144,-1,148,146,149,-1,149,146,147,-1,150,148,151,-1,151,148,149,-1,152,150,153,-1,153,150,151,-1,154,152,155,-1,155,152,153,-1,156,157,158,-1,158,157,154,-1,158,154,155,-1,157,156,159,-1,157,159,160,-1,160,159,161,-1,160,161,162,-1,162,161,163,-1,162,163,164,-1,164,163,165,-1,164,165,166,-1,166,165,167,-1,166,167,168,-1,168,167,169,-1,168,169,170,-1,170,169,171,-1,170,171,172,-1,173,172,174,-1,174,172,171,-1,173,174,175,-1,173,175,176,-1,176,175,177,-1,176,177,178,-1,178,177,179,-1,178,179,180,-1,180,179,181,-1,180,181,182,-1,182,181,183,-1,182,183,184,-1,184,183,185,-1,184,185,186,-1,186,185,187,-1,186,187,188,-1,188,187,189,-1,188,189,190,-1,139,137,191,-1,191,137,190,-1,191,190,189,-1,143,145,190,-1,137,136,190,-1,190,136,140,-1,190,140,143,-1,150,152,148,-1,148,152,154,-1,148,154,146,-1,188,160,186,-1,186,160,162,-1,172,173,170,-1,170,173,176,-1,170,176,168,-1,168,176,178,-1,168,178,166,-1,166,178,180,-1,166,180,164,-1,164,180,182,-1,164,182,162,-1,162,182,184,-1,162,184,186,-1,145,146,190,-1,190,146,154,-1,190,154,188,-1,188,154,157,-1,188,157,160,-1,192,193,194,-1,194,193,195,-1,196,197,198,-1,198,197,192,-1,198,192,194,-1,199,197,200,-1,200,197,196,-1,201,202,203,-1,203,202,199,-1,203,199,200,-1,204,202,205,-1,205,202,201,-1,206,207,208,-1,208,207,204,-1,208,204,205,-1,209,207,210,-1,210,207,206,-1,211,212,213,-1,213,212,209,-1,213,209,210,-1,214,212,215,-1,215,212,211,-1,216,217,218,-1,218,217,214,-1,218,214,215,-1,219,217,220,-1,220,217,216,-1,195,193,221,-1,221,193,219,-1,221,219,220,-1,219,193,192,-1,192,197,219,-1,219,197,199,-1,219,199,217,-1,212,214,209,-1,209,214,217,-1,209,217,207,-1,207,217,199,-1,207,199,204,-1,204,199,202,-1,222,223,224,-1,224,223,225,-1,224,225,226,-1,226,225,227,-1,226,227,228,-1,228,227,229,-1,228,229,230,-1,230,229,231,-1,230,231,232,-1,232,231,233,-1,232,233,234,-1,234,233,235,-1,234,235,236,-1,236,235,237,-1,236,237,238,-1,238,237,239,-1,238,239,240,-1,240,239,241,-1,240,241,242,-1,242,241,243,-1,242,243,244,-1,244,243,245,-1,244,245,246,-1,246,245,247,-1,246,247,248,-1,248,247,249,-1,248,249,250,-1,250,249,251,-1,250,251,252,-1,252,251,253,-1,252,253,254,-1,254,253,255,-1,254,255,256,-1,256,255,257,-1,256,257,222,-1,222,257,223,-1,253,251,258,-1,258,251,259,-1,253,258,260,-1,253,260,255,-1,255,260,261,-1,255,261,257,-1,257,261,262,-1,257,262,223,-1,223,262,263,-1,223,263,225,-1,225,263,264,-1,225,264,227,-1,227,264,265,-1,227,265,229,-1,229,265,266,-1,229,266,231,-1,231,266,267,-1,231,267,233,-1,233,267,268,-1,233,268,235,-1,235,268,269,-1,235,269,237,-1,237,269,270,-1,237,270,239,-1,239,270,271,-1,239,271,241,-1,241,271,272,-1,241,272,243,-1,243,272,273,-1,243,273,245,-1,245,273,274,-1,245,274,247,-1,249,247,275,-1,275,247,274,-1,251,249,259,-1,259,249,275,-1,246,248,276,-1,276,248,277,-1,248,250,277,-1,277,250,278,-1,250,252,278,-1,278,252,279,-1,224,280,281,-1,224,281,222,-1,222,281,282,-1,222,282,256,-1,256,282,283,-1,256,283,254,-1,254,283,279,-1,254,279,252,-1,232,284,285,-1,232,285,230,-1,230,285,286,-1,230,286,228,-1,228,286,287,-1,228,287,226,-1,226,287,280,-1,226,280,224,-1,240,288,289,-1,240,289,238,-1,238,289,290,-1,238,290,236,-1,236,290,291,-1,236,291,234,-1,234,291,284,-1,234,284,232,-1,246,276,292,-1,246,292,244,-1,244,292,293,-1,244,293,242,-1,242,293,288,-1,242,288,240,-1,
        ]
    }
}
Shape{
    appearance Appearance {
        material  Material 	{
            diffuseColor 0.8509803921568627 0.8509803921568627 0.8509803921568627
            specularColor 0.4235294117647059 0.4235294117647059 0.4235294117647059
            ambientIntensity 0.851
            transparency 0.0
            shininess 0.5
        }
    }
    geometry IndexedFaceSet {
        ccw TRUE
        solid FALSE
        coord DEF co Coordinate {
            point [
                4.5053 -4.2275 0.9488, 4.5053 -4.351 0.9488, 4.5295 -4.2275 0.9488, 4.5285 -4.351 0.9488, 4.5738 -4.3365 0.9488, 4.5761 -4.3343 0.9488, 4.5498 -4.3486 0.9488, 4.5633 -4.3435 0.9488, 4.5845 -4.3237 0.9488, 4.5899 -4.3117 0.9488, 4.5928 -4.2968 0.9488, 4.5933 -4.2877 0.9488, 4.5908 -4.2675 0.9488, 4.5863 -4.2559 0.9488, 4.5801 -4.2469 0.9488, 4.5757 -4.2426 0.9488, 4.5494 -4.2296 0.9488, 4.5634 -4.2345 0.9488
            ]
        }
        coordIndex [
            0,1,2,-1,2,1,3,-1,2,4,5,-1,3,6,2,-1,2,6,7,-1,2,7,4,-1,5,8,2,-1,2,8,9,-1,2,9,10,-1,10,11,2,-1,2,11,12,-1,2,12,13,-1,13,14,2,-1,2,14,15,-1,2,15,16,-1,16,15,17,-1,
        ]
    }
}
Shape{
    appearance Appearance {
        material  Material 	{
            diffuseColor 0.0 0.0 0.0
            specularColor 0.0 0.0 0.0
            ambientIntensity 0.0
            transparency 0.0
            shininess 0.5
        }
    }
    geometry IndexedFaceSet {
        ccw TRUE
        solid FALSE
        coord DEF co Coordinate {
            point [
                4.6687 -4.3073 0.9492, 4.6621 -4.3254 0.9492, 4.7224 -4.3073 0.9492, 4.7288 -4.3254 0.9492, 4.6926 -4.2408 0.9492, 4.6849 -4.2091 0.9492, 4.6239 -4.3692 0.9492, 4.6467 -4.3692 0.9492, 4.694 -4.236 0.9492, 4.6952 -4.2296 0.9492, 4.707 -4.2091 0.9492, 4.6957 -4.2296 0.9492, 4.697 -4.2363 0.9492, 4.6982 -4.2408 0.9492, 4.768 -4.3692 0.9492, 4.7451 -4.3692 0.9492, 4.707 -4.2091 0.9488, 4.768 -4.3692 0.9488, 4.6849 -4.2091 0.9488, 4.6239 -4.3692 0.9488, 4.6467 -4.3692 0.9488, 4.6621 -4.3254 0.9488, 4.7288 -4.3254 0.9488, 4.7451 -4.3692 0.9488, 4.6687 -4.3073 0.9488, 4.7224 -4.3073 0.9488, 4.6982 -4.2408 0.9488, 4.6957 -4.2296 0.9488, 4.697 -4.2363 0.9488, 4.6952 -4.2296 0.9488, 4.6926 -4.2408 0.9488, 4.694 -4.236 0.9488
            ]
        }
        coordIndex [
            0,1,2,-1,2,1,3,-1,4,5,0,-1,0,5,6,-1,0,6,1,-1,1,6,7,-1,4,8,5,-1,5,8,9,-1,5,9,10,-1,10,9,11,-1,10,11,12,-1,12,13,10,-1,10,13,2,-1,10,2,14,-1,14,2,3,-1,14,3,15,-1,10,14,16,-1,16,14,17,-1,5,10,18,-1,18,10,16,-1,6,5,19,-1,19,5,18,-1,7,6,20,-1,20,6,19,-1,1,7,21,-1,21,7,20,-1,3,1,22,-1,22,1,21,-1,15,3,23,-1,23,3,22,-1,14,15,17,-1,17,15,23,-1,0,2,24,-1,24,2,25,-1,2,13,25,-1,25,13,26,-1,11,27,28,-1,11,28,12,-1,12,28,26,-1,12,26,13,-1,11,9,27,-1,27,9,29,-1,4,30,31,-1,4,31,8,-1,8,31,29,-1,8,29,9,-1,4,0,30,-1,30,0,24,-1,
        ]
    }
}
Shape{
    appearance Appearance {
        material  Material 	{
            diffuseColor 0.8509803921568627 0.8509803921568627 0.8509803921568627
            specularColor 0.4235294117647059 0.4235294117647059 0.4235294117647059
            ambientIntensity 0.851
            transparency 0.0
            shininess 0.5
        }
    }
    geometry IndexedFaceSet {
        ccw TRUE
        solid FALSE
        coord DEF co Coordinate {
            point [
                4.6957 -4.2296 0.9488, 4.6952 -4.2296 0.9488, 4.697 -4.2363 0.9488, 4.694 -4.236 0.9488, 4.6982 -4.2408 0.9488, 4.6926 -4.2408 0.9488, 4.7224 -4.3073 0.9488, 4.6687 -4.3073 0.9488
            ]
        }
        coordIndex [
            0,1,2,-1,2,1,3,-1,2,3,4,-1,4,3,5,-1,4,5,6,-1,6,5,7,-1,
        ]
    }
}
Shape{
    appearance Appearance {
        material  Material 	{
            diffuseColor 0.0 0.0 0.0
            specularColor 0.0 0.0 0.0
            ambientIntensity 0.0
            transparency 0.0
            shininess 0.5
        }
    }
    geometry IndexedFaceSet {
        ccw TRUE
        solid FALSE
        coord DEF co Coordinate {
            point [
                3.2176 -4.3921 0.9492, 3.2345 -4.413 0.9492, 3.2072 -4.2912 0.9492, 3.1871 -4.0936 0.9492, 3.2124 -4.0801 0.9492, 3.2067 -4.0099 0.9492, 3.2778 -4.0066 0.9492, 3.3131 -4.0897 0.9492, 3.3306 -4.0536 0.9492, 3.1823 -4.2759 0.9492, 3.1916 -4.3632 0.9492, 3.2061 -4.3675 0.9492, 3.2516 -4.0043 0.9492, 3.3226 -4.2889 0.9492, 3.3332 -4.2926 0.9492, 3.4281 -4.3197 0.9492, 3.3423 -4.2988 0.9492, 3.3497 -4.307 0.9492, 3.5875 -4.2354 0.9492, 3.5522 -4.1751 0.9492, 3.3996 -4.2548 0.9492, 3.3131 -4.2878 0.9492, 3.302 -4.2892 0.9492, 3.2869 -4.2195 0.9492, 3.292 -4.2932 0.9492, 3.2618 -4.2291 0.9492, 3.2831 -4.2995 0.9492, 3.2385 -4.2453 0.9492, 3.2786 -4.3043 0.9492, 3.2197 -4.2669 0.9492, 3.2727 -4.3137 0.9492, 3.2694 -4.3244 0.9492, 3.2688 -4.3355 0.9492, 3.3595 -4.2253 0.9492, 3.3324 -4.2175 0.9492, 3.3142 -4.2161 0.9492, 3.3546 -4.3164 0.9492, 3.3572 -4.3269 0.9492, 3.4281 -4.3311 0.9492, 3.3572 -4.3373 0.9492, 3.4274 -4.3433 0.9492, 3.6743 -4.1323 0.9492, 3.6922 -4.1443 0.9492, 3.7511 -4.1059 0.9492, 3.707 -4.1607 0.9492, 3.7744 -4.1383 0.9492, 3.7174 -4.1805 0.9492, 3.7883 -4.1731 0.9492, 3.7936 -4.2104 0.9492, 3.3012 -3.9794 0.9492, 3.3561 -4.0231 0.9492, 3.3279 -3.9565 0.9492, 3.3865 -4.0009 0.9492, 3.3557 -3.9393 0.9492, 3.2405 -4.0733 0.9492, 3.2528 -4.0726 0.9492, 3.2647 -4.005 0.9492, 3.2799 -4.0761 0.9492, 3.3054 -4.0855 0.9492, 3.383 -4.2391 0.9492, 3.6251 -4.1227 0.9492, 3.6342 -4.1227 0.9492, 3.6809 -4.0612 0.9492, 3.6544 -4.125 0.9492, 3.6863 -4.0631 0.9492, 3.7202 -4.0798 0.9492, 3.7515 -4.3186 0.9492, 3.6946 -4.2771 0.9492, 3.7205 -4.3447 0.9492, 3.6769 -4.2899 0.9492, 3.6858 -4.3618 0.9492, 3.6562 -4.2979 0.9492, 3.6478 -4.3698 0.9492, 3.641 -4.3003 0.9492, 3.5807 -4.3698 0.9492, 3.5898 -4.3003 0.9492, 3.5743 -4.3688 0.9492, 3.2709 -4.3462 0.9492, 3.2754 -4.3557 0.9492, 3.7225 -4.2025 0.9492, 3.723 -4.2115 0.9492, 3.7884 -4.2509 0.9492, 3.7207 -4.232 0.9492, 3.7741 -4.287 0.9492, 3.7132 -4.2524 0.9492, 3.7011 -4.2704 0.9492, 3.6194 -3.9713 0.9492, 3.5745 -4.0234 0.9492, 3.657 -4.0148 0.9492, 3.6003 -4.054 0.9492, 3.618 -4.0906 0.9492, 3.1423 -4.1588 0.9492, 3.0675 -4.178 0.9492, 3.1389 -4.1865 0.9492, 3.0672 -4.1888 0.9492, 3.1403 -4.2044 0.9492, 3.0727 -4.2335 0.9492, 3.1486 -4.2322 0.9492, 3.0891 -4.2759 0.9492, 3.1619 -4.2549 0.9492, 3.115 -4.3129 0.9492, 3.1504 -4.3431 0.9492, 3.1645 -4.0263 0.9492, 3.1283 -4.0517 0.9492, 3.1679 -4.1108 0.9492, 3.1207 -4.059 0.9492, 3.1521 -4.1334 0.9492, 3.0932 -4.0942 0.9492, 3.0751 -4.1352 0.9492, 3.4207 -4.3714 0.9492, 3.3545 -4.3483 0.9492, 3.4071 -4.3967 0.9492, 3.3492 -4.358 0.9492, 3.39 -4.4159 0.9492, 3.343 -4.365 0.9492, 3.3673 -4.4317 0.9492, 3.3344 -4.3712 0.9492, 3.3419 -4.4415 0.9492, 3.3245 -4.3752 0.9492, 3.3142 -4.4449 0.9492, 3.3131 -4.3766 0.9492, 3.31 -4.4449 0.9492, 3.3112 -4.3766 0.9492, 3.2831 -4.4407 0.9492, 3.3009 -4.3749 0.9492, 3.2568 -4.4297 0.9492, 3.2907 -4.3705 0.9492, 3.2819 -4.3638 0.9492, 3.4082 -3.919 0.9492, 3.4237 -3.9858 0.9492, 3.4645 -3.9121 0.9492, 3.4657 -3.9804 0.9492, 3.5115 -3.917 0.9492, 3.5044 -3.9852 0.9492, 3.5686 -3.9372 0.9492, 3.5401 -3.9989 0.9492, 3.5721 -4.0211 0.9492, 3.5841 -4.2993 0.9492, 3.5567 -4.3579 0.9492, 3.5593 -4.3606 0.9492, 3.5875 -4.3 0.9492, 3.5667 -4.3658 0.9492, 3.5477 -4.3345 0.9492, 3.5487 -4.343 0.9492, 3.5517 -4.3507 0.9492, 3.5741 -4.3003 0.9492, 3.5663 -4.3034 0.9492, 3.5479 -4.33 0.9492, 3.5593 -4.3084 0.9492, 3.5546 -4.3136 0.9492, 3.5502 -4.3213 0.9492, 3.5829 -4.2992 0.9492, 3.7936 -4.2104 0.9488, 3.7883 -4.1731 0.9488, 3.7587 -4.1165 0.9488, 3.7845 -4.1635 0.9488, 3.7744 -4.1383 0.9488, 3.7511 -4.1059 0.9488, 3.7202 -4.0798 0.9488, 3.6863 -4.0631 0.9488, 3.6809 -4.0612 0.9488, 3.657 -4.0148 0.9488, 3.6194 -3.9713 0.9488, 3.5932 -3.9537 0.9488, 3.5686 -3.9372 0.9488, 3.5115 -3.917 0.9488, 3.4645 -3.9121 0.9488, 3.3279 -3.9565 0.9488, 3.3324 -3.9537 0.9488, 3.3557 -3.9393 0.9488, 3.4082 -3.919 0.9488, 3.3012 -3.9794 0.9488, 3.2778 -4.0066 0.9488, 3.2647 -4.005 0.9488, 3.2516 -4.0043 0.9488, 3.2067 -4.0099 0.9488, 3.1645 -4.0263 0.9488, 3.1283 -4.0517 0.9488, 3.1207 -4.059 0.9488, 3.0672 -4.1888 0.9488, 3.0932 -4.0942 0.9488, 3.0833 -4.1165 0.9488, 3.0751 -4.1352 0.9488, 3.0701 -4.1635 0.9488, 3.0675 -4.178 0.9488, 3.0727 -4.2335 0.9488, 3.0891 -4.2759 0.9488, 3.115 -4.3129 0.9488, 3.1504 -4.3431 0.9488, 3.1916 -4.3632 0.9488, 3.2061 -4.3675 0.9488, 3.2075 -4.3706 0.9488, 3.2176 -4.3921 0.9488, 3.2345 -4.413 0.9488, 3.2568 -4.4297 0.9488, 3.2672 -4.434 0.9488, 3.2831 -4.4407 0.9488, 3.31 -4.4449 0.9488, 3.3142 -4.4449 0.9488, 3.4281 -4.3311 0.9488, 3.3419 -4.4415 0.9488, 3.3614 -4.434 0.9488, 3.3673 -4.4317 0.9488, 3.39 -4.4159 0.9488, 3.4071 -4.3967 0.9488, 3.4207 -4.3714 0.9488, 3.4209 -4.3706 0.9488, 3.4274 -4.3433 0.9488, 3.4281 -4.3197 0.9488, 3.5875 -4.2354 0.9488, 3.5522 -4.1751 0.9488, 3.3996 -4.2548 0.9488, 3.383 -4.2391 0.9488, 3.3595 -4.2253 0.9488, 3.3324 -4.2175 0.9488, 3.3142 -4.2161 0.9488, 3.2869 -4.2195 0.9488, 3.2618 -4.2291 0.9488, 3.2385 -4.2453 0.9488, 3.2197 -4.2669 0.9488, 3.2072 -4.2912 0.9488, 3.1823 -4.2759 0.9488, 3.1619 -4.2549 0.9488, 3.1486 -4.2322 0.9488, 3.1403 -4.2044 0.9488, 3.1389 -4.1865 0.9488, 3.1418 -4.1635 0.9488, 3.1423 -4.1588 0.9488, 3.1521 -4.1334 0.9488, 3.1639 -4.1165 0.9488, 3.1679 -4.1108 0.9488, 3.1871 -4.0936 0.9488, 3.2124 -4.0801 0.9488, 3.2405 -4.0733 0.9488, 3.2528 -4.0726 0.9488, 3.2799 -4.0761 0.9488, 3.3054 -4.0855 0.9488, 3.3131 -4.0897 0.9488, 3.3306 -4.0536 0.9488, 3.3561 -4.0231 0.9488, 3.3865 -4.0009 0.9488, 3.4237 -3.9858 0.9488, 3.4657 -3.9804 0.9488, 3.6251 -4.1227 0.9488, 3.6237 -4.1165 0.9488, 3.618 -4.0906 0.9488, 3.6003 -4.054 0.9488, 3.5745 -4.0234 0.9488, 3.5721 -4.0211 0.9488, 3.5401 -3.9989 0.9488, 3.5044 -3.9852 0.9488, 3.6342 -4.1227 0.9488, 3.6544 -4.125 0.9488, 3.6743 -4.1323 0.9488, 3.6922 -4.1443 0.9488, 3.707 -4.1607 0.9488, 3.7084 -4.1635 0.9488, 3.7174 -4.1805 0.9488, 3.7225 -4.2025 0.9488, 3.723 -4.2115 0.9488, 3.7207 -4.232 0.9488, 3.7132 -4.2524 0.9488, 3.7011 -4.2704 0.9488, 3.6946 -4.2771 0.9488, 3.6769 -4.2899 0.9488, 3.6562 -4.2979 0.9488, 3.641 -4.3003 0.9488, 3.5898 -4.3003 0.9488, 3.5875 -4.3 0.9488, 3.5841 -4.2993 0.9488, 3.5829 -4.2992 0.9488, 3.5741 -4.3003 0.9488, 3.5663 -4.3034 0.9488, 3.5593 -4.3084 0.9488, 3.5546 -4.3136 0.9488, 3.5502 -4.3213 0.9488, 3.5479 -4.33 0.9488, 3.5477 -4.3345 0.9488, 3.5487 -4.343 0.9488, 3.5517 -4.3507 0.9488, 3.5567 -4.3579 0.9488, 3.5593 -4.3606 0.9488, 3.5667 -4.3658 0.9488, 3.5743 -4.3688 0.9488, 3.5807 -4.3698 0.9488, 3.6478 -4.3698 0.9488, 3.6858 -4.3618 0.9488, 3.7205 -4.3447 0.9488, 3.7515 -4.3186 0.9488, 3.7741 -4.287 0.9488, 3.7884 -4.2509 0.9488, 3.3131 -4.2878 0.9488, 3.3226 -4.2889 0.9488, 3.3332 -4.2926 0.9488, 3.3423 -4.2988 0.9488, 3.3497 -4.307 0.9488, 3.3546 -4.3164 0.9488, 3.3572 -4.3269 0.9488, 3.3572 -4.3373 0.9488, 3.3545 -4.3483 0.9488, 3.3492 -4.358 0.9488, 3.343 -4.365 0.9488, 3.3344 -4.3712 0.9488, 3.3245 -4.3752 0.9488, 3.3131 -4.3766 0.9488, 3.3112 -4.3766 0.9488, 3.3009 -4.3749 0.9488, 3.2907 -4.3705 0.9488, 3.2819 -4.3638 0.9488, 3.2754 -4.3557 0.9488, 3.2709 -4.3462 0.9488, 3.2688 -4.3355 0.9488, 3.2694 -4.3244 0.9488, 3.2727 -4.3137 0.9488, 3.2786 -4.3043 0.9488, 3.2831 -4.2995 0.9488, 3.292 -4.2932 0.9488, 3.302 -4.2892 0.9488
            ]
        }
        coordIndex [
            0,1,2,-1,3,4,5,-1,6,7,8,-1,9,10,2,-1,2,10,11,-1,2,11,0,-1,5,4,12,-1,13,14,15,-1,15,14,16,-1,15,16,17,-1,18,19,15,-1,15,19,20,-1,15,20,13,-1,13,20,21,-1,22,23,24,-1,24,23,25,-1,24,25,26,-1,26,25,27,-1,26,27,28,-1,28,27,29,-1,28,29,30,-1,30,29,2,-1,30,2,31,-1,31,2,32,-1,33,34,22,-1,22,34,35,-1,22,35,23,-1,17,36,15,-1,15,36,37,-1,15,37,38,-1,38,37,39,-1,38,39,40,-1,41,42,43,-1,43,42,44,-1,43,44,45,-1,45,44,46,-1,45,46,47,-1,47,46,48,-1,6,8,49,-1,49,8,50,-1,49,50,51,-1,51,50,52,-1,51,52,53,-1,4,54,12,-1,12,54,55,-1,12,55,56,-1,56,55,57,-1,56,57,6,-1,6,57,58,-1,6,58,7,-1,21,20,22,-1,22,20,59,-1,22,59,33,-1,60,61,62,-1,62,61,63,-1,62,63,64,-1,64,63,41,-1,64,41,65,-1,65,41,43,-1,66,67,68,-1,68,67,69,-1,68,69,70,-1,70,69,71,-1,70,71,72,-1,72,71,73,-1,72,73,74,-1,74,73,75,-1,74,75,76,-1,32,2,77,-1,77,2,1,-1,77,1,78,-1,46,79,48,-1,48,79,80,-1,48,80,81,-1,81,80,82,-1,81,82,83,-1,83,82,84,-1,83,84,66,-1,66,84,85,-1,66,85,67,-1,86,87,88,-1,88,87,89,-1,88,89,62,-1,62,89,90,-1,62,90,60,-1,91,92,93,-1,93,92,94,-1,93,94,95,-1,95,94,96,-1,95,96,97,-1,97,96,98,-1,97,98,99,-1,99,98,100,-1,99,100,9,-1,9,100,101,-1,9,101,10,-1,5,102,3,-1,3,102,103,-1,3,103,104,-1,104,103,105,-1,104,105,106,-1,106,105,107,-1,106,107,91,-1,91,107,108,-1,91,108,92,-1,40,39,109,-1,109,39,110,-1,109,110,111,-1,111,110,112,-1,111,112,113,-1,113,112,114,-1,113,114,115,-1,115,114,116,-1,115,116,117,-1,117,116,118,-1,117,118,119,-1,119,118,120,-1,119,120,121,-1,121,120,122,-1,121,122,123,-1,123,122,124,-1,123,124,125,-1,125,124,126,-1,125,126,1,-1,1,126,127,-1,1,127,78,-1,53,52,128,-1,128,52,129,-1,128,129,130,-1,130,129,131,-1,130,131,132,-1,132,131,133,-1,132,133,134,-1,134,133,135,-1,134,135,86,-1,86,135,136,-1,86,136,87,-1,137,138,139,-1,75,140,76,-1,76,140,137,-1,76,137,141,-1,141,137,139,-1,142,143,137,-1,137,143,144,-1,137,144,138,-1,145,146,147,-1,146,148,147,-1,147,148,149,-1,147,149,150,-1,142,137,147,-1,147,137,151,-1,147,151,145,-1,48,152,153,-1,154,43,45,-1,48,153,47,-1,47,153,155,-1,47,155,45,-1,45,155,156,-1,45,156,154,-1,154,157,43,-1,43,157,158,-1,43,158,65,-1,65,158,159,-1,65,159,64,-1,64,159,160,-1,64,160,62,-1,62,160,161,-1,62,161,88,-1,88,161,162,-1,88,162,86,-1,134,86,163,-1,163,86,162,-1,163,164,134,-1,134,164,165,-1,134,165,132,-1,132,165,166,-1,132,166,130,-1,167,51,168,-1,168,51,53,-1,168,53,169,-1,169,53,128,-1,169,128,170,-1,170,128,130,-1,170,130,166,-1,51,167,171,-1,51,171,49,-1,49,171,172,-1,49,172,6,-1,6,172,173,-1,6,173,56,-1,56,173,174,-1,56,174,12,-1,12,174,175,-1,12,175,5,-1,5,175,176,-1,5,176,102,-1,102,176,177,-1,102,177,103,-1,103,177,178,-1,103,178,105,-1,179,94,92,-1,105,178,180,-1,105,180,107,-1,107,180,181,-1,107,181,108,-1,181,182,108,-1,108,182,183,-1,108,183,92,-1,92,183,184,-1,92,184,179,-1,94,179,185,-1,94,185,96,-1,96,185,186,-1,96,186,98,-1,98,186,187,-1,98,187,100,-1,100,187,188,-1,100,188,101,-1,101,188,189,-1,101,189,10,-1,10,189,190,-1,10,190,11,-1,11,190,191,-1,11,191,0,-1,191,192,0,-1,0,192,193,-1,0,193,1,-1,1,193,194,-1,1,194,125,-1,125,194,195,-1,125,195,123,-1,195,196,123,-1,123,196,197,-1,123,197,121,-1,121,197,198,-1,121,198,119,-1,199,38,40,-1,119,198,200,-1,119,200,117,-1,117,200,201,-1,117,201,115,-1,201,202,115,-1,115,202,203,-1,115,203,113,-1,113,203,204,-1,113,204,111,-1,111,204,205,-1,111,205,109,-1,109,205,206,-1,109,206,40,-1,40,206,207,-1,40,207,199,-1,15,38,208,-1,208,38,199,-1,18,15,209,-1,209,15,208,-1,19,18,210,-1,210,18,209,-1,20,19,211,-1,211,19,210,-1,20,211,212,-1,20,212,59,-1,59,212,213,-1,59,213,33,-1,33,213,214,-1,33,214,34,-1,34,214,215,-1,34,215,35,-1,35,215,216,-1,35,216,23,-1,23,216,217,-1,23,217,25,-1,25,217,218,-1,25,218,27,-1,27,218,219,-1,27,219,29,-1,29,219,220,-1,29,220,2,-1,2,220,221,-1,2,221,9,-1,9,221,222,-1,9,222,99,-1,99,222,223,-1,99,223,97,-1,97,223,224,-1,97,224,95,-1,95,224,225,-1,95,225,93,-1,91,93,226,-1,226,93,225,-1,226,227,91,-1,91,227,228,-1,91,228,106,-1,106,228,229,-1,106,229,104,-1,229,230,104,-1,104,230,231,-1,104,231,3,-1,3,231,232,-1,3,232,4,-1,4,232,233,-1,4,233,54,-1,54,233,234,-1,54,234,55,-1,55,234,235,-1,55,235,57,-1,57,235,236,-1,57,236,58,-1,58,236,237,-1,58,237,7,-1,7,237,238,-1,7,238,8,-1,8,238,239,-1,8,239,50,-1,50,239,240,-1,50,240,52,-1,52,240,241,-1,52,241,129,-1,129,241,242,-1,129,242,131,-1,243,60,244,-1,244,60,90,-1,244,90,245,-1,245,90,89,-1,245,89,246,-1,246,89,87,-1,246,87,247,-1,247,87,136,-1,247,136,248,-1,248,136,135,-1,248,135,249,-1,249,135,133,-1,249,133,250,-1,250,133,131,-1,250,131,242,-1,61,60,251,-1,251,60,243,-1,61,251,252,-1,61,252,63,-1,63,252,253,-1,63,253,41,-1,41,253,254,-1,41,254,42,-1,42,254,255,-1,42,255,44,-1,44,255,256,-1,44,256,46,-1,256,257,46,-1,46,257,258,-1,46,258,79,-1,79,258,259,-1,79,259,80,-1,80,259,260,-1,80,260,82,-1,82,260,261,-1,82,261,84,-1,84,261,262,-1,84,262,85,-1,85,262,263,-1,85,263,67,-1,67,263,264,-1,67,264,69,-1,69,264,265,-1,69,265,71,-1,71,265,266,-1,71,266,73,-1,75,73,267,-1,267,73,266,-1,75,267,268,-1,75,268,140,-1,140,268,269,-1,140,269,137,-1,137,269,270,-1,137,270,151,-1,151,270,271,-1,151,271,145,-1,145,271,272,-1,145,272,146,-1,146,272,273,-1,146,273,148,-1,148,273,274,-1,148,274,149,-1,149,274,275,-1,149,275,150,-1,150,275,276,-1,150,276,147,-1,147,276,277,-1,147,277,142,-1,142,277,278,-1,142,278,143,-1,143,278,279,-1,143,279,144,-1,144,279,280,-1,144,280,138,-1,138,280,281,-1,138,281,139,-1,139,281,282,-1,139,282,141,-1,141,282,283,-1,141,283,76,-1,76,283,284,-1,76,284,74,-1,72,74,285,-1,285,74,284,-1,72,285,286,-1,72,286,70,-1,70,286,287,-1,70,287,68,-1,68,287,288,-1,68,288,66,-1,66,288,289,-1,66,289,83,-1,83,289,290,-1,83,290,81,-1,81,290,152,-1,81,152,48,-1,21,291,292,-1,21,292,13,-1,13,292,293,-1,13,293,14,-1,14,293,294,-1,14,294,16,-1,16,294,295,-1,16,295,17,-1,17,295,296,-1,17,296,36,-1,36,296,297,-1,36,297,37,-1,37,297,298,-1,37,298,39,-1,39,298,299,-1,39,299,110,-1,110,299,300,-1,110,300,112,-1,112,300,301,-1,112,301,114,-1,114,301,302,-1,114,302,116,-1,116,302,303,-1,116,303,118,-1,118,303,304,-1,118,304,120,-1,120,304,305,-1,120,305,122,-1,122,305,306,-1,122,306,124,-1,124,306,307,-1,124,307,126,-1,126,307,308,-1,126,308,127,-1,127,308,309,-1,127,309,78,-1,78,309,310,-1,78,310,77,-1,77,310,311,-1,77,311,32,-1,32,311,312,-1,32,312,31,-1,31,312,313,-1,31,313,30,-1,30,313,314,-1,30,314,28,-1,28,314,315,-1,28,315,26,-1,26,315,316,-1,26,316,24,-1,24,316,317,-1,24,317,22,-1,22,317,291,-1,22,291,21,-1,
        ]
    }
}
Shape{
    appearance Appearance {
        material  Material 	{
            diffuseColor 0.8509803921568627 0.8509803921568627 0.8509803921568627
            specularColor 0.4235294117647059 0.4235294117647059 0.4235294117647059
            ambientIntensity 0.851
            transparency 0.0
            shininess 0.5
        }
    }
    geometry IndexedFaceSet {
        ccw TRUE
        solid FALSE
        coord DEF co Coordinate {
            point [
                3.3112 -4.3766 0.9488, 3.2831 -4.2995 0.9488, 3.2786 -4.3043 0.9488, 3.3245 -4.3752 0.9488, 3.3344 -4.3712 0.9488, 3.3226 -4.2889 0.9488, 3.3131 -4.2878 0.9488, 3.302 -4.2892 0.9488, 3.292 -4.2932 0.9488, 3.2709 -4.3462 0.9488, 3.2754 -4.3557 0.9488, 3.2819 -4.3638 0.9488, 3.3131 -4.3766 0.9488, 3.2727 -4.3137 0.9488, 3.2694 -4.3244 0.9488, 3.2688 -4.3355 0.9488, 3.2907 -4.3705 0.9488, 3.3009 -4.3749 0.9488, 3.343 -4.365 0.9488, 3.3492 -4.358 0.9488, 3.3545 -4.3483 0.9488, 3.3572 -4.3373 0.9488, 3.3572 -4.3269 0.9488, 3.3546 -4.3164 0.9488, 3.3497 -4.307 0.9488, 3.3423 -4.2988 0.9488, 3.3332 -4.2926 0.9488
            ]
        }
        coordIndex [
            0,1,2,-1,3,4,5,-1,6,7,0,-1,0,7,8,-1,0,8,1,-1,9,10,2,-1,2,10,11,-1,6,0,5,-1,5,0,12,-1,5,12,3,-1,13,14,2,-1,2,14,15,-1,2,15,9,-1,11,16,2,-1,2,16,17,-1,2,17,0,-1,4,18,5,-1,5,18,19,-1,5,19,20,-1,20,21,5,-1,5,21,22,-1,5,22,23,-1,23,24,5,-1,5,24,25,-1,5,25,26,-1,
        ]
    }
}