2026-09-07 23:59:12.277 [main] INFO  Freerouting v1.9.0 (build-date: 2023-10-30)
2026-09-07 23:59:14.015 [ForkJoinPool.commonPool-worker-1] INFO  New version available: v2.4.1
2026-09-08 00:30:21.823 [main] INFO  Freerouting v1.9.0 (build-date: 2023-10-30)
2026-09-08 00:30:21.874 [main] INFO  Settings were loaded from freerouting.json
2026-09-08 00:30:22.896 [main] INFO  Opening '/home/david/pcb/autoroute.dsn'...
2026-09-08 00:30:45.306 [Thread-29] INFO  Starting auto-routing...
2026-09-08 00:30:45.625 [Thread-29] WARN  FloatLine: Parameter is null
2026-09-08 00:30:45.707 [Thread-29] WARN  FloatLine: Parameter is null
2026-09-08 00:30:45.811 [Thread-29] WARN  FloatLine: Parameter is null
2026-09-08 00:30:46.868 [Thread-29] WARN  FloatLine: Parameter is null
2026-09-08 00:30:46.872 [Thread-29] WARN  FloatLine: Parameter is null
2026-09-08 00:30:46.874 [Thread-29] WARN  FloatLine: Parameter is null
2026-09-08 00:30:46.880 [Thread-29] WARN  FloatLine: Parameter is null
2026-09-08 00:30:46.888 [Thread-29] WARN  FloatLine: Parameter is null
2026-09-08 00:30:46.899 [Thread-29] WARN  FloatLine: Parameter is null
2026-09-08 00:30:46.901 [Thread-29] WARN  FloatLine: Parameter is null
2026-09-08 00:30:46.904 [Thread-29] WARN  FloatLine: Parameter is null
2026-09-08 00:30:46.906 [Thread-29] WARN  FloatLine: Parameter is null
2026-09-08 00:30:46.923 [Thread-29] WARN  FloatLine: Parameter is null
2026-09-08 00:30:46.935 [Thread-29] WARN  FloatLine: Parameter is null
2026-09-08 00:30:46.951 [Thread-29] WARN  FloatLine: Parameter is null
2026-09-08 00:30:46.968 [Thread-29] WARN  FloatLine: Parameter is null
2026-09-08 00:30:46.974 [Thread-29] WARN  FloatLine: Parameter is null
2026-09-08 00:30:46.977 [Thread-29] WARN  FloatLine: Parameter is null
2026-09-08 00:30:46.979 [Thread-29] WARN  FloatLine: Parameter is null
2026-09-08 00:30:46.982 [Thread-29] WARN  FloatLine: Parameter is null
2026-09-08 00:30:46.984 [Thread-29] WARN  FloatLine: Parameter is null
2026-09-08 00:31:47.831 [Thread-29] WARN  FloatLine: Parameter is null
2026-09-08 00:31:47.835 [Thread-29] WARN  FloatLine: Parameter is null
2026-09-08 00:31:48.654 [Thread-29] WARN  FloatLine: Parameter is null
2026-09-08 00:31:48.657 [Thread-29] WARN  FloatLine: Parameter is null
2026-09-08 00:31:48.659 [Thread-29] WARN  FloatLine: Parameter is null
2026-09-08 00:31:48.661 [Thread-29] WARN  FloatLine: Parameter is null
2026-09-08 00:31:48.665 [Thread-29] WARN  FloatLine: Parameter is null
2026-09-08 00:31:48.669 [Thread-29] WARN  FloatLine: Parameter is null
2026-09-08 00:31:48.671 [Thread-29] WARN  FloatLine: Parameter is null
2026-09-08 00:31:48.673 [Thread-29] WARN  FloatLine: Parameter is null
2026-09-08 00:31:48.675 [Thread-29] WARN  FloatLine: Parameter is null
2026-09-08 00:31:48.678 [Thread-29] WARN  FloatLine: Parameter is null
2026-09-08 00:31:48.679 [Thread-29] WARN  FloatLine: Parameter is null
2026-09-08 00:31:48.680 [Thread-29] WARN  FloatLine: Parameter is null
2026-09-08 00:31:48.682 [Thread-29] WARN  FloatLine: Parameter is null
2026-09-08 00:31:48.684 [Thread-29] WARN  FloatLine: Parameter is null
2026-09-08 00:33:04.286 [Thread-29] WARN  FloatLine: Parameter is null
2026-09-08 00:33:04.290 [Thread-29] WARN  FloatLine: Parameter is null
2026-09-08 00:33:05.084 [Thread-29] WARN  FloatLine: Parameter is null
2026-09-08 00:33:05.087 [Thread-29] WARN  FloatLine: Parameter is null
2026-09-08 00:33:05.090 [Thread-29] WARN  FloatLine: Parameter is null
2026-09-08 00:33:05.093 [Thread-29] WARN  FloatLine: Parameter is null
2026-09-08 00:33:05.095 [Thread-29] WARN  FloatLine: Parameter is null
2026-09-08 00:33:05.098 [Thread-29] WARN  FloatLine: Parameter is null
2026-09-08 00:33:05.099 [Thread-29] WARN  FloatLine: Parameter is null
2026-09-08 00:33:05.101 [Thread-29] WARN  FloatLine: Parameter is null
2026-09-08 00:33:05.102 [Thread-29] WARN  FloatLine: Parameter is null
2026-09-08 00:33:05.104 [Thread-29] WARN  FloatLine: Parameter is null
2026-09-08 00:33:05.105 [Thread-29] WARN  FloatLine: Parameter is null
2026-09-08 00:33:05.106 [Thread-29] WARN  FloatLine: Parameter is null
2026-09-08 00:33:05.108 [Thread-29] WARN  FloatLine: Parameter is null
2026-09-08 00:33:05.109 [Thread-29] WARN  FloatLine: Parameter is null
2026-09-08 00:34:31.350 [Thread-29] WARN  FloatLine: Parameter is null
2026-09-08 00:34:31.357 [Thread-29] WARN  FloatLine: Parameter is null
2026-09-08 00:34:32.351 [Thread-29] WARN  FloatLine: Parameter is null
2026-09-08 00:34:32.353 [Thread-29] WARN  FloatLine: Parameter is null
2026-09-08 00:34:32.354 [Thread-29] WARN  FloatLine: Parameter is null
2026-09-08 00:34:32.357 [Thread-29] WARN  FloatLine: Parameter is null
2026-09-08 00:34:32.360 [Thread-29] WARN  FloatLine: Parameter is null
2026-09-08 00:34:32.368 [Thread-29] WARN  FloatLine: Parameter is null
2026-09-08 00:34:32.369 [Thread-29] WARN  FloatLine: Parameter is null
2026-09-08 00:34:32.370 [Thread-29] WARN  FloatLine: Parameter is null
2026-09-08 00:34:32.371 [Thread-29] WARN  FloatLine: Parameter is null
2026-09-08 00:34:32.374 [Thread-29] WARN  FloatLine: Parameter is null
2026-09-08 00:34:32.375 [Thread-29] WARN  FloatLine: Parameter is null
2026-09-08 00:34:32.376 [Thread-29] WARN  FloatLine: Parameter is null
2026-09-08 00:34:32.377 [Thread-29] WARN  FloatLine: Parameter is null
2026-09-08 00:34:32.379 [Thread-29] WARN  FloatLine: Parameter is null
2026-09-08 00:36:11.917 [Thread-29] WARN  FloatLine: Parameter is null
2026-09-08 00:36:11.922 [Thread-29] WARN  FloatLine: Parameter is null
2026-09-08 00:36:12.899 [Thread-29] WARN  FloatLine: Parameter is null
2026-09-08 00:36:12.901 [Thread-29] WARN  FloatLine: Parameter is null
2026-09-08 00:36:12.902 [Thread-29] WARN  FloatLine: Parameter is null
2026-09-08 00:36:12.906 [Thread-29] WARN  FloatLine: Parameter is null
2026-09-08 00:36:12.909 [Thread-29] WARN  FloatLine: Parameter is null
2026-09-08 00:36:12.913 [Thread-29] WARN  FloatLine: Parameter is null
2026-09-08 00:36:12.915 [Thread-29] WARN  FloatLine: Parameter is null
2026-09-08 00:36:12.916 [Thread-29] WARN  FloatLine: Parameter is null
2026-09-08 00:36:12.916 [Thread-29] WARN  FloatLine: Parameter is null
2026-09-08 00:36:12.918 [Thread-29] WARN  FloatLine: Parameter is null
2026-09-08 00:36:12.920 [Thread-29] WARN  FloatLine: Parameter is null
2026-09-08 00:36:12.920 [Thread-29] WARN  FloatLine: Parameter is null
2026-09-08 00:36:12.922 [Thread-29] WARN  FloatLine: Parameter is null
2026-09-08 00:36:12.922 [Thread-29] WARN  FloatLine: Parameter is null
2026-09-08 00:38:08.801 [Thread-29] WARN  FloatLine: Parameter is null
2026-09-08 00:38:08.805 [Thread-29] WARN  FloatLine: Parameter is null
2026-09-08 00:38:09.902 [Thread-29] WARN  FloatLine: Parameter is null
2026-09-08 00:38:09.904 [Thread-29] WARN  FloatLine: Parameter is null
2026-09-08 00:38:09.905 [Thread-29] WARN  FloatLine: Parameter is null
2026-09-08 00:38:09.907 [Thread-29] WARN  FloatLine: Parameter is null
2026-09-08 00:38:09.910 [Thread-29] WARN  FloatLine: Parameter is null
2026-09-08 00:38:09.914 [Thread-29] WARN  FloatLine: Parameter is null
2026-09-08 00:38:09.916 [Thread-29] WARN  FloatLine: Parameter is null
2026-09-08 00:38:09.917 [Thread-29] WARN  FloatLine: Parameter is null
2026-09-08 00:38:09.917 [Thread-29] WARN  FloatLine: Parameter is null
2026-09-08 00:38:09.919 [Thread-29] WARN  FloatLine: Parameter is null
2026-09-08 00:38:09.920 [Thread-29] WARN  FloatLine: Parameter is null
2026-09-08 00:38:09.921 [Thread-29] WARN  FloatLine: Parameter is null
2026-09-08 00:38:09.921 [Thread-29] WARN  FloatLine: Parameter is null
2026-09-08 00:38:09.922 [Thread-29] WARN  FloatLine: Parameter is null
2026-09-08 00:40:04.927 [Thread-29] WARN  FloatLine: Parameter is null
2026-09-08 00:40:04.931 [Thread-29] WARN  FloatLine: Parameter is null
2026-09-08 00:40:05.944 [Thread-29] WARN  FloatLine: Parameter is null
2026-09-08 00:40:05.946 [Thread-29] WARN  FloatLine: Parameter is null
2026-09-08 00:40:05.948 [Thread-29] WARN  FloatLine: Parameter is null
2026-09-08 00:40:05.950 [Thread-29] WARN  FloatLine: Parameter is null
2026-09-08 00:40:05.953 [Thread-29] WARN  FloatLine: Parameter is null
2026-09-08 00:40:05.957 [Thread-29] WARN  FloatLine: Parameter is null
2026-09-08 00:40:05.959 [Thread-29] WARN  FloatLine: Parameter is null
2026-09-08 00:40:05.961 [Thread-29] WARN  FloatLine: Parameter is null
2026-09-08 00:40:05.962 [Thread-29] WARN  FloatLine: Parameter is null
2026-09-08 00:40:05.965 [Thread-29] WARN  FloatLine: Parameter is null
2026-09-08 00:40:05.966 [Thread-29] WARN  FloatLine: Parameter is null
2026-09-08 00:40:05.967 [Thread-29] WARN  FloatLine: Parameter is null
2026-09-08 00:40:05.967 [Thread-29] WARN  FloatLine: Parameter is null
2026-09-08 00:40:05.968 [Thread-29] WARN  FloatLine: Parameter is null
2026-09-08 00:41:55.509 [Thread-29] WARN  FloatLine: Parameter is null
2026-09-08 00:41:55.514 [Thread-29] WARN  FloatLine: Parameter is null
2026-09-08 00:41:55.561 [Thread-29] WARN  FloatLine: Parameter is null
2026-09-08 00:41:55.563 [Thread-29] WARN  FloatLine: Parameter is null
2026-09-08 00:41:55.564 [Thread-29] WARN  FloatLine: Parameter is null
2026-09-08 00:41:55.566 [Thread-29] WARN  FloatLine: Parameter is null
2026-09-08 00:41:55.569 [Thread-29] WARN  FloatLine: Parameter is null
2026-09-08 00:41:55.573 [Thread-29] WARN  FloatLine: Parameter is null
2026-09-08 00:41:55.574 [Thread-29] WARN  FloatLine: Parameter is null
2026-09-08 00:41:55.575 [Thread-29] WARN  FloatLine: Parameter is null
2026-09-08 00:41:55.576 [Thread-29] WARN  FloatLine: Parameter is null
2026-09-08 00:41:55.578 [Thread-29] WARN  FloatLine: Parameter is null
2026-09-08 00:41:55.579 [Thread-29] WARN  FloatLine: Parameter is null
2026-09-08 00:41:55.580 [Thread-29] WARN  FloatLine: Parameter is null
2026-09-08 00:41:55.581 [Thread-29] WARN  FloatLine: Parameter is null
2026-09-08 00:41:55.581 [Thread-29] WARN  FloatLine: Parameter is null
2026-09-08 00:43:51.925 [Thread-29] INFO  Auto-routing was completed in 13 minute(s) 6.62 seconds.
2026-09-08 00:43:52.026 [Thread-29] INFO  Starting route optimization on 1 thread...
2026-09-08 00:44:24.959 [Thread-29] INFO  Route optimization was completed in 32.93 seconds.
2026-09-08 00:44:24.993 [Thread-29] INFO  Saving '/home/david/pcb/autoroute.ses'...
2026-09-08 00:52:25.188 [main] INFO  Freerouting v1.9.0 (build-date: 2023-10-30)
2026-09-08 00:52:25.247 [main] INFO  Settings were loaded from freerouting.json
2026-09-08 00:52:26.272 [main] INFO  Opening '/home/david/pcb/autoroute.dsn'...
2026-09-08 00:52:27.268 [ForkJoinPool.commonPool-worker-1] INFO  New version available: v2.4.1
2026-09-08 00:52:48.910 [Thread-28] INFO  Starting auto-routing...
2026-09-08 00:52:49.194 [Thread-28] WARN  FloatLine: Parameter is null
2026-09-08 00:52:49.281 [Thread-28] WARN  FloatLine: Parameter is null
2026-09-08 00:52:49.379 [Thread-28] WARN  FloatLine: Parameter is null
2026-09-08 00:52:50.539 [Thread-28] WARN  FloatLine: Parameter is null
2026-09-08 00:52:50.542 [Thread-28] WARN  FloatLine: Parameter is null
2026-09-08 00:52:50.544 [Thread-28] WARN  FloatLine: Parameter is null
2026-09-08 00:52:50.548 [Thread-28] WARN  FloatLine: Parameter is null
2026-09-08 00:52:50.553 [Thread-28] WARN  FloatLine: Parameter is null
2026-09-08 00:52:50.559 [Thread-28] WARN  FloatLine: Parameter is null
2026-09-08 00:52:50.561 [Thread-28] WARN  FloatLine: Parameter is null
2026-09-08 00:52:50.565 [Thread-28] WARN  FloatLine: Parameter is null
2026-09-08 00:52:50.567 [Thread-28] WARN  FloatLine: Parameter is null
2026-09-08 00:52:50.579 [Thread-28] WARN  FloatLine: Parameter is null
2026-09-08 00:52:50.593 [Thread-28] WARN  FloatLine: Parameter is null
2026-09-08 00:52:50.606 [Thread-28] WARN  FloatLine: Parameter is null
2026-09-08 00:52:50.624 [Thread-28] WARN  FloatLine: Parameter is null
2026-09-08 00:52:50.630 [Thread-28] WARN  FloatLine: Parameter is null
2026-09-08 00:52:50.634 [Thread-28] WARN  FloatLine: Parameter is null
2026-09-08 00:52:50.637 [Thread-28] WARN  FloatLine: Parameter is null
2026-09-08 00:52:50.640 [Thread-28] WARN  FloatLine: Parameter is null
2026-09-08 00:52:50.644 [Thread-28] WARN  FloatLine: Parameter is null
2026-09-08 00:54:02.914 [Thread-28] WARN  FloatLine: Parameter is null
2026-09-08 00:54:02.918 [Thread-28] WARN  FloatLine: Parameter is null
2026-09-08 00:54:03.704 [Thread-28] WARN  FloatLine: Parameter is null
2026-09-08 00:54:03.708 [Thread-28] WARN  FloatLine: Parameter is null
2026-09-08 00:54:03.710 [Thread-28] WARN  FloatLine: Parameter is null
2026-09-08 00:54:03.713 [Thread-28] WARN  FloatLine: Parameter is null
2026-09-08 00:54:03.716 [Thread-28] WARN  FloatLine: Parameter is null
2026-09-08 00:54:03.722 [Thread-28] WARN  FloatLine: Parameter is null
2026-09-08 00:54:03.723 [Thread-28] WARN  FloatLine: Parameter is null
2026-09-08 00:54:03.725 [Thread-28] WARN  FloatLine: Parameter is null
2026-09-08 00:54:03.727 [Thread-28] WARN  FloatLine: Parameter is null
2026-09-08 00:54:03.730 [Thread-28] WARN  FloatLine: Parameter is null
2026-09-08 00:54:03.732 [Thread-28] WARN  FloatLine: Parameter is null
2026-09-08 00:54:03.733 [Thread-28] WARN  FloatLine: Parameter is null
2026-09-08 00:54:03.734 [Thread-28] WARN  FloatLine: Parameter is null
2026-09-08 00:54:03.735 [Thread-28] WARN  FloatLine: Parameter is null
2026-09-08 00:55:50.597 [Thread-28] WARN  FloatLine: Parameter is null
2026-09-08 00:55:50.601 [Thread-28] WARN  FloatLine: Parameter is null
2026-09-08 00:55:51.350 [Thread-28] WARN  FloatLine: Parameter is null
2026-09-08 00:55:51.351 [Thread-28] WARN  FloatLine: Parameter is null
2026-09-08 00:55:51.351 [Thread-28] WARN  FloatLine: Parameter is null
2026-09-08 00:55:51.353 [Thread-28] WARN  FloatLine: Parameter is null
2026-09-08 00:55:51.355 [Thread-28] WARN  FloatLine: Parameter is null
2026-09-08 00:55:51.357 [Thread-28] WARN  FloatLine: Parameter is null
2026-09-08 00:55:51.358 [Thread-28] WARN  FloatLine: Parameter is null
2026-09-08 00:55:51.358 [Thread-28] WARN  FloatLine: Parameter is null
2026-09-08 00:55:51.359 [Thread-28] WARN  FloatLine: Parameter is null
2026-09-08 00:55:51.361 [Thread-28] WARN  FloatLine: Parameter is null
2026-09-08 00:55:51.361 [Thread-28] WARN  FloatLine: Parameter is null
2026-09-08 00:55:51.362 [Thread-28] WARN  FloatLine: Parameter is null
2026-09-08 00:55:51.363 [Thread-28] WARN  FloatLine: Parameter is null
2026-09-08 00:55:51.364 [Thread-28] WARN  FloatLine: Parameter is null
2026-09-08 00:57:44.339 [Thread-28] WARN  FloatLine: Parameter is null
2026-09-08 00:57:44.343 [Thread-28] WARN  FloatLine: Parameter is null
2026-09-08 00:57:45.230 [Thread-28] WARN  FloatLine: Parameter is null
2026-09-08 00:57:45.232 [Thread-28] WARN  FloatLine: Parameter is null
2026-09-08 00:57:45.233 [Thread-28] WARN  FloatLine: Parameter is null
2026-09-08 00:57:45.236 [Thread-28] WARN  FloatLine: Parameter is null
2026-09-08 00:57:45.239 [Thread-28] WARN  FloatLine: Parameter is null
2026-09-08 00:57:45.243 [Thread-28] WARN  FloatLine: Parameter is null
2026-09-08 00:57:45.244 [Thread-28] WARN  FloatLine: Parameter is null
2026-09-08 00:57:45.244 [Thread-28] WARN  FloatLine: Parameter is null
2026-09-08 00:57:45.245 [Thread-28] WARN  FloatLine: Parameter is null
2026-09-08 00:57:45.248 [Thread-28] WARN  FloatLine: Parameter is null
2026-09-08 00:57:45.250 [Thread-28] WARN  FloatLine: Parameter is null
2026-09-08 00:57:45.253 [Thread-28] WARN  FloatLine: Parameter is null
2026-09-08 00:57:45.255 [Thread-28] WARN  FloatLine: Parameter is null
2026-09-08 00:57:45.256 [Thread-28] WARN  FloatLine: Parameter is null
2026-09-08 00:59:33.335 [Thread-28] WARN  FloatLine: Parameter is null
2026-09-08 00:59:33.339 [Thread-28] WARN  FloatLine: Parameter is null
2026-09-08 00:59:34.482 [Thread-28] WARN  FloatLine: Parameter is null
2026-09-08 00:59:34.483 [Thread-28] WARN  FloatLine: Parameter is null
2026-09-08 00:59:34.485 [Thread-28] WARN  FloatLine: Parameter is null
2026-09-08 00:59:34.487 [Thread-28] WARN  FloatLine: Parameter is null
2026-09-08 00:59:34.490 [Thread-28] WARN  FloatLine: Parameter is null
2026-09-08 00:59:34.493 [Thread-28] WARN  FloatLine: Parameter is null
2026-09-08 00:59:34.494 [Thread-28] WARN  FloatLine: Parameter is null
2026-09-08 00:59:34.495 [Thread-28] WARN  FloatLine: Parameter is null
2026-09-08 00:59:34.497 [Thread-28] WARN  FloatLine: Parameter is null
2026-09-08 00:59:34.500 [Thread-28] WARN  FloatLine: Parameter is null
2026-09-08 00:59:34.501 [Thread-28] WARN  FloatLine: Parameter is null
2026-09-08 00:59:34.502 [Thread-28] WARN  FloatLine: Parameter is null
2026-09-08 00:59:34.503 [Thread-28] WARN  FloatLine: Parameter is null
2026-09-08 00:59:34.504 [Thread-28] WARN  FloatLine: Parameter is null
2026-09-08 01:01:49.064 [Thread-28] WARN  FloatLine: Parameter is null
2026-09-08 01:01:49.067 [Thread-28] WARN  FloatLine: Parameter is null
2026-09-08 01:01:50.204 [Thread-28] WARN  FloatLine: Parameter is null
2026-09-08 01:01:50.206 [Thread-28] WARN  FloatLine: Parameter is null
2026-09-08 01:01:50.207 [Thread-28] WARN  FloatLine: Parameter is null
2026-09-08 01:01:50.209 [Thread-28] WARN  FloatLine: Parameter is null
2026-09-08 01:01:50.212 [Thread-28] WARN  FloatLine: Parameter is null
2026-09-08 01:01:50.216 [Thread-28] WARN  FloatLine: Parameter is null
2026-09-08 01:01:50.217 [Thread-28] WARN  FloatLine: Parameter is null
2026-09-08 01:01:50.218 [Thread-28] WARN  FloatLine: Parameter is null
2026-09-08 01:01:50.218 [Thread-28] WARN  FloatLine: Parameter is null
2026-09-08 01:01:50.221 [Thread-28] WARN  FloatLine: Parameter is null
2026-09-08 01:01:50.222 [Thread-28] WARN  FloatLine: Parameter is null
2026-09-08 01:01:50.223 [Thread-28] WARN  FloatLine: Parameter is null
2026-09-08 01:01:50.223 [Thread-28] WARN  FloatLine: Parameter is null
2026-09-08 01:01:50.224 [Thread-28] WARN  FloatLine: Parameter is null
2026-09-08 01:04:16.601 [Thread-28] WARN  FloatLine: Parameter is null
2026-09-08 01:04:16.605 [Thread-28] WARN  FloatLine: Parameter is null
2026-09-08 01:04:16.680 [Thread-28] WARN  FloatLine: Parameter is null
2026-09-08 01:04:16.682 [Thread-28] WARN  FloatLine: Parameter is null
2026-09-08 01:04:16.683 [Thread-28] WARN  FloatLine: Parameter is null
2026-09-08 01:04:16.686 [Thread-28] WARN  FloatLine: Parameter is null
2026-09-08 01:04:16.689 [Thread-28] WARN  FloatLine: Parameter is null
2026-09-08 01:04:16.691 [Thread-28] WARN  FloatLine: Parameter is null
2026-09-08 01:04:16.693 [Thread-28] WARN  FloatLine: Parameter is null
2026-09-08 01:04:16.694 [Thread-28] WARN  FloatLine: Parameter is null
2026-09-08 01:04:16.696 [Thread-28] WARN  FloatLine: Parameter is null
2026-09-08 01:04:16.700 [Thread-28] WARN  FloatLine: Parameter is null
2026-09-08 01:04:16.704 [Thread-28] WARN  FloatLine: Parameter is null
2026-09-08 01:04:16.707 [Thread-28] WARN  FloatLine: Parameter is null
2026-09-08 01:04:16.710 [Thread-28] WARN  FloatLine: Parameter is null
2026-09-08 01:04:16.712 [Thread-28] WARN  FloatLine: Parameter is null
2026-09-08 01:06:32.469 [Thread-28] WARN  FloatLine: Parameter is null
2026-09-08 01:06:32.472 [Thread-28] WARN  FloatLine: Parameter is null
2026-09-08 01:06:33.680 [Thread-28] WARN  FloatLine: Parameter is null
2026-09-08 01:06:33.682 [Thread-28] WARN  FloatLine: Parameter is null
2026-09-08 01:06:33.684 [Thread-28] WARN  FloatLine: Parameter is null
2026-09-08 01:06:33.687 [Thread-28] WARN  FloatLine: Parameter is null
2026-09-08 01:06:33.690 [Thread-28] WARN  FloatLine: Parameter is null
2026-09-08 01:06:33.694 [Thread-28] WARN  FloatLine: Parameter is null
2026-09-08 01:06:33.695 [Thread-28] WARN  FloatLine: Parameter is null
2026-09-08 01:06:33.696 [Thread-28] WARN  FloatLine: Parameter is null
2026-09-08 01:06:33.697 [Thread-28] WARN  FloatLine: Parameter is null
2026-09-08 01:06:33.700 [Thread-28] WARN  FloatLine: Parameter is null
2026-09-08 01:06:33.701 [Thread-28] WARN  FloatLine: Parameter is null
2026-09-08 01:06:33.701 [Thread-28] WARN  FloatLine: Parameter is null
2026-09-08 01:06:33.702 [Thread-28] WARN  FloatLine: Parameter is null
2026-09-08 01:06:33.703 [Thread-28] WARN  FloatLine: Parameter is null
2026-09-08 01:08:54.948 [Thread-28] INFO  Auto-routing was completed in 16 minute(s) 6.04 seconds.
2026-09-08 01:08:55.049 [Thread-28] INFO  Starting route optimization on 1 thread...
2026-09-08 01:09:28.869 [Thread-28] INFO  Route optimization was completed in 33.82 seconds.
2026-09-08 01:09:28.898 [Thread-28] INFO  Saving '/home/david/pcb/autoroute.ses'...
2026-09-08 01:51:31.320 [main] INFO  Freerouting v1.9.0 (build-date: 2023-10-30)
2026-09-08 01:51:31.371 [main] INFO  Settings were loaded from freerouting.json
2026-09-08 01:51:32.391 [main] INFO  Opening '/home/david/pcb/autoroute.dsn'...
2026-09-08 01:51:32.877 [ForkJoinPool.commonPool-worker-1] INFO  New version available: v2.4.1
2026-09-08 01:51:54.854 [Thread-28] INFO  Starting auto-routing...
2026-09-08 01:51:55.067 [Thread-28] WARN  FloatLine: Parameter is null
2026-09-08 01:51:55.124 [Thread-28] WARN  FloatLine: Parameter is null
2026-09-08 01:51:55.164 [Thread-28] WARN  FloatLine: Parameter is null
2026-09-08 01:51:56.766 [Thread-28] WARN  FloatLine: Parameter is null
2026-09-08 01:51:56.768 [Thread-28] WARN  FloatLine: Parameter is null
2026-09-08 01:51:56.769 [Thread-28] WARN  FloatLine: Parameter is null
2026-09-08 01:51:56.772 [Thread-28] WARN  FloatLine: Parameter is null
2026-09-08 01:51:56.774 [Thread-28] WARN  FloatLine: Parameter is null
2026-09-08 01:51:56.777 [Thread-28] WARN  FloatLine: Parameter is null
2026-09-08 01:51:56.779 [Thread-28] WARN  FloatLine: Parameter is null
2026-09-08 01:51:56.780 [Thread-28] WARN  FloatLine: Parameter is null
2026-09-08 01:51:56.781 [Thread-28] WARN  FloatLine: Parameter is null
2026-09-08 01:51:56.787 [Thread-28] WARN  FloatLine: Parameter is null
2026-09-08 01:51:56.792 [Thread-28] WARN  FloatLine: Parameter is null
2026-09-08 01:51:56.801 [Thread-28] WARN  FloatLine: Parameter is null
2026-09-08 01:51:56.809 [Thread-28] WARN  FloatLine: Parameter is null
2026-09-08 01:51:56.811 [Thread-28] WARN  FloatLine: Parameter is null
2026-09-08 01:51:56.813 [Thread-28] WARN  FloatLine: Parameter is null
2026-09-08 01:51:56.813 [Thread-28] WARN  FloatLine: Parameter is null
2026-09-08 01:51:56.814 [Thread-28] WARN  FloatLine: Parameter is null
2026-09-08 01:51:56.815 [Thread-28] WARN  FloatLine: Parameter is null
2026-09-08 01:57:33.434 [main] INFO  Freerouting v1.9.0 (build-date: 2023-10-30)
2026-09-08 01:57:33.476 [main] INFO  Settings were loaded from freerouting.json
2026-09-08 01:57:34.490 [main] INFO  Opening '/home/david/pcb/autoroute.dsn'...
2026-09-08 01:57:35.091 [ForkJoinPool.commonPool-worker-1] INFO  New version available: v2.4.1
2026-09-08 01:57:56.658 [Thread-28] INFO  Starting auto-routing...
2026-09-08 01:57:56.836 [Thread-28] WARN  FloatLine: Parameter is null
2026-09-08 01:57:56.888 [Thread-28] WARN  FloatLine: Parameter is null
2026-09-08 01:57:56.930 [Thread-28] WARN  FloatLine: Parameter is null
2026-09-08 01:57:58.620 [Thread-28] WARN  FloatLine: Parameter is null
2026-09-08 01:57:58.622 [Thread-28] WARN  FloatLine: Parameter is null
2026-09-08 01:57:58.623 [Thread-28] WARN  FloatLine: Parameter is null
2026-09-08 01:57:58.625 [Thread-28] WARN  FloatLine: Parameter is null
2026-09-08 01:57:58.627 [Thread-28] WARN  FloatLine: Parameter is null
2026-09-08 01:57:58.630 [Thread-28] WARN  FloatLine: Parameter is null
2026-09-08 01:57:58.631 [Thread-28] WARN  FloatLine: Parameter is null
2026-09-08 01:57:58.632 [Thread-28] WARN  FloatLine: Parameter is null
2026-09-08 01:57:58.634 [Thread-28] WARN  FloatLine: Parameter is null
2026-09-08 01:57:58.641 [Thread-28] WARN  FloatLine: Parameter is null
2026-09-08 01:57:58.647 [Thread-28] WARN  FloatLine: Parameter is null
2026-09-08 01:57:58.655 [Thread-28] WARN  FloatLine: Parameter is null
2026-09-08 01:57:58.663 [Thread-28] WARN  FloatLine: Parameter is null
2026-09-08 01:57:58.665 [Thread-28] WARN  FloatLine: Parameter is null
2026-09-08 01:57:58.666 [Thread-28] WARN  FloatLine: Parameter is null
2026-09-08 01:57:58.667 [Thread-28] WARN  FloatLine: Parameter is null
2026-09-08 01:57:58.668 [Thread-28] WARN  FloatLine: Parameter is null
2026-09-08 01:57:58.669 [Thread-28] WARN  FloatLine: Parameter is null
2026-09-08 01:58:55.260 [Thread-28] WARN  FloatLine: Parameter is null
2026-09-08 01:58:55.265 [Thread-28] WARN  FloatLine: Parameter is null
2026-09-08 02:05:13.279 [main] INFO  Freerouting v1.9.0 (build-date: 2023-10-30)
2026-09-08 02:05:13.316 [main] INFO  Settings were loaded from freerouting.json
2026-09-08 02:05:14.336 [main] INFO  Opening '/home/david/pcb/autoroute.dsn'...
2026-09-08 02:05:14.918 [ForkJoinPool.commonPool-worker-1] INFO  New version available: v2.4.1
2026-09-08 02:05:36.514 [Thread-28] INFO  Starting auto-routing...
2026-09-08 02:05:36.781 [Thread-28] WARN  FloatLine: Parameter is null
2026-09-08 02:05:36.853 [Thread-28] WARN  FloatLine: Parameter is null
2026-09-08 02:05:36.900 [Thread-28] WARN  FloatLine: Parameter is null
2026-09-08 02:05:37.872 [Thread-28] WARN  FloatLine: Parameter is null
2026-09-08 02:05:37.875 [Thread-28] WARN  FloatLine: Parameter is null
2026-09-08 02:05:37.878 [Thread-28] WARN  FloatLine: Parameter is null
2026-09-08 02:05:37.885 [Thread-28] WARN  FloatLine: Parameter is null
2026-09-08 02:05:37.893 [Thread-28] WARN  FloatLine: Parameter is null
2026-09-08 02:05:37.899 [Thread-28] WARN  FloatLine: Parameter is null
2026-09-08 02:05:37.901 [Thread-28] WARN  FloatLine: Parameter is null
2026-09-08 02:05:37.903 [Thread-28] WARN  FloatLine: Parameter is null
2026-09-08 02:05:37.906 [Thread-28] WARN  FloatLine: Parameter is null
2026-09-08 02:05:37.918 [Thread-28] WARN  FloatLine: Parameter is null
2026-09-08 02:05:37.927 [Thread-28] WARN  FloatLine: Parameter is null
2026-09-08 02:05:37.940 [Thread-28] WARN  FloatLine: Parameter is null
2026-09-08 02:05:37.953 [Thread-28] WARN  FloatLine: Parameter is null
2026-09-08 02:05:37.957 [Thread-28] WARN  FloatLine: Parameter is null
2026-09-08 02:05:37.958 [Thread-28] WARN  FloatLine: Parameter is null
2026-09-08 02:05:37.960 [Thread-28] WARN  FloatLine: Parameter is null
2026-09-08 02:05:37.962 [Thread-28] WARN  FloatLine: Parameter is null
2026-09-08 02:05:37.964 [Thread-28] WARN  FloatLine: Parameter is null
2026-09-08 02:06:36.371 [Thread-28] WARN  FloatLine: Parameter is null
2026-09-08 02:06:36.374 [Thread-28] WARN  FloatLine: Parameter is null
2026-09-08 02:06:37.001 [Thread-28] WARN  FloatLine: Parameter is null
2026-09-08 02:06:37.002 [Thread-28] WARN  FloatLine: Parameter is null
2026-09-08 02:06:37.003 [Thread-28] WARN  FloatLine: Parameter is null
2026-09-08 02:06:37.005 [Thread-28] WARN  FloatLine: Parameter is null
2026-09-08 02:06:37.007 [Thread-28] WARN  FloatLine: Parameter is null
2026-09-08 02:06:37.013 [Thread-28] WARN  FloatLine: Parameter is null
2026-09-08 02:06:37.014 [Thread-28] WARN  FloatLine: Parameter is null
2026-09-08 02:06:37.014 [Thread-28] WARN  FloatLine: Parameter is null
2026-09-08 02:06:37.015 [Thread-28] WARN  FloatLine: Parameter is null
2026-09-08 02:06:37.018 [Thread-28] WARN  FloatLine: Parameter is null
2026-09-08 02:06:37.019 [Thread-28] WARN  FloatLine: Parameter is null
2026-09-08 02:06:37.020 [Thread-28] WARN  FloatLine: Parameter is null
2026-09-08 02:06:37.021 [Thread-28] WARN  FloatLine: Parameter is null
2026-09-08 02:06:37.022 [Thread-28] WARN  FloatLine: Parameter is null
2026-09-08 02:08:03.322 [Thread-28] WARN  FloatLine: Parameter is null
2026-09-08 02:08:03.325 [Thread-28] WARN  FloatLine: Parameter is null
2026-09-08 02:08:04.039 [Thread-28] WARN  FloatLine: Parameter is null
2026-09-08 02:08:04.040 [Thread-28] WARN  FloatLine: Parameter is null
2026-09-08 02:08:04.042 [Thread-28] WARN  FloatLine: Parameter is null
2026-09-08 02:08:04.045 [Thread-28] WARN  FloatLine: Parameter is null
2026-09-08 02:08:04.047 [Thread-28] WARN  FloatLine: Parameter is null
2026-09-08 02:08:04.049 [Thread-28] WARN  FloatLine: Parameter is null
2026-09-08 02:08:04.050 [Thread-28] WARN  FloatLine: Parameter is null
2026-09-08 02:08:04.051 [Thread-28] WARN  FloatLine: Parameter is null
2026-09-08 02:08:04.052 [Thread-28] WARN  FloatLine: Parameter is null
2026-09-08 02:08:04.054 [Thread-28] WARN  FloatLine: Parameter is null
2026-09-08 02:08:04.055 [Thread-28] WARN  FloatLine: Parameter is null
2026-09-08 02:08:04.056 [Thread-28] WARN  FloatLine: Parameter is null
2026-09-08 02:08:04.057 [Thread-28] WARN  FloatLine: Parameter is null
2026-09-08 02:08:04.059 [Thread-28] WARN  FloatLine: Parameter is null
2026-09-08 02:09:43.250 [Thread-28] WARN  FloatLine: Parameter is null
2026-09-08 02:09:43.253 [Thread-28] WARN  FloatLine: Parameter is null
2026-09-08 02:09:44.043 [Thread-28] WARN  FloatLine: Parameter is null
2026-09-08 02:09:44.044 [Thread-28] WARN  FloatLine: Parameter is null
2026-09-08 02:09:44.044 [Thread-28] WARN  FloatLine: Parameter is null
2026-09-08 02:09:44.046 [Thread-28] WARN  FloatLine: Parameter is null
2026-09-08 02:09:44.048 [Thread-28] WARN  FloatLine: Parameter is null
2026-09-08 02:09:44.050 [Thread-28] WARN  FloatLine: Parameter is null
2026-09-08 02:09:44.051 [Thread-28] WARN  FloatLine: Parameter is null
2026-09-08 02:09:44.051 [Thread-28] WARN  FloatLine: Parameter is null
2026-09-08 02:09:44.052 [Thread-28] WARN  FloatLine: Parameter is null
2026-09-08 02:09:44.055 [Thread-28] WARN  FloatLine: Parameter is null
2026-09-08 02:09:44.056 [Thread-28] WARN  FloatLine: Parameter is null
2026-09-08 02:09:44.057 [Thread-28] WARN  FloatLine: Parameter is null
2026-09-08 02:09:44.058 [Thread-28] WARN  FloatLine: Parameter is null
2026-09-08 02:09:44.059 [Thread-28] WARN  FloatLine: Parameter is null
2026-09-08 02:11:26.405 [Thread-28] WARN  FloatLine: Parameter is null
2026-09-08 02:11:26.409 [Thread-28] WARN  FloatLine: Parameter is null
2026-09-08 02:11:27.543 [Thread-28] WARN  FloatLine: Parameter is null
2026-09-08 02:11:27.544 [Thread-28] WARN  FloatLine: Parameter is null
2026-09-08 02:11:27.544 [Thread-28] WARN  FloatLine: Parameter is null
2026-09-08 02:11:27.546 [Thread-28] WARN  FloatLine: Parameter is null
2026-09-08 02:11:27.549 [Thread-28] WARN  FloatLine: Parameter is null
2026-09-08 02:11:27.552 [Thread-28] WARN  FloatLine: Parameter is null
2026-09-08 02:11:27.552 [Thread-28] WARN  FloatLine: Parameter is null
2026-09-08 02:11:27.553 [Thread-28] WARN  FloatLine: Parameter is null
2026-09-08 02:11:27.554 [Thread-28] WARN  FloatLine: Parameter is null
2026-09-08 02:11:27.556 [Thread-28] WARN  FloatLine: Parameter is null
2026-09-08 02:11:27.557 [Thread-28] WARN  FloatLine: Parameter is null
2026-09-08 02:11:27.558 [Thread-28] WARN  FloatLine: Parameter is null
2026-09-08 02:11:27.559 [Thread-28] WARN  FloatLine: Parameter is null
2026-09-08 02:11:27.559 [Thread-28] WARN  FloatLine: Parameter is null
2026-09-08 02:13:23.045 [Thread-28] WARN  FloatLine: Parameter is null
2026-09-08 02:13:23.049 [Thread-28] WARN  FloatLine: Parameter is null
2026-09-08 02:13:23.388 [Thread-28] WARN  FloatLine: Parameter is null
2026-09-08 02:13:23.389 [Thread-28] WARN  FloatLine: Parameter is null
2026-09-08 02:13:23.390 [Thread-28] WARN  FloatLine: Parameter is null
2026-09-08 02:13:23.392 [Thread-28] WARN  FloatLine: Parameter is null
2026-09-08 02:13:23.394 [Thread-28] WARN  FloatLine: Parameter is null
2026-09-08 02:13:23.397 [Thread-28] WARN  FloatLine: Parameter is null
2026-09-08 02:13:23.398 [Thread-28] WARN  FloatLine: Parameter is null
2026-09-08 02:13:23.399 [Thread-28] WARN  FloatLine: Parameter is null
2026-09-08 02:13:23.400 [Thread-28] WARN  FloatLine: Parameter is null
2026-09-08 02:13:23.405 [Thread-28] WARN  FloatLine: Parameter is null
2026-09-08 02:13:23.406 [Thread-28] WARN  FloatLine: Parameter is null
2026-09-08 02:13:23.407 [Thread-28] WARN  FloatLine: Parameter is null
2026-09-08 02:13:23.408 [Thread-28] WARN  FloatLine: Parameter is null
2026-09-08 02:13:23.409 [Thread-28] WARN  FloatLine: Parameter is null
2026-09-08 02:15:22.367 [Thread-28] WARN  FloatLine: Parameter is null
2026-09-08 02:15:22.371 [Thread-28] WARN  FloatLine: Parameter is null
2026-09-08 02:15:23.584 [Thread-28] WARN  FloatLine: Parameter is null
2026-09-08 02:15:23.585 [Thread-28] WARN  FloatLine: Parameter is null
2026-09-08 02:15:23.587 [Thread-28] WARN  FloatLine: Parameter is null
2026-09-08 02:15:23.589 [Thread-28] WARN  FloatLine: Parameter is null
2026-09-08 02:15:23.592 [Thread-28] WARN  FloatLine: Parameter is null
2026-09-08 02:15:23.596 [Thread-28] WARN  FloatLine: Parameter is null
2026-09-08 02:15:23.597 [Thread-28] WARN  FloatLine: Parameter is null
2026-09-08 02:15:23.597 [Thread-28] WARN  FloatLine: Parameter is null
2026-09-08 02:15:23.598 [Thread-28] WARN  FloatLine: Parameter is null
2026-09-08 02:15:23.601 [Thread-28] WARN  FloatLine: Parameter is null
2026-09-08 02:15:23.601 [Thread-28] WARN  FloatLine: Parameter is null
2026-09-08 02:15:23.602 [Thread-28] WARN  FloatLine: Parameter is null
2026-09-08 02:15:23.603 [Thread-28] WARN  FloatLine: Parameter is null
2026-09-08 02:15:23.604 [Thread-28] WARN  FloatLine: Parameter is null
2026-09-08 02:17:27.272 [Thread-28] WARN  FloatLine: Parameter is null
2026-09-08 02:17:27.274 [Thread-28] WARN  FloatLine: Parameter is null
2026-09-08 02:17:28.139 [Thread-28] WARN  FloatLine: Parameter is null
2026-09-08 02:17:28.140 [Thread-28] WARN  FloatLine: Parameter is null
2026-09-08 02:17:28.140 [Thread-28] WARN  FloatLine: Parameter is null
2026-09-08 02:17:28.142 [Thread-28] WARN  FloatLine: Parameter is null
2026-09-08 02:17:28.143 [Thread-28] WARN  FloatLine: Parameter is null
2026-09-08 02:17:28.145 [Thread-28] WARN  FloatLine: Parameter is null
2026-09-08 02:17:28.146 [Thread-28] WARN  FloatLine: Parameter is null
2026-09-08 02:17:28.146 [Thread-28] WARN  FloatLine: Parameter is null
2026-09-08 02:17:28.147 [Thread-28] WARN  FloatLine: Parameter is null
2026-09-08 02:17:28.148 [Thread-28] WARN  FloatLine: Parameter is null
2026-09-08 02:17:28.149 [Thread-28] WARN  FloatLine: Parameter is null
2026-09-08 02:17:28.149 [Thread-28] WARN  FloatLine: Parameter is null
2026-09-08 02:17:28.150 [Thread-28] WARN  FloatLine: Parameter is null
2026-09-08 02:17:28.150 [Thread-28] WARN  FloatLine: Parameter is null
2026-09-08 02:19:29.388 [Thread-28] INFO  Auto-routing was completed in 13 minute(s) 52.87 seconds.
2026-09-08 02:19:29.489 [Thread-28] INFO  Starting route optimization on 1 thread...
2026-09-08 02:20:00.440 [Thread-28] INFO  Route optimization was completed in 30.95 seconds.
2026-09-08 02:20:00.463 [Thread-28] INFO  Saving '/home/david/pcb/autoroute.ses'...
2026-09-08 03:41:51.782 [main] INFO  Freerouting v1.9.0 (build-date: 2023-10-30)
2026-09-08 03:41:51.813 [main] INFO  Settings were loaded from freerouting.json
2026-09-08 03:41:52.827 [main] INFO  Opening '/home/david/pcb/autoroute.dsn'...
2026-09-08 03:41:53.344 [ForkJoinPool.commonPool-worker-1] INFO  New version available: v2.4.1
2026-09-08 03:42:15.039 [Thread-28] INFO  Starting auto-routing...
2026-09-08 03:42:15.322 [Thread-28] WARN  FloatLine: Parameter is null
2026-09-08 03:42:15.382 [Thread-28] WARN  FloatLine: Parameter is null
2026-09-08 03:42:15.438 [Thread-28] WARN  FloatLine: Parameter is null
2026-09-08 03:42:17.453 [Thread-28] WARN  FloatLine: Parameter is null
2026-09-08 03:42:17.460 [Thread-28] WARN  FloatLine: Parameter is null
2026-09-08 03:42:18.521 [Thread-28] WARN  FloatLine: Parameter is null
2026-09-08 03:42:18.526 [Thread-28] WARN  FloatLine: Parameter is null
2026-09-08 03:42:18.532 [Thread-28] WARN  FloatLine: Parameter is null
2026-09-08 03:42:18.537 [Thread-28] WARN  FloatLine: Parameter is null
2026-09-08 03:42:18.540 [Thread-28] WARN  FloatLine: Parameter is null
2026-09-08 03:42:18.541 [Thread-28] WARN  FloatLine: Parameter is null
2026-09-08 03:42:18.544 [Thread-28] WARN  FloatLine: Parameter is null
2026-09-08 03:42:18.547 [Thread-28] WARN  FloatLine: Parameter is null
2026-09-08 03:42:18.553 [Thread-28] WARN  FloatLine: Parameter is null
2026-09-08 03:42:18.554 [Thread-28] WARN  FloatLine: Parameter is null
2026-09-08 03:42:18.555 [Thread-28] WARN  FloatLine: Parameter is null
2026-09-08 03:42:18.556 [Thread-28] WARN  FloatLine: Parameter is null
2026-09-08 03:42:18.573 [Thread-28] WARN  FloatLine: Parameter is null
2026-09-08 03:42:18.579 [Thread-28] WARN  FloatLine: Parameter is null
2026-09-08 03:42:18.588 [Thread-28] WARN  FloatLine: Parameter is null
2026-09-08 03:42:18.619 [Thread-28] WARN  FloatLine: Parameter is null
2026-09-08 03:42:18.627 [Thread-28] WARN  FloatLine: Parameter is null
2026-09-08 03:42:18.630 [Thread-28] WARN  FloatLine: Parameter is null
2026-09-08 03:42:18.633 [Thread-28] WARN  FloatLine: Parameter is null
2026-09-08 03:42:18.634 [Thread-28] WARN  FloatLine: Parameter is null
2026-09-08 03:42:18.635 [Thread-28] WARN  FloatLine: Parameter is null
2026-09-08 03:42:18.636 [Thread-28] WARN  FloatLine: Parameter is null
2026-09-08 03:42:56.079 [Thread-28] WARN  FloatLine: Parameter is null
2026-09-08 03:42:56.085 [Thread-28] WARN  FloatLine: Parameter is null
2026-09-08 03:42:57.597 [Thread-28] WARN  FloatLine: Parameter is null
2026-09-08 03:42:58.834 [Thread-28] WARN  FloatLine: Parameter is null
2026-09-08 03:42:58.836 [Thread-28] WARN  FloatLine: Parameter is null
2026-09-08 03:42:58.836 [Thread-28] WARN  FloatLine: Parameter is null
2026-09-08 03:42:58.838 [Thread-28] WARN  FloatLine: Parameter is null
2026-09-08 03:42:58.841 [Thread-28] WARN  FloatLine: Parameter is null
2026-09-08 03:42:58.845 [Thread-28] WARN  FloatLine: Parameter is null
2026-09-08 03:42:58.846 [Thread-28] WARN  FloatLine: Parameter is null
2026-09-08 03:42:58.846 [Thread-28] WARN  FloatLine: Parameter is null
2026-09-08 03:42:58.873 [Thread-28] WARN  FloatLine: Parameter is null
2026-09-08 03:42:58.875 [Thread-28] WARN  FloatLine: Parameter is null
2026-09-08 03:42:58.876 [Thread-28] WARN  FloatLine: Parameter is null
2026-09-08 03:42:58.876 [Thread-28] WARN  FloatLine: Parameter is null
2026-09-08 03:42:58.877 [Thread-28] WARN  FloatLine: Parameter is null
2026-09-08 03:42:58.878 [Thread-28] WARN  FloatLine: Parameter is null
2026-09-08 03:43:39.342 [Thread-28] WARN  FloatLine: Parameter is null
2026-09-08 03:43:39.345 [Thread-28] WARN  FloatLine: Parameter is null
2026-09-08 03:43:40.403 [Thread-28] WARN  FloatLine: Parameter is null
2026-09-08 03:43:41.560 [Thread-28] WARN  FloatLine: Parameter is null
2026-09-08 03:43:41.563 [Thread-28] WARN  FloatLine: Parameter is null
2026-09-08 03:43:41.564 [Thread-28] WARN  FloatLine: Parameter is null
2026-09-08 03:43:41.567 [Thread-28] WARN  FloatLine: Parameter is null
2026-09-08 03:43:41.571 [Thread-28] WARN  FloatLine: Parameter is null
2026-09-08 03:43:41.577 [Thread-28] WARN  FloatLine: Parameter is null
2026-09-08 03:43:41.578 [Thread-28] WARN  FloatLine: Parameter is null
2026-09-08 03:43:41.579 [Thread-28] WARN  FloatLine: Parameter is null
2026-09-08 03:43:41.620 [Thread-28] WARN  FloatLine: Parameter is null
2026-09-08 03:43:41.623 [Thread-28] WARN  FloatLine: Parameter is null
2026-09-08 03:43:41.624 [Thread-28] WARN  FloatLine: Parameter is null
2026-09-08 03:43:41.625 [Thread-28] WARN  FloatLine: Parameter is null
2026-09-08 03:43:41.627 [Thread-28] WARN  FloatLine: Parameter is null
2026-09-08 03:43:41.628 [Thread-28] WARN  FloatLine: Parameter is null
2026-09-08 03:44:23.127 [Thread-28] WARN  FloatLine: Parameter is null
2026-09-08 03:44:23.130 [Thread-28] WARN  FloatLine: Parameter is null
2026-09-08 03:44:24.139 [Thread-28] WARN  FloatLine: Parameter is null
2026-09-08 03:44:25.118 [Thread-28] WARN  FloatLine: Parameter is null
2026-09-08 03:44:25.120 [Thread-28] WARN  FloatLine: Parameter is null
2026-09-08 03:44:25.121 [Thread-28] WARN  FloatLine: Parameter is null
2026-09-08 03:44:25.122 [Thread-28] WARN  FloatLine: Parameter is null
2026-09-08 03:44:25.125 [Thread-28] WARN  FloatLine: Parameter is null
2026-09-08 03:44:25.128 [Thread-28] WARN  FloatLine: Parameter is null
2026-09-08 03:44:25.129 [Thread-28] WARN  FloatLine: Parameter is null
2026-09-08 03:44:25.129 [Thread-28] WARN  FloatLine: Parameter is null
2026-09-08 03:44:25.157 [Thread-28] WARN  FloatLine: Parameter is null
2026-09-08 03:44:25.159 [Thread-28] WARN  FloatLine: Parameter is null
2026-09-08 03:44:25.159 [Thread-28] WARN  FloatLine: Parameter is null
2026-09-08 03:44:25.160 [Thread-28] WARN  FloatLine: Parameter is null
2026-09-08 03:44:25.160 [Thread-28] WARN  FloatLine: Parameter is null
2026-09-08 03:44:25.161 [Thread-28] WARN  FloatLine: Parameter is null
2026-09-08 03:45:06.448 [Thread-28] WARN  FloatLine: Parameter is null
2026-09-08 03:45:06.453 [Thread-28] WARN  FloatLine: Parameter is null
2026-09-08 03:45:07.471 [Thread-28] WARN  FloatLine: Parameter is null
2026-09-08 03:45:08.461 [Thread-28] WARN  FloatLine: Parameter is null
2026-09-08 03:45:08.464 [Thread-28] WARN  FloatLine: Parameter is null
2026-09-08 03:45:08.465 [Thread-28] WARN  FloatLine: Parameter is null
2026-09-08 03:45:08.467 [Thread-28] WARN  FloatLine: Parameter is null
2026-09-08 03:45:08.470 [Thread-28] WARN  FloatLine: Parameter is null
2026-09-08 03:45:08.474 [Thread-28] WARN  FloatLine: Parameter is null
2026-09-08 03:45:08.475 [Thread-28] WARN  FloatLine: Parameter is null
2026-09-08 03:45:08.475 [Thread-28] WARN  FloatLine: Parameter is null
2026-09-08 03:45:08.501 [Thread-28] WARN  FloatLine: Parameter is null
2026-09-08 03:45:08.504 [Thread-28] WARN  FloatLine: Parameter is null
2026-09-08 03:45:08.504 [Thread-28] WARN  FloatLine: Parameter is null
2026-09-08 03:45:08.505 [Thread-28] WARN  FloatLine: Parameter is null
2026-09-08 03:45:08.506 [Thread-28] WARN  FloatLine: Parameter is null
2026-09-08 03:45:08.507 [Thread-28] WARN  FloatLine: Parameter is null
2026-09-08 03:45:53.715 [Thread-28] WARN  FloatLine: Parameter is null
2026-09-08 03:45:53.721 [Thread-28] WARN  FloatLine: Parameter is null
2026-09-08 03:45:55.031 [Thread-28] WARN  FloatLine: Parameter is null
2026-09-08 03:45:56.017 [Thread-28] WARN  FloatLine: Parameter is null
2026-09-08 03:45:56.018 [Thread-28] WARN  FloatLine: Parameter is null
2026-09-08 03:45:56.019 [Thread-28] WARN  FloatLine: Parameter is null
2026-09-08 03:45:56.021 [Thread-28] WARN  FloatLine: Parameter is null
2026-09-08 03:45:56.023 [Thread-28] WARN  FloatLine: Parameter is null
2026-09-08 03:45:56.027 [Thread-28] WARN  FloatLine: Parameter is null
2026-09-08 03:45:56.027 [Thread-28] WARN  FloatLine: Parameter is null
2026-09-08 03:45:56.028 [Thread-28] WARN  FloatLine: Parameter is null
2026-09-08 03:45:56.054 [Thread-28] WARN  FloatLine: Parameter is null
2026-09-08 03:45:56.057 [Thread-28] WARN  FloatLine: Parameter is null
2026-09-08 03:45:56.057 [Thread-28] WARN  FloatLine: Parameter is null
2026-09-08 03:45:56.058 [Thread-28] WARN  FloatLine: Parameter is null
2026-09-08 03:45:56.058 [Thread-28] WARN  FloatLine: Parameter is null
2026-09-08 03:45:56.059 [Thread-28] WARN  FloatLine: Parameter is null
2026-09-08 03:46:39.427 [Thread-28] WARN  FloatLine: Parameter is null
2026-09-08 03:46:39.432 [Thread-28] WARN  FloatLine: Parameter is null
2026-09-08 03:46:40.780 [Thread-28] WARN  FloatLine: Parameter is null
2026-09-08 03:46:41.759 [Thread-28] WARN  FloatLine: Parameter is null
2026-09-08 03:46:41.761 [Thread-28] WARN  FloatLine: Parameter is null
2026-09-08 03:46:41.761 [Thread-28] WARN  FloatLine: Parameter is null
2026-09-08 03:46:41.763 [Thread-28] WARN  FloatLine: Parameter is null
2026-09-08 03:46:41.765 [Thread-28] WARN  FloatLine: Parameter is null
2026-09-08 03:46:41.768 [Thread-28] WARN  FloatLine: Parameter is null
2026-09-08 03:46:41.769 [Thread-28] WARN  FloatLine: Parameter is null
2026-09-08 03:46:41.770 [Thread-28] WARN  FloatLine: Parameter is null
2026-09-08 03:46:41.797 [Thread-28] WARN  FloatLine: Parameter is null
2026-09-08 03:46:41.799 [Thread-28] WARN  FloatLine: Parameter is null
2026-09-08 03:46:41.800 [Thread-28] WARN  FloatLine: Parameter is null
2026-09-08 03:46:41.800 [Thread-28] WARN  FloatLine: Parameter is null
2026-09-08 03:46:41.801 [Thread-28] WARN  FloatLine: Parameter is null
2026-09-08 03:46:41.801 [Thread-28] WARN  FloatLine: Parameter is null
2026-09-08 03:47:27.076 [Thread-28] WARN  FloatLine: Parameter is null
2026-09-08 03:47:27.081 [Thread-28] WARN  FloatLine: Parameter is null
2026-09-08 03:47:28.109 [Thread-28] WARN  FloatLine: Parameter is null
2026-09-08 03:47:29.042 [Thread-28] WARN  FloatLine: Parameter is null
2026-09-08 03:47:29.044 [Thread-28] WARN  FloatLine: Parameter is null
2026-09-08 03:47:29.045 [Thread-28] WARN  FloatLine: Parameter is null
2026-09-08 03:47:29.047 [Thread-28] WARN  FloatLine: Parameter is null
2026-09-08 03:47:29.049 [Thread-28] WARN  FloatLine: Parameter is null
2026-09-08 03:47:29.052 [Thread-28] WARN  FloatLine: Parameter is null
2026-09-08 03:47:29.053 [Thread-28] WARN  FloatLine: Parameter is null
2026-09-08 03:47:29.053 [Thread-28] WARN  FloatLine: Parameter is null
2026-09-08 03:47:29.080 [Thread-28] WARN  FloatLine: Parameter is null
2026-09-08 03:47:29.081 [Thread-28] WARN  FloatLine: Parameter is null
2026-09-08 03:47:29.082 [Thread-28] WARN  FloatLine: Parameter is null
2026-09-08 03:47:29.082 [Thread-28] WARN  FloatLine: Parameter is null
2026-09-08 03:47:29.083 [Thread-28] WARN  FloatLine: Parameter is null
2026-09-08 03:47:29.084 [Thread-28] WARN  FloatLine: Parameter is null
2026-09-08 03:48:12.635 [Thread-28] INFO  Auto-routing was completed in 5 minute(s) 57.59 seconds.
2026-09-08 03:48:12.737 [Thread-28] INFO  Starting route optimization on 1 thread...
2026-09-08 03:48:19.656 [Thread-28] INFO  Route optimization was completed in 6.92 seconds.
2026-09-08 03:48:19.683 [Thread-28] INFO  Saving '/home/david/pcb/autoroute.ses'...
2026-09-08 05:02:47.054 [main] INFO  Freerouting v1.9.0 (build-date: 2023-10-30)
2026-09-08 05:02:47.094 [main] INFO  Settings were loaded from freerouting.json
2026-09-08 05:02:48.109 [main] INFO  Opening '/home/david/pcb/autoroute.dsn'...
2026-09-08 05:02:48.672 [ForkJoinPool.commonPool-worker-1] INFO  New version available: v2.4.1
2026-09-08 05:03:10.295 [Thread-28] INFO  Starting auto-routing...
2026-09-08 05:03:10.564 [Thread-28] WARN  FloatLine: Parameter is null
2026-09-08 05:03:10.618 [Thread-28] WARN  FloatLine: Parameter is null
2026-09-08 05:03:10.664 [Thread-28] WARN  FloatLine: Parameter is null
2026-09-08 05:03:12.528 [Thread-28] WARN  FloatLine: Parameter is null
2026-09-08 05:03:13.549 [Thread-28] WARN  FloatLine: Parameter is null
2026-09-08 05:03:13.658 [Thread-28] WARN  FloatLine: Parameter is null
2026-09-08 05:03:13.659 [Thread-28] WARN  FloatLine: Parameter is null
2026-09-08 05:03:13.662 [Thread-28] WARN  FloatLine: Parameter is null
2026-09-08 05:03:13.665 [Thread-28] WARN  FloatLine: Parameter is null
2026-09-08 05:03:13.670 [Thread-28] WARN  FloatLine: Parameter is null
2026-09-08 05:03:13.672 [Thread-28] WARN  FloatLine: Parameter is null
2026-09-08 05:03:13.674 [Thread-28] WARN  FloatLine: Parameter is null
2026-09-08 05:03:13.684 [Thread-28] WARN  FloatLine: Parameter is null
2026-09-08 05:03:13.693 [Thread-28] WARN  FloatLine: Parameter is null
2026-09-08 05:03:13.717 [Thread-28] WARN  FloatLine: Parameter is null
2026-09-08 05:03:13.795 [Thread-28] WARN  FloatLine: Parameter is null
2026-09-08 05:03:13.801 [Thread-28] WARN  FloatLine: Parameter is null
2026-09-08 05:03:13.806 [Thread-28] WARN  FloatLine: Parameter is null
2026-09-08 05:03:13.807 [Thread-28] WARN  FloatLine: Parameter is null
2026-09-08 05:03:13.808 [Thread-28] WARN  FloatLine: Parameter is null
2026-09-08 05:03:13.809 [Thread-28] WARN  FloatLine: Parameter is null
2026-09-08 05:03:13.810 [Thread-28] WARN  FloatLine: Parameter is null
2026-09-08 05:04:01.954 [Thread-28] WARN  FloatLine: Parameter is null
2026-09-08 05:04:01.958 [Thread-28] WARN  FloatLine: Parameter is null
2026-09-08 05:04:03.007 [Thread-28] WARN  FloatLine: Parameter is null
2026-09-08 05:04:04.089 [Thread-28] WARN  FloatLine: Parameter is null
2026-09-08 05:04:04.104 [Thread-28] WARN  FloatLine: Parameter is null
2026-09-08 05:04:04.105 [Thread-28] WARN  FloatLine: Parameter is null
2026-09-08 05:04:04.107 [Thread-28] WARN  FloatLine: Parameter is null
2026-09-08 05:04:04.110 [Thread-28] WARN  FloatLine: Parameter is null
2026-09-08 05:04:04.113 [Thread-28] WARN  FloatLine: Parameter is null
2026-09-08 05:04:04.114 [Thread-28] WARN  FloatLine: Parameter is null
2026-09-08 05:04:04.115 [Thread-28] WARN  FloatLine: Parameter is null
2026-09-08 05:04:04.147 [Thread-28] WARN  FloatLine: Parameter is null
2026-09-08 05:04:04.149 [Thread-28] WARN  FloatLine: Parameter is null
2026-09-08 05:04:04.149 [Thread-28] WARN  FloatLine: Parameter is null
2026-09-08 05:04:04.150 [Thread-28] WARN  FloatLine: Parameter is null
2026-09-08 05:04:04.151 [Thread-28] WARN  FloatLine: Parameter is null
2026-09-08 05:04:04.151 [Thread-28] WARN  FloatLine: Parameter is null
2026-09-08 05:19:26.549 [main] INFO  Freerouting v1.9.0 (build-date: 2023-10-30)
2026-09-08 05:19:26.589 [main] INFO  Settings were loaded from freerouting.json
2026-09-08 05:19:27.606 [main] INFO  Opening '/home/david/pcb/autoroute.dsn'...
2026-09-08 05:19:28.144 [ForkJoinPool.commonPool-worker-1] INFO  New version available: v2.4.1
2026-09-08 05:47:04.101 [main] INFO  Freerouting v1.9.0 (build-date: 2023-10-30)
2026-09-08 05:47:04.149 [main] INFO  Settings were loaded from freerouting.json
2026-09-08 05:47:05.167 [main] INFO  Opening '/home/david/pcb/autoroute.dsn'...
2026-09-08 05:47:05.765 [ForkJoinPool.commonPool-worker-1] INFO  New version available: v2.4.1
2026-09-08 05:47:27.329 [Thread-28] INFO  Starting auto-routing...
2026-09-08 05:47:27.535 [Thread-28] WARN  FloatLine: Parameter is null
2026-09-08 05:47:27.612 [Thread-28] WARN  FloatLine: Parameter is null
2026-09-08 05:47:27.781 [Thread-28] WARN  FloatLine: Parameter is null
2026-09-08 05:47:27.783 [Thread-28] WARN  FloatLine: Parameter is null
2026-09-08 05:47:27.787 [Thread-28] WARN  FloatLine: Parameter is null
2026-09-08 05:47:27.792 [Thread-28] WARN  FloatLine: Parameter is null
2026-09-08 05:47:27.794 [Thread-28] WARN  FloatLine: Parameter is null
2026-09-08 05:47:27.796 [Thread-28] WARN  FloatLine: Parameter is null
2026-09-08 05:47:27.798 [Thread-28] WARN  FloatLine: Parameter is null
2026-09-08 05:47:27.806 [Thread-28] WARN  FloatLine: Parameter is null
2026-09-08 05:47:28.698 [Thread-28] WARN  FloatLine: Parameter is null
2026-09-08 05:47:29.178 [Thread-28] WARN  FloatLine: Parameter is null
2026-09-08 05:47:29.471 [Thread-28] WARN  FloatLine: Parameter is null
2026-09-08 05:47:29.473 [Thread-28] WARN  FloatLine: Parameter is null
2026-09-08 05:47:29.476 [Thread-28] WARN  FloatLine: Parameter is null
2026-09-08 05:47:29.478 [Thread-28] WARN  FloatLine: Parameter is null
2026-09-08 05:47:29.480 [Thread-28] WARN  FloatLine: Parameter is null
2026-09-08 05:47:29.482 [Thread-28] WARN  FloatLine: Parameter is null
2026-09-08 05:47:29.483 [Thread-28] WARN  FloatLine: Parameter is null
2026-09-08 05:48:21.886 [Thread-28] WARN  FloatLine: Parameter is null
2026-09-08 05:48:21.913 [Thread-28] WARN  FloatLine: Parameter is null
2026-09-08 05:48:21.914 [Thread-28] WARN  FloatLine: Parameter is null
2026-09-08 05:48:21.917 [Thread-28] WARN  FloatLine: Parameter is null
2026-09-08 05:48:21.919 [Thread-28] WARN  FloatLine: Parameter is null
2026-09-08 05:48:21.921 [Thread-28] WARN  FloatLine: Parameter is null
2026-09-08 05:48:21.922 [Thread-28] WARN  FloatLine: Parameter is null
2026-09-08 05:48:21.923 [Thread-28] WARN  FloatLine: Parameter is null
2026-09-08 05:48:22.908 [Thread-28] WARN  FloatLine: Parameter is null
2026-09-08 05:48:23.883 [Thread-28] WARN  FloatLine: Parameter is null
2026-09-08 05:48:24.864 [Thread-28] WARN  FloatLine: Parameter is null
2026-09-08 05:48:24.865 [Thread-28] WARN  FloatLine: Parameter is null
2026-09-08 05:48:24.865 [Thread-28] WARN  FloatLine: Parameter is null
2026-09-08 05:48:24.867 [Thread-28] WARN  FloatLine: Parameter is null
2026-09-08 05:48:24.868 [Thread-28] WARN  FloatLine: Parameter is null
2026-09-08 05:48:24.868 [Thread-28] WARN  FloatLine: Parameter is null
2026-09-08 05:48:24.869 [Thread-28] WARN  FloatLine: Parameter is null
2026-09-08 05:49:36.680 [Thread-28] WARN  FloatLine: Parameter is null
2026-09-08 05:49:36.696 [Thread-28] WARN  FloatLine: Parameter is null
2026-09-08 05:49:36.698 [Thread-28] WARN  FloatLine: Parameter is null
2026-09-08 05:49:36.699 [Thread-28] WARN  FloatLine: Parameter is null
2026-09-08 05:49:36.702 [Thread-28] WARN  FloatLine: Parameter is null
2026-09-08 05:49:36.702 [Thread-28] WARN  FloatLine: Parameter is null
2026-09-08 05:49:36.703 [Thread-28] WARN  FloatLine: Parameter is null
2026-09-08 05:49:36.704 [Thread-28] WARN  FloatLine: Parameter is null
2026-09-08 05:49:37.790 [Thread-28] WARN  FloatLine: Parameter is null
2026-09-08 05:49:37.800 [Thread-28] WARN  FloatLine: Parameter is null
2026-09-08 05:49:37.810 [Thread-28] WARN  FloatLine: Parameter is null
2026-09-08 05:49:37.812 [Thread-28] WARN  FloatLine: Parameter is null
2026-09-08 05:49:37.812 [Thread-28] WARN  FloatLine: Parameter is null
2026-09-08 05:49:37.814 [Thread-28] WARN  FloatLine: Parameter is null
2026-09-08 05:49:37.815 [Thread-28] WARN  FloatLine: Parameter is null
2026-09-08 05:49:37.816 [Thread-28] WARN  FloatLine: Parameter is null
2026-09-08 05:49:37.817 [Thread-28] WARN  FloatLine: Parameter is null
2026-09-08 05:51:02.293 [Thread-28] WARN  FloatLine: Parameter is null
2026-09-08 05:51:02.312 [Thread-28] WARN  FloatLine: Parameter is null
2026-09-08 05:51:02.312 [Thread-28] WARN  FloatLine: Parameter is null
2026-09-08 05:51:02.314 [Thread-28] WARN  FloatLine: Parameter is null
2026-09-08 05:51:02.317 [Thread-28] WARN  FloatLine: Parameter is null
2026-09-08 05:51:02.318 [Thread-28] WARN  FloatLine: Parameter is null
2026-09-08 05:51:02.319 [Thread-28] WARN  FloatLine: Parameter is null
2026-09-08 05:51:02.320 [Thread-28] WARN  FloatLine: Parameter is null
2026-09-08 05:51:03.553 [Thread-28] WARN  FloatLine: Parameter is null
2026-09-08 05:51:04.790 [Thread-28] WARN  FloatLine: Parameter is null
2026-09-08 05:51:06.024 [Thread-28] WARN  FloatLine: Parameter is null
2026-09-08 05:51:06.025 [Thread-28] WARN  FloatLine: Parameter is null
2026-09-08 05:51:06.026 [Thread-28] WARN  FloatLine: Parameter is null
2026-09-08 05:51:06.028 [Thread-28] WARN  FloatLine: Parameter is null
2026-09-08 05:51:06.029 [Thread-28] WARN  FloatLine: Parameter is null
2026-09-08 05:51:06.030 [Thread-28] WARN  FloatLine: Parameter is null
2026-09-08 05:51:06.031 [Thread-28] WARN  FloatLine: Parameter is null
2026-09-08 05:52:42.704 [Thread-28] WARN  FloatLine: Parameter is null
2026-09-08 05:52:42.723 [Thread-28] WARN  FloatLine: Parameter is null
2026-09-08 05:52:42.723 [Thread-28] WARN  FloatLine: Parameter is null
2026-09-08 05:52:42.725 [Thread-28] WARN  FloatLine: Parameter is null
2026-09-08 05:52:42.727 [Thread-28] WARN  FloatLine: Parameter is null
2026-09-08 05:52:42.728 [Thread-28] WARN  FloatLine: Parameter is null
2026-09-08 05:52:42.729 [Thread-28] WARN  FloatLine: Parameter is null
2026-09-08 05:52:42.729 [Thread-28] WARN  FloatLine: Parameter is null
2026-09-08 05:52:44.155 [Thread-28] WARN  FloatLine: Parameter is null
2026-09-08 05:52:45.554 [Thread-28] WARN  FloatLine: Parameter is null
2026-09-08 05:52:46.936 [Thread-28] WARN  FloatLine: Parameter is null
2026-09-08 05:52:46.937 [Thread-28] WARN  FloatLine: Parameter is null
2026-09-08 05:52:46.938 [Thread-28] WARN  FloatLine: Parameter is null
2026-09-08 05:52:46.940 [Thread-28] WARN  FloatLine: Parameter is null
2026-09-08 05:52:46.940 [Thread-28] WARN  FloatLine: Parameter is null
2026-09-08 05:52:46.941 [Thread-28] WARN  FloatLine: Parameter is null
2026-09-08 05:52:46.942 [Thread-28] WARN  FloatLine: Parameter is null
2026-09-08 05:54:34.806 [Thread-28] WARN  FloatLine: Parameter is null
2026-09-08 05:54:34.817 [Thread-28] WARN  FloatLine: Parameter is null
2026-09-08 05:54:34.818 [Thread-28] WARN  FloatLine: Parameter is null
2026-09-08 05:54:34.819 [Thread-28] WARN  FloatLine: Parameter is null
2026-09-08 05:54:34.820 [Thread-28] WARN  FloatLine: Parameter is null
2026-09-08 05:54:34.821 [Thread-28] WARN  FloatLine: Parameter is null
2026-09-08 05:54:34.821 [Thread-28] WARN  FloatLine: Parameter is null
2026-09-08 05:54:34.822 [Thread-28] WARN  FloatLine: Parameter is null
2026-09-08 05:54:35.931 [Thread-28] WARN  FloatLine: Parameter is null
2026-09-08 05:54:35.939 [Thread-28] WARN  FloatLine: Parameter is null
2026-09-08 05:54:35.947 [Thread-28] WARN  FloatLine: Parameter is null
2026-09-08 05:54:35.948 [Thread-28] WARN  FloatLine: Parameter is null
2026-09-08 05:54:35.949 [Thread-28] WARN  FloatLine: Parameter is null
2026-09-08 05:54:35.950 [Thread-28] WARN  FloatLine: Parameter is null
2026-09-08 05:54:35.950 [Thread-28] WARN  FloatLine: Parameter is null
2026-09-08 05:54:35.951 [Thread-28] WARN  FloatLine: Parameter is null
2026-09-08 05:54:35.952 [Thread-28] WARN  FloatLine: Parameter is null
2026-09-08 05:56:19.883 [Thread-28] WARN  FloatLine: Parameter is null
2026-09-08 05:56:19.894 [Thread-28] WARN  FloatLine: Parameter is null
2026-09-08 05:56:19.894 [Thread-28] WARN  FloatLine: Parameter is null
2026-09-08 05:56:19.896 [Thread-28] WARN  FloatLine: Parameter is null
2026-09-08 05:56:19.897 [Thread-28] WARN  FloatLine: Parameter is null
2026-09-08 05:56:19.901 [Thread-28] WARN  FloatLine: Parameter is null
2026-09-08 05:56:19.902 [Thread-28] WARN  FloatLine: Parameter is null
2026-09-08 05:56:19.903 [Thread-28] WARN  FloatLine: Parameter is null
2026-09-08 05:56:20.992 [Thread-28] WARN  FloatLine: Parameter is null
2026-09-08 05:56:21.004 [Thread-28] WARN  FloatLine: Parameter is null
2026-09-08 05:56:21.015 [Thread-28] WARN  FloatLine: Parameter is null
2026-09-08 05:56:21.016 [Thread-28] WARN  FloatLine: Parameter is null
2026-09-08 05:56:21.016 [Thread-28] WARN  FloatLine: Parameter is null
2026-09-08 05:56:21.017 [Thread-28] WARN  FloatLine: Parameter is null
2026-09-08 05:56:21.018 [Thread-28] WARN  FloatLine: Parameter is null
2026-09-08 05:56:21.018 [Thread-28] WARN  FloatLine: Parameter is null
2026-09-08 05:56:21.019 [Thread-28] WARN  FloatLine: Parameter is null
2026-09-08 05:58:12.834 [Thread-28] WARN  FloatLine: Parameter is null
2026-09-08 05:58:12.850 [Thread-28] WARN  FloatLine: Parameter is null
2026-09-08 05:58:12.850 [Thread-28] WARN  FloatLine: Parameter is null
2026-09-08 05:58:12.852 [Thread-28] WARN  FloatLine: Parameter is null
2026-09-08 05:58:12.854 [Thread-28] WARN  FloatLine: Parameter is null
2026-09-08 05:58:12.855 [Thread-28] WARN  FloatLine: Parameter is null
2026-09-08 05:58:12.856 [Thread-28] WARN  FloatLine: Parameter is null
2026-09-08 05:58:12.856 [Thread-28] WARN  FloatLine: Parameter is null
2026-09-08 05:58:14.405 [Thread-28] WARN  FloatLine: Parameter is null
2026-09-08 05:58:14.421 [Thread-28] WARN  FloatLine: Parameter is null
2026-09-08 05:58:14.436 [Thread-28] WARN  FloatLine: Parameter is null
2026-09-08 05:58:14.437 [Thread-28] WARN  FloatLine: Parameter is null
2026-09-08 05:58:14.438 [Thread-28] WARN  FloatLine: Parameter is null
2026-09-08 05:58:14.439 [Thread-28] WARN  FloatLine: Parameter is null
2026-09-08 05:58:14.440 [Thread-28] WARN  FloatLine: Parameter is null
2026-09-08 05:58:14.440 [Thread-28] WARN  FloatLine: Parameter is null
2026-09-08 05:58:14.441 [Thread-28] WARN  FloatLine: Parameter is null
2026-09-08 06:00:16.646 [Thread-28] INFO  Auto-routing was completed in 12 minute(s) 49.32 seconds.
2026-09-08 06:00:16.748 [Thread-28] INFO  Starting route optimization on 1 thread...
2026-09-08 06:01:17.150 [Thread-28] INFO  Route optimization was completed in 1 minute(s) 0.40 seconds and it improved the design by ~50.30%.
2026-09-08 06:01:17.181 [Thread-28] INFO  Saving '/home/david/pcb/autoroute.ses'...
2026-09-08 07:28:18.759 [main] INFO  Freerouting v1.9.0 (build-date: 2023-10-30)
2026-09-08 07:28:18.799 [main] INFO  Settings were loaded from freerouting.json
2026-09-08 07:28:19.816 [main] INFO  Opening '/home/david/pcb/autoroute.dsn'...
2026-09-08 07:28:21.848 [ForkJoinPool.commonPool-worker-1] INFO  New version available: v2.4.1
2026-09-08 07:28:42.347 [Thread-28] INFO  Starting auto-routing...
2026-09-08 07:28:42.825 [Thread-28] WARN  FloatLine: Parameter is null
2026-09-08 07:28:42.873 [Thread-28] WARN  FloatLine: Parameter is null
2026-09-08 07:28:43.226 [Thread-28] WARN  FloatLine: Parameter is null
2026-09-08 07:28:43.300 [Thread-28] WARN  FloatLine: Parameter is null
2026-09-08 07:28:43.466 [Thread-28] WARN  FloatLine: Parameter is null
2026-09-08 07:28:43.468 [Thread-28] WARN  FloatLine: Parameter is null
2026-09-08 07:28:43.471 [Thread-28] WARN  FloatLine: Parameter is null
2026-09-08 07:28:43.475 [Thread-28] WARN  FloatLine: Parameter is null
2026-09-08 07:28:43.478 [Thread-28] WARN  FloatLine: Parameter is null
2026-09-08 07:28:43.480 [Thread-28] WARN  FloatLine: Parameter is null
2026-09-08 07:28:43.501 [Thread-28] WARN  FloatLine: Parameter is null
2026-09-08 07:28:43.507 [Thread-28] WARN  FloatLine: Parameter is null
2026-09-08 07:28:43.542 [Thread-28] WARN  FloatLine: Parameter is null
2026-09-08 07:28:43.555 [Thread-28] WARN  FloatLine: Parameter is null
2026-09-08 07:28:43.575 [Thread-28] WARN  FloatLine: Parameter is null
2026-09-08 07:28:43.576 [Thread-28] WARN  FloatLine: Parameter is null
2026-09-08 07:28:43.577 [Thread-28] WARN  FloatLine: Parameter is null
2026-09-08 07:28:43.579 [Thread-28] WARN  FloatLine: Parameter is null
2026-09-08 07:28:43.580 [Thread-28] WARN  FloatLine: Parameter is null
2026-09-08 07:28:43.582 [Thread-28] WARN  FloatLine: Parameter is null
2026-09-08 07:28:43.584 [Thread-28] WARN  FloatLine: Parameter is null
2026-09-08 07:29:22.868 [Thread-28] WARN  FloatLine: Parameter is null
2026-09-08 07:29:22.968 [Thread-28] WARN  FloatLine: Parameter is null
2026-09-08 07:29:22.969 [Thread-28] WARN  FloatLine: Parameter is null
2026-09-08 07:29:22.971 [Thread-28] WARN  FloatLine: Parameter is null
2026-09-08 07:29:22.973 [Thread-28] WARN  FloatLine: Parameter is null
2026-09-08 07:29:22.974 [Thread-28] WARN  FloatLine: Parameter is null
2026-09-08 07:29:22.974 [Thread-28] WARN  FloatLine: Parameter is null
2026-09-08 07:29:22.991 [Thread-28] WARN  FloatLine: Parameter is null
2026-09-08 07:29:23.015 [Thread-28] WARN  FloatLine: Parameter is null
2026-09-08 07:29:23.023 [Thread-28] WARN  FloatLine: Parameter is null
2026-09-08 07:29:23.031 [Thread-28] WARN  FloatLine: Parameter is null
2026-09-08 07:29:23.032 [Thread-28] WARN  FloatLine: Parameter is null
2026-09-08 07:29:23.033 [Thread-28] WARN  FloatLine: Parameter is null
2026-09-08 07:29:23.035 [Thread-28] WARN  FloatLine: Parameter is null
2026-09-08 07:29:23.035 [Thread-28] WARN  FloatLine: Parameter is null
2026-09-08 07:29:23.036 [Thread-28] WARN  FloatLine: Parameter is null
2026-09-08 07:29:23.037 [Thread-28] WARN  FloatLine: Parameter is null
2026-09-08 07:29:58.642 [Thread-28] WARN  FloatLine: Parameter is null
2026-09-08 07:29:58.784 [Thread-28] WARN  FloatLine: Parameter is null
2026-09-08 07:29:58.785 [Thread-28] WARN  FloatLine: Parameter is null
2026-09-08 07:29:58.787 [Thread-28] WARN  FloatLine: Parameter is null
2026-09-08 07:29:58.791 [Thread-28] WARN  FloatLine: Parameter is null
2026-09-08 07:29:58.792 [Thread-28] WARN  FloatLine: Parameter is null
2026-09-08 07:29:58.793 [Thread-28] WARN  FloatLine: Parameter is null
2026-09-08 07:29:58.811 [Thread-28] WARN  FloatLine: Parameter is null
2026-09-08 07:29:58.848 [Thread-28] WARN  FloatLine: Parameter is null
2026-09-08 07:29:58.860 [Thread-28] WARN  FloatLine: Parameter is null
2026-09-08 07:29:58.871 [Thread-28] WARN  FloatLine: Parameter is null
2026-09-08 07:29:58.872 [Thread-28] WARN  FloatLine: Parameter is null
2026-09-08 07:29:58.873 [Thread-28] WARN  FloatLine: Parameter is null
2026-09-08 07:29:58.875 [Thread-28] WARN  FloatLine: Parameter is null
2026-09-08 07:29:58.876 [Thread-28] WARN  FloatLine: Parameter is null
2026-09-08 07:29:58.877 [Thread-28] WARN  FloatLine: Parameter is null
2026-09-08 07:29:58.878 [Thread-28] WARN  FloatLine: Parameter is null
2026-09-08 07:30:36.765 [Thread-28] WARN  FloatLine: Parameter is null
2026-09-08 07:30:36.897 [Thread-28] WARN  FloatLine: Parameter is null
2026-09-08 07:30:36.898 [Thread-28] WARN  FloatLine: Parameter is null
2026-09-08 07:30:36.901 [Thread-28] WARN  FloatLine: Parameter is null
2026-09-08 07:30:36.905 [Thread-28] WARN  FloatLine: Parameter is null
2026-09-08 07:30:36.906 [Thread-28] WARN  FloatLine: Parameter is null
2026-09-08 07:30:36.906 [Thread-28] WARN  FloatLine: Parameter is null
2026-09-08 07:30:36.924 [Thread-28] WARN  FloatLine: Parameter is null
2026-09-08 07:30:36.959 [Thread-28] WARN  FloatLine: Parameter is null
2026-09-08 07:30:36.971 [Thread-28] WARN  FloatLine: Parameter is null
2026-09-08 07:30:36.982 [Thread-28] WARN  FloatLine: Parameter is null
2026-09-08 07:30:36.983 [Thread-28] WARN  FloatLine: Parameter is null
2026-09-08 07:30:36.984 [Thread-28] WARN  FloatLine: Parameter is null
2026-09-08 07:30:36.986 [Thread-28] WARN  FloatLine: Parameter is null
2026-09-08 07:30:36.986 [Thread-28] WARN  FloatLine: Parameter is null
2026-09-08 07:30:36.987 [Thread-28] WARN  FloatLine: Parameter is null
2026-09-08 07:30:36.988 [Thread-28] WARN  FloatLine: Parameter is null
2026-09-08 07:31:14.175 [Thread-28] WARN  FloatLine: Parameter is null
2026-09-08 07:31:14.274 [Thread-28] WARN  FloatLine: Parameter is null
2026-09-08 07:31:14.275 [Thread-28] WARN  FloatLine: Parameter is null
2026-09-08 07:31:14.277 [Thread-28] WARN  FloatLine: Parameter is null
2026-09-08 07:31:14.279 [Thread-28] WARN  FloatLine: Parameter is null
2026-09-08 07:31:14.280 [Thread-28] WARN  FloatLine: Parameter is null
2026-09-08 07:31:14.280 [Thread-28] WARN  FloatLine: Parameter is null
2026-09-08 07:31:14.294 [Thread-28] WARN  FloatLine: Parameter is null
2026-09-08 07:31:14.319 [Thread-28] WARN  FloatLine: Parameter is null
2026-09-08 07:31:14.327 [Thread-28] WARN  FloatLine: Parameter is null
2026-09-08 07:31:14.335 [Thread-28] WARN  FloatLine: Parameter is null
2026-09-08 07:31:14.336 [Thread-28] WARN  FloatLine: Parameter is null
2026-09-08 07:31:14.336 [Thread-28] WARN  FloatLine: Parameter is null
2026-09-08 07:31:14.337 [Thread-28] WARN  FloatLine: Parameter is null
2026-09-08 07:31:14.338 [Thread-28] WARN  FloatLine: Parameter is null
2026-09-08 07:31:14.338 [Thread-28] WARN  FloatLine: Parameter is null
2026-09-08 07:31:14.339 [Thread-28] WARN  FloatLine: Parameter is null
2026-09-08 07:31:52.557 [Thread-28] WARN  FloatLine: Parameter is null
2026-09-08 07:31:52.652 [Thread-28] WARN  FloatLine: Parameter is null
2026-09-08 07:31:52.652 [Thread-28] WARN  FloatLine: Parameter is null
2026-09-08 07:31:52.654 [Thread-28] WARN  FloatLine: Parameter is null
2026-09-08 07:31:52.656 [Thread-28] WARN  FloatLine: Parameter is null
2026-09-08 07:31:52.657 [Thread-28] WARN  FloatLine: Parameter is null
2026-09-08 07:31:52.657 [Thread-28] WARN  FloatLine: Parameter is null
2026-09-08 07:31:52.670 [Thread-28] WARN  FloatLine: Parameter is null
2026-09-08 07:31:52.695 [Thread-28] WARN  FloatLine: Parameter is null
2026-09-08 07:31:52.703 [Thread-28] WARN  FloatLine: Parameter is null
2026-09-08 07:31:52.711 [Thread-28] WARN  FloatLine: Parameter is null
2026-09-08 07:31:52.712 [Thread-28] WARN  FloatLine: Parameter is null
2026-09-08 07:31:52.713 [Thread-28] WARN  FloatLine: Parameter is null
2026-09-08 07:31:52.714 [Thread-28] WARN  FloatLine: Parameter is null
2026-09-08 07:31:52.715 [Thread-28] WARN  FloatLine: Parameter is null
2026-09-08 07:31:52.716 [Thread-28] WARN  FloatLine: Parameter is null
2026-09-08 07:31:52.716 [Thread-28] WARN  FloatLine: Parameter is null
2026-09-08 07:32:30.911 [Thread-28] WARN  FloatLine: Parameter is null
2026-09-08 07:32:31.045 [Thread-28] WARN  FloatLine: Parameter is null
2026-09-08 07:32:31.046 [Thread-28] WARN  FloatLine: Parameter is null
2026-09-08 07:32:31.048 [Thread-28] WARN  FloatLine: Parameter is null
2026-09-08 07:32:31.052 [Thread-28] WARN  FloatLine: Parameter is null
2026-09-08 07:32:31.052 [Thread-28] WARN  FloatLine: Parameter is null
2026-09-08 07:32:31.053 [Thread-28] WARN  FloatLine: Parameter is null
2026-09-08 07:32:31.072 [Thread-28] WARN  FloatLine: Parameter is null
2026-09-08 07:32:31.106 [Thread-28] WARN  FloatLine: Parameter is null
2026-09-08 07:32:31.118 [Thread-28] WARN  FloatLine: Parameter is null
2026-09-08 07:32:31.130 [Thread-28] WARN  FloatLine: Parameter is null
2026-09-08 07:32:31.131 [Thread-28] WARN  FloatLine: Parameter is null
2026-09-08 07:32:31.131 [Thread-28] WARN  FloatLine: Parameter is null
2026-09-08 07:32:31.133 [Thread-28] WARN  FloatLine: Parameter is null
2026-09-08 07:32:31.134 [Thread-28] WARN  FloatLine: Parameter is null
2026-09-08 07:32:31.135 [Thread-28] WARN  FloatLine: Parameter is null
2026-09-08 07:32:31.135 [Thread-28] WARN  FloatLine: Parameter is null
2026-09-08 07:33:09.210 [Thread-28] WARN  FloatLine: Parameter is null
2026-09-08 07:33:09.313 [Thread-28] WARN  FloatLine: Parameter is null
2026-09-08 07:33:09.314 [Thread-28] WARN  FloatLine: Parameter is null
2026-09-08 07:33:09.316 [Thread-28] WARN  FloatLine: Parameter is null
2026-09-08 07:33:09.318 [Thread-28] WARN  FloatLine: Parameter is null
2026-09-08 07:33:09.318 [Thread-28] WARN  FloatLine: Parameter is null
2026-09-08 07:33:09.319 [Thread-28] WARN  FloatLine: Parameter is null
2026-09-08 07:33:09.333 [Thread-28] WARN  FloatLine: Parameter is null
2026-09-08 07:33:09.357 [Thread-28] WARN  FloatLine: Parameter is null
2026-09-08 07:33:09.366 [Thread-28] WARN  FloatLine: Parameter is null
2026-09-08 07:33:09.374 [Thread-28] WARN  FloatLine: Parameter is null
2026-09-08 07:33:09.375 [Thread-28] WARN  FloatLine: Parameter is null
2026-09-08 07:33:09.375 [Thread-28] WARN  FloatLine: Parameter is null
2026-09-08 07:33:09.377 [Thread-28] WARN  FloatLine: Parameter is null
2026-09-08 07:33:09.377 [Thread-28] WARN  FloatLine: Parameter is null
2026-09-08 07:33:09.378 [Thread-28] WARN  FloatLine: Parameter is null
2026-09-08 07:33:09.378 [Thread-28] WARN  FloatLine: Parameter is null
2026-09-08 07:33:47.644 [Thread-28] INFO  Auto-routing was completed in 5 minute(s) 5.30 seconds.
2026-09-08 07:33:47.745 [Thread-28] INFO  Starting route optimization on 1 thread...
2026-09-08 07:33:52.991 [Thread-28] INFO  Route optimization was completed in 5.24 seconds.
2026-09-08 07:33:53.022 [Thread-28] INFO  Saving '/home/david/pcb/autoroute.ses'...
2026-09-08 18:42:40.784 [main] INFO  Freerouting v1.9.0 (build-date: 2023-10-30)
2026-09-08 18:42:40.835 [main] INFO  Settings were loaded from freerouting.json
2026-09-08 18:42:41.854 [main] INFO  Opening '/home/david/pcb/autoroute.dsn'...
2026-09-08 18:42:42.482 [ForkJoinPool.commonPool-worker-1] INFO  New version available: v2.4.1
2026-09-08 18:43:04.906 [Thread-29] INFO  Starting auto-routing...
2026-09-08 18:43:05.136 [Thread-29] WARN  FloatLine: Parameter is null
2026-09-08 18:43:05.223 [Thread-29] WARN  FloatLine: Parameter is null
2026-09-08 18:43:05.411 [Thread-29] WARN  FloatLine: Parameter is null
2026-09-08 18:43:05.413 [Thread-29] WARN  FloatLine: Parameter is null
2026-09-08 18:43:05.417 [Thread-29] WARN  FloatLine: Parameter is null
2026-09-08 18:43:05.422 [Thread-29] WARN  FloatLine: Parameter is null
2026-09-08 18:43:05.424 [Thread-29] WARN  FloatLine: Parameter is null
2026-09-08 18:43:05.426 [Thread-29] WARN  FloatLine: Parameter is null
2026-09-08 18:43:05.428 [Thread-29] WARN  FloatLine: Parameter is null
2026-09-08 18:43:05.435 [Thread-29] WARN  FloatLine: Parameter is null
2026-09-08 18:43:06.464 [Thread-29] WARN  FloatLine: Parameter is null
2026-09-08 18:43:06.977 [Thread-29] WARN  FloatLine: Parameter is null
2026-09-08 18:43:07.374 [Thread-29] WARN  FloatLine: Parameter is null
2026-09-08 18:43:07.376 [Thread-29] WARN  FloatLine: Parameter is null
2026-09-08 18:43:07.377 [Thread-29] WARN  FloatLine: Parameter is null
2026-09-08 18:43:07.379 [Thread-29] WARN  FloatLine: Parameter is null
2026-09-08 18:43:07.380 [Thread-29] WARN  FloatLine: Parameter is null
2026-09-08 18:43:07.381 [Thread-29] WARN  FloatLine: Parameter is null
2026-09-08 18:43:07.382 [Thread-29] WARN  FloatLine: Parameter is null
2026-09-08 18:44:06.134 [Thread-29] WARN  FloatLine: Parameter is null
2026-09-08 18:44:06.153 [Thread-29] WARN  FloatLine: Parameter is null
2026-09-08 18:44:06.154 [Thread-29] WARN  FloatLine: Parameter is null
2026-09-08 18:44:06.156 [Thread-29] WARN  FloatLine: Parameter is null
2026-09-08 18:44:06.159 [Thread-29] WARN  FloatLine: Parameter is null
2026-09-08 18:44:06.159 [Thread-29] WARN  FloatLine: Parameter is null
2026-09-08 18:44:06.160 [Thread-29] WARN  FloatLine: Parameter is null
2026-09-08 18:44:06.161 [Thread-29] WARN  FloatLine: Parameter is null
2026-09-08 18:44:07.200 [Thread-29] WARN  FloatLine: Parameter is null
2026-09-08 18:44:08.203 [Thread-29] WARN  FloatLine: Parameter is null
2026-09-08 18:44:09.188 [Thread-29] WARN  FloatLine: Parameter is null
2026-09-08 18:44:09.189 [Thread-29] WARN  FloatLine: Parameter is null
2026-09-08 18:44:09.190 [Thread-29] WARN  FloatLine: Parameter is null
2026-09-08 18:44:09.193 [Thread-29] WARN  FloatLine: Parameter is null
2026-09-08 18:44:09.194 [Thread-29] WARN  FloatLine: Parameter is null
2026-09-08 18:44:09.195 [Thread-29] WARN  FloatLine: Parameter is null
2026-09-08 18:44:09.196 [Thread-29] WARN  FloatLine: Parameter is null
2026-09-08 18:45:37.601 [Thread-29] WARN  FloatLine: Parameter is null
2026-09-08 18:45:37.618 [Thread-29] WARN  FloatLine: Parameter is null
2026-09-08 18:45:37.620 [Thread-29] WARN  FloatLine: Parameter is null
2026-09-08 18:45:37.622 [Thread-29] WARN  FloatLine: Parameter is null
2026-09-08 18:45:37.624 [Thread-29] WARN  FloatLine: Parameter is null
2026-09-08 18:45:37.625 [Thread-29] WARN  FloatLine: Parameter is null
2026-09-08 18:45:37.626 [Thread-29] WARN  FloatLine: Parameter is null
2026-09-08 18:45:37.627 [Thread-29] WARN  FloatLine: Parameter is null
2026-09-08 18:45:38.852 [Thread-29] WARN  FloatLine: Parameter is null
2026-09-08 18:45:40.085 [Thread-29] WARN  FloatLine: Parameter is null
2026-09-08 18:45:41.253 [Thread-29] WARN  FloatLine: Parameter is null
2026-09-08 18:45:41.254 [Thread-29] WARN  FloatLine: Parameter is null
2026-09-08 18:45:41.255 [Thread-29] WARN  FloatLine: Parameter is null
2026-09-08 18:45:41.256 [Thread-29] WARN  FloatLine: Parameter is null
2026-09-08 18:45:41.257 [Thread-29] WARN  FloatLine: Parameter is null
2026-09-08 18:45:41.258 [Thread-29] WARN  FloatLine: Parameter is null
2026-09-08 18:45:41.258 [Thread-29] WARN  FloatLine: Parameter is null
2026-09-08 18:47:29.043 [Thread-29] WARN  FloatLine: Parameter is null
2026-09-08 18:47:29.057 [Thread-29] WARN  FloatLine: Parameter is null
2026-09-08 18:47:29.058 [Thread-29] WARN  FloatLine: Parameter is null
2026-09-08 18:47:29.060 [Thread-29] WARN  FloatLine: Parameter is null
2026-09-08 18:47:29.062 [Thread-29] WARN  FloatLine: Parameter is null
2026-09-08 18:47:29.063 [Thread-29] WARN  FloatLine: Parameter is null
2026-09-08 18:47:29.063 [Thread-29] WARN  FloatLine: Parameter is null
2026-09-08 18:47:29.064 [Thread-29] WARN  FloatLine: Parameter is null
2026-09-08 18:47:30.377 [Thread-29] WARN  FloatLine: Parameter is null
2026-09-08 18:47:30.389 [Thread-29] WARN  FloatLine: Parameter is null
2026-09-08 18:47:30.400 [Thread-29] WARN  FloatLine: Parameter is null
2026-09-08 18:47:30.400 [Thread-29] WARN  FloatLine: Parameter is null
2026-09-08 18:47:30.401 [Thread-29] WARN  FloatLine: Parameter is null
2026-09-08 18:47:30.402 [Thread-29] WARN  FloatLine: Parameter is null
2026-09-08 18:47:30.403 [Thread-29] WARN  FloatLine: Parameter is null
2026-09-08 18:47:30.404 [Thread-29] WARN  FloatLine: Parameter is null
2026-09-08 18:47:30.404 [Thread-29] WARN  FloatLine: Parameter is null
2026-09-08 18:49:21.157 [Thread-29] WARN  FloatLine: Parameter is null
2026-09-08 18:49:21.183 [Thread-29] WARN  FloatLine: Parameter is null
2026-09-08 18:49:21.184 [Thread-29] WARN  FloatLine: Parameter is null
2026-09-08 18:49:21.187 [Thread-29] WARN  FloatLine: Parameter is null
2026-09-08 18:49:21.190 [Thread-29] WARN  FloatLine: Parameter is null
2026-09-08 18:49:21.191 [Thread-29] WARN  FloatLine: Parameter is null
2026-09-08 18:49:21.192 [Thread-29] WARN  FloatLine: Parameter is null
2026-09-08 18:49:21.193 [Thread-29] WARN  FloatLine: Parameter is null
2026-09-08 18:49:21.328 [Thread-29] WARN  FloatLine: Parameter is null
2026-09-08 18:49:21.342 [Thread-29] WARN  FloatLine: Parameter is null
2026-09-08 18:49:21.357 [Thread-29] WARN  FloatLine: Parameter is null
2026-09-08 18:49:21.359 [Thread-29] WARN  FloatLine: Parameter is null
2026-09-08 18:49:21.360 [Thread-29] WARN  FloatLine: Parameter is null
2026-09-08 18:49:21.362 [Thread-29] WARN  FloatLine: Parameter is null
2026-09-08 18:49:21.364 [Thread-29] WARN  FloatLine: Parameter is null
2026-09-08 18:49:21.365 [Thread-29] WARN  FloatLine: Parameter is null
2026-09-08 18:49:21.365 [Thread-29] WARN  FloatLine: Parameter is null
2026-09-08 18:51:19.000 [Thread-29] WARN  FloatLine: Parameter is null
2026-09-08 18:51:19.018 [Thread-29] WARN  FloatLine: Parameter is null
2026-09-08 18:51:19.019 [Thread-29] WARN  FloatLine: Parameter is null
2026-09-08 18:51:19.020 [Thread-29] WARN  FloatLine: Parameter is null
2026-09-08 18:51:19.023 [Thread-29] WARN  FloatLine: Parameter is null
2026-09-08 18:51:19.023 [Thread-29] WARN  FloatLine: Parameter is null
2026-09-08 18:51:19.024 [Thread-29] WARN  FloatLine: Parameter is null
2026-09-08 18:51:19.025 [Thread-29] WARN  FloatLine: Parameter is null
2026-09-08 18:51:20.560 [Thread-29] WARN  FloatLine: Parameter is null
2026-09-08 18:51:22.081 [Thread-29] WARN  FloatLine: Parameter is null
2026-09-08 18:51:23.575 [Thread-29] WARN  FloatLine: Parameter is null
2026-09-08 18:51:23.576 [Thread-29] WARN  FloatLine: Parameter is null
2026-09-08 18:51:23.578 [Thread-29] WARN  FloatLine: Parameter is null
2026-09-08 18:51:23.579 [Thread-29] WARN  FloatLine: Parameter is null
2026-09-08 18:51:23.580 [Thread-29] WARN  FloatLine: Parameter is null
2026-09-08 18:51:23.581 [Thread-29] WARN  FloatLine: Parameter is null
2026-09-08 18:51:23.582 [Thread-29] WARN  FloatLine: Parameter is null
2026-09-08 18:53:27.226 [Thread-29] WARN  FloatLine: Parameter is null
2026-09-08 18:53:27.245 [Thread-29] WARN  FloatLine: Parameter is null
2026-09-08 18:53:27.245 [Thread-29] WARN  FloatLine: Parameter is null
2026-09-08 18:53:27.247 [Thread-29] WARN  FloatLine: Parameter is null
2026-09-08 18:53:27.249 [Thread-29] WARN  FloatLine: Parameter is null
2026-09-08 18:53:27.250 [Thread-29] WARN  FloatLine: Parameter is null
2026-09-08 18:53:27.250 [Thread-29] WARN  FloatLine: Parameter is null
2026-09-08 18:53:27.251 [Thread-29] WARN  FloatLine: Parameter is null
2026-09-08 18:53:28.835 [Thread-29] WARN  FloatLine: Parameter is null
2026-09-08 18:53:30.385 [Thread-29] WARN  FloatLine: Parameter is null
2026-09-08 18:53:31.964 [Thread-29] WARN  FloatLine: Parameter is null
2026-09-08 18:53:31.966 [Thread-29] WARN  FloatLine: Parameter is null
2026-09-08 18:53:31.967 [Thread-29] WARN  FloatLine: Parameter is null
2026-09-08 18:53:31.968 [Thread-29] WARN  FloatLine: Parameter is null
2026-09-08 18:53:31.969 [Thread-29] WARN  FloatLine: Parameter is null
2026-09-08 18:53:31.970 [Thread-29] WARN  FloatLine: Parameter is null
2026-09-08 18:53:31.971 [Thread-29] WARN  FloatLine: Parameter is null
2026-09-08 18:56:19.410 [Thread-29] WARN  FloatLine: Parameter is null
2026-09-08 18:56:19.429 [Thread-29] WARN  FloatLine: Parameter is null
2026-09-08 18:56:19.431 [Thread-29] WARN  FloatLine: Parameter is null
2026-09-08 18:56:19.433 [Thread-29] WARN  FloatLine: Parameter is null
2026-09-08 18:56:19.436 [Thread-29] WARN  FloatLine: Parameter is null
2026-09-08 18:56:19.439 [Thread-29] WARN  FloatLine: Parameter is null
2026-09-08 18:56:19.440 [Thread-29] WARN  FloatLine: Parameter is null
2026-09-08 18:56:19.442 [Thread-29] WARN  FloatLine: Parameter is null
2026-09-08 18:56:21.054 [Thread-29] WARN  FloatLine: Parameter is null
2026-09-08 18:56:22.579 [Thread-29] WARN  FloatLine: Parameter is null
2026-09-08 18:56:24.125 [Thread-29] WARN  FloatLine: Parameter is null
2026-09-08 18:56:24.126 [Thread-29] WARN  FloatLine: Parameter is null
2026-09-08 18:56:24.126 [Thread-29] WARN  FloatLine: Parameter is null
2026-09-08 18:56:24.128 [Thread-29] WARN  FloatLine: Parameter is null
2026-09-08 18:56:24.129 [Thread-29] WARN  FloatLine: Parameter is null
2026-09-08 18:56:24.130 [Thread-29] WARN  FloatLine: Parameter is null
2026-09-08 18:56:24.131 [Thread-29] WARN  FloatLine: Parameter is null
2026-09-08 18:59:49.718 [Thread-29] WARN  FloatLine: Parameter is null
2026-09-08 18:59:49.733 [Thread-29] WARN  FloatLine: Parameter is null
2026-09-08 18:59:49.734 [Thread-29] WARN  FloatLine: Parameter is null
2026-09-08 18:59:49.736 [Thread-29] WARN  FloatLine: Parameter is null
2026-09-08 18:59:49.738 [Thread-29] WARN  FloatLine: Parameter is null
2026-09-08 18:59:49.739 [Thread-29] WARN  FloatLine: Parameter is null
2026-09-08 18:59:49.740 [Thread-29] WARN  FloatLine: Parameter is null
2026-09-08 18:59:49.741 [Thread-29] WARN  FloatLine: Parameter is null
2026-09-08 18:59:51.365 [Thread-29] WARN  FloatLine: Parameter is null
2026-09-08 18:59:52.949 [Thread-29] WARN  FloatLine: Parameter is null
2026-09-08 18:59:54.486 [Thread-29] WARN  FloatLine: Parameter is null
2026-09-08 18:59:54.487 [Thread-29] WARN  FloatLine: Parameter is null
2026-09-08 18:59:54.488 [Thread-29] WARN  FloatLine: Parameter is null
2026-09-08 18:59:54.489 [Thread-29] WARN  FloatLine: Parameter is null
2026-09-08 18:59:54.490 [Thread-29] WARN  FloatLine: Parameter is null
2026-09-08 18:59:54.491 [Thread-29] WARN  FloatLine: Parameter is null
2026-09-08 18:59:54.492 [Thread-29] WARN  FloatLine: Parameter is null
2026-09-08 19:03:11.883 [Thread-29] WARN  FloatLine: Parameter is null
2026-09-08 19:03:11.901 [Thread-29] WARN  FloatLine: Parameter is null
2026-09-08 19:03:11.902 [Thread-29] WARN  FloatLine: Parameter is null
2026-09-08 19:03:11.904 [Thread-29] WARN  FloatLine: Parameter is null
2026-09-08 19:03:11.906 [Thread-29] WARN  FloatLine: Parameter is null
2026-09-08 19:03:11.907 [Thread-29] WARN  FloatLine: Parameter is null
2026-09-08 19:03:11.908 [Thread-29] WARN  FloatLine: Parameter is null
2026-09-08 19:03:11.910 [Thread-29] WARN  FloatLine: Parameter is null
2026-09-08 19:03:13.596 [Thread-29] WARN  FloatLine: Parameter is null
2026-09-08 19:03:15.249 [Thread-29] WARN  FloatLine: Parameter is null
2026-09-08 19:03:16.906 [Thread-29] WARN  FloatLine: Parameter is null
2026-09-08 19:03:16.907 [Thread-29] WARN  FloatLine: Parameter is null
2026-09-08 19:03:16.908 [Thread-29] WARN  FloatLine: Parameter is null
2026-09-08 19:03:16.909 [Thread-29] WARN  FloatLine: Parameter is null
2026-09-08 19:03:16.910 [Thread-29] WARN  FloatLine: Parameter is null
2026-09-08 19:03:16.911 [Thread-29] WARN  FloatLine: Parameter is null
2026-09-08 19:03:16.914 [Thread-29] WARN  FloatLine: Parameter is null
2026-09-08 19:05:29.655 [Thread-29] WARN  FloatLine: Parameter is null
2026-09-08 19:05:29.675 [Thread-29] WARN  FloatLine: Parameter is null
2026-09-08 19:05:29.676 [Thread-29] WARN  FloatLine: Parameter is null
2026-09-08 19:05:29.677 [Thread-29] WARN  FloatLine: Parameter is null
2026-09-08 19:05:29.680 [Thread-29] WARN  FloatLine: Parameter is null
2026-09-08 19:05:29.681 [Thread-29] WARN  FloatLine: Parameter is null
2026-09-08 19:05:29.681 [Thread-29] WARN  FloatLine: Parameter is null
2026-09-08 19:05:29.682 [Thread-29] WARN  FloatLine: Parameter is null
2026-09-08 19:05:31.386 [Thread-29] WARN  FloatLine: Parameter is null
2026-09-08 19:05:31.401 [Thread-29] WARN  FloatLine: Parameter is null
2026-09-08 19:05:31.416 [Thread-29] WARN  FloatLine: Parameter is null
2026-09-08 19:05:31.417 [Thread-29] WARN  FloatLine: Parameter is null
2026-09-08 19:05:31.417 [Thread-29] WARN  FloatLine: Parameter is null
2026-09-08 19:05:31.419 [Thread-29] WARN  FloatLine: Parameter is null
2026-09-08 19:05:31.420 [Thread-29] WARN  FloatLine: Parameter is null
2026-09-08 19:05:31.421 [Thread-29] WARN  FloatLine: Parameter is null
2026-09-08 19:05:31.422 [Thread-29] WARN  FloatLine: Parameter is null
2026-09-08 19:07:50.680 [Thread-29] WARN  FloatLine: Parameter is null
2026-09-08 19:07:50.694 [Thread-29] WARN  FloatLine: Parameter is null
2026-09-08 19:07:50.695 [Thread-29] WARN  FloatLine: Parameter is null
2026-09-08 19:07:50.696 [Thread-29] WARN  FloatLine: Parameter is null
2026-09-08 19:07:50.698 [Thread-29] WARN  FloatLine: Parameter is null
2026-09-08 19:07:50.699 [Thread-29] WARN  FloatLine: Parameter is null
2026-09-08 19:07:50.699 [Thread-29] WARN  FloatLine: Parameter is null
2026-09-08 19:07:50.700 [Thread-29] WARN  FloatLine: Parameter is null
2026-09-08 19:07:52.227 [Thread-29] WARN  FloatLine: Parameter is null
2026-09-08 19:07:52.243 [Thread-29] WARN  FloatLine: Parameter is null
2026-09-08 19:07:52.258 [Thread-29] WARN  FloatLine: Parameter is null
2026-09-08 19:07:52.259 [Thread-29] WARN  FloatLine: Parameter is null
2026-09-08 19:07:52.259 [Thread-29] WARN  FloatLine: Parameter is null
2026-09-08 19:07:52.260 [Thread-29] WARN  FloatLine: Parameter is null
2026-09-08 19:07:52.261 [Thread-29] WARN  FloatLine: Parameter is null
2026-09-08 19:07:52.262 [Thread-29] WARN  FloatLine: Parameter is null
2026-09-08 19:07:52.262 [Thread-29] WARN  FloatLine: Parameter is null
2026-09-08 19:10:06.743 [Thread-29] INFO  Auto-routing was completed in 27 minute(s) 1.84 seconds.
2026-09-08 19:10:06.844 [Thread-29] INFO  Starting route optimization on 1 thread...
2026-09-08 19:11:11.927 [Thread-29] INFO  Route optimization was completed in 1 minute(s) 5.08 seconds and it improved the design by ~0.11%.
2026-09-08 19:11:11.960 [Thread-29] INFO  Saving '/home/david/pcb/autoroute.ses'...
2026-09-08 21:01:22.966 [main] INFO  Freerouting v1.9.0 (build-date: 2023-10-30)
2026-09-08 21:01:23.026 [main] INFO  Settings were loaded from freerouting.json
2026-09-08 21:01:24.048 [main] INFO  Opening '/home/david/pcb/autoroute.dsn'...
2026-09-08 21:01:24.626 [ForkJoinPool.commonPool-worker-1] INFO  New version available: v2.4.1
2026-09-08 21:01:46.783 [Thread-28] INFO  Starting auto-routing...
2026-09-08 21:01:47.165 [Thread-28] WARN  FloatLine: Parameter is null
2026-09-08 21:01:47.307 [Thread-28] WARN  FloatLine: Parameter is null
2026-09-08 21:01:47.744 [Thread-28] WARN  FloatLine: Parameter is null
2026-09-08 21:01:50.254 [Thread-28] WARN  FloatLine: Parameter is null
2026-09-08 21:01:50.258 [Thread-28] WARN  FloatLine: Parameter is null
2026-09-08 21:01:50.263 [Thread-28] WARN  FloatLine: Parameter is null
2026-09-08 21:01:50.269 [Thread-28] WARN  FloatLine: Parameter is null
2026-09-08 21:01:50.271 [Thread-28] WARN  FloatLine: Parameter is null
2026-09-08 21:01:50.274 [Thread-28] WARN  FloatLine: Parameter is null
2026-09-08 21:01:52.040 [Thread-28] WARN  FloatLine: Parameter is null
2026-09-08 21:01:52.046 [Thread-28] WARN  FloatLine: Parameter is null
2026-09-08 21:01:52.090 [Thread-28] WARN  FloatLine: Parameter is null
2026-09-08 21:01:52.106 [Thread-28] WARN  FloatLine: Parameter is null
2026-09-08 21:01:52.123 [Thread-28] WARN  FloatLine: Parameter is null
2026-09-08 21:01:52.125 [Thread-28] WARN  FloatLine: Parameter is null
2026-09-08 21:01:52.127 [Thread-28] WARN  FloatLine: Parameter is null
2026-09-08 21:01:52.130 [Thread-28] WARN  FloatLine: Parameter is null
2026-09-08 21:01:52.131 [Thread-28] WARN  FloatLine: Parameter is null
2026-09-08 21:01:52.133 [Thread-28] WARN  FloatLine: Parameter is null
2026-09-08 21:01:52.134 [Thread-28] WARN  FloatLine: Parameter is null
2026-09-08 21:02:37.329 [Thread-28] WARN  FloatLine: Parameter is null
2026-09-08 21:02:37.368 [Thread-28] WARN  FloatLine: Parameter is null
2026-09-08 21:02:37.370 [Thread-28] WARN  FloatLine: Parameter is null
2026-09-08 21:02:37.372 [Thread-28] WARN  FloatLine: Parameter is null
2026-09-08 21:02:37.376 [Thread-28] WARN  FloatLine: Parameter is null
2026-09-08 21:02:37.377 [Thread-28] WARN  FloatLine: Parameter is null
2026-09-08 21:02:37.379 [Thread-28] WARN  FloatLine: Parameter is null
2026-09-08 21:02:38.775 [Thread-28] WARN  FloatLine: Parameter is null
2026-09-08 21:02:38.806 [Thread-28] WARN  FloatLine: Parameter is null
2026-09-08 21:02:38.818 [Thread-28] WARN  FloatLine: Parameter is null
2026-09-08 21:02:38.830 [Thread-28] WARN  FloatLine: Parameter is null
2026-09-08 21:02:38.831 [Thread-28] WARN  FloatLine: Parameter is null
2026-09-08 21:02:38.832 [Thread-28] WARN  FloatLine: Parameter is null
2026-09-08 21:02:38.834 [Thread-28] WARN  FloatLine: Parameter is null
2026-09-08 21:02:38.835 [Thread-28] WARN  FloatLine: Parameter is null
2026-09-08 21:02:38.836 [Thread-28] WARN  FloatLine: Parameter is null
2026-09-08 21:02:38.837 [Thread-28] WARN  FloatLine: Parameter is null
2026-09-08 21:03:25.392 [Thread-28] WARN  FloatLine: Parameter is null
2026-09-08 21:03:25.432 [Thread-28] WARN  FloatLine: Parameter is null
2026-09-08 21:03:25.434 [Thread-28] WARN  FloatLine: Parameter is null
2026-09-08 21:03:25.436 [Thread-28] WARN  FloatLine: Parameter is null
2026-09-08 21:03:25.439 [Thread-28] WARN  FloatLine: Parameter is null
2026-09-08 21:03:25.440 [Thread-28] WARN  FloatLine: Parameter is null
2026-09-08 21:03:25.441 [Thread-28] WARN  FloatLine: Parameter is null
2026-09-08 21:03:26.886 [Thread-28] WARN  FloatLine: Parameter is null
2026-09-08 21:03:26.919 [Thread-28] WARN  FloatLine: Parameter is null
2026-09-08 21:03:26.931 [Thread-28] WARN  FloatLine: Parameter is null
2026-09-08 21:03:26.943 [Thread-28] WARN  FloatLine: Parameter is null
2026-09-08 21:03:26.944 [Thread-28] WARN  FloatLine: Parameter is null
2026-09-08 21:03:26.945 [Thread-28] WARN  FloatLine: Parameter is null
2026-09-08 21:03:26.947 [Thread-28] WARN  FloatLine: Parameter is null
2026-09-08 21:03:26.948 [Thread-28] WARN  FloatLine: Parameter is null
2026-09-08 21:03:26.949 [Thread-28] WARN  FloatLine: Parameter is null
2026-09-08 21:03:26.950 [Thread-28] WARN  FloatLine: Parameter is null
2026-09-08 21:21:54.897 [main] INFO  Freerouting v1.9.0 (build-date: 2023-10-30)
2026-09-08 21:21:54.954 [main] INFO  Settings were loaded from freerouting.json
2026-09-08 21:21:55.976 [main] INFO  Opening '/home/david/pcb/autoroute.dsn'...
2026-09-08 21:21:56.579 [ForkJoinPool.commonPool-worker-1] INFO  New version available: v2.4.1
2026-09-08 21:22:10.352 [Thread-28] INFO  Starting auto-routing...
2026-09-08 21:22:10.656 [Thread-28] WARN  FloatLine: Parameter is null
2026-09-08 21:22:10.689 [Thread-28] WARN  FloatLine: Parameter is null
2026-09-08 21:22:10.734 [Thread-28] WARN  FloatLine: Parameter is null
2026-09-08 21:22:10.760 [Thread-28] WARN  FloatLine: Parameter is null
2026-09-08 21:22:10.908 [Thread-28] WARN  FloatLine: Parameter is null
2026-09-08 21:22:10.912 [Thread-28] WARN  FloatLine: Parameter is null
2026-09-08 21:22:10.917 [Thread-28] WARN  FloatLine: Parameter is null
2026-09-08 21:22:10.919 [Thread-28] WARN  FloatLine: Parameter is null
2026-09-08 21:22:10.935 [Thread-28] WARN  FloatLine: Parameter is null
2026-09-08 21:22:10.946 [Thread-28] WARN  FloatLine: Parameter is null
2026-09-08 21:22:10.950 [Thread-28] WARN  FloatLine: Parameter is null
2026-09-08 21:22:10.953 [Thread-28] WARN  FloatLine: Parameter is null
2026-09-08 21:22:10.955 [Thread-28] WARN  FloatLine: Parameter is null
2026-09-08 21:22:10.963 [Thread-28] WARN  FloatLine: Parameter is null
2026-09-08 21:22:12.124 [Thread-28] WARN  FloatLine: Parameter is null
2026-09-08 21:22:12.845 [Thread-28] WARN  FloatLine: Parameter is null
2026-09-08 21:22:13.323 [Thread-28] WARN  FloatLine: Parameter is null
2026-09-08 21:22:13.325 [Thread-28] WARN  FloatLine: Parameter is null
2026-09-08 21:22:13.327 [Thread-28] WARN  FloatLine: Parameter is null
2026-09-08 21:22:13.331 [Thread-28] WARN  FloatLine: Parameter is null
2026-09-08 21:22:13.332 [Thread-28] WARN  FloatLine: Parameter is null
2026-09-08 21:22:13.334 [Thread-28] WARN  FloatLine: Parameter is null
2026-09-08 21:22:13.335 [Thread-28] WARN  FloatLine: Parameter is null
2026-09-08 22:02:18.225 [main] INFO  Freerouting v1.9.0 (build-date: 2023-10-30)
2026-09-08 22:02:18.287 [main] INFO  Settings were loaded from freerouting.json
2026-09-08 22:02:19.314 [main] INFO  Opening '/home/david/pcb/autoroute.dsn'...
2026-09-08 22:02:19.978 [ForkJoinPool.commonPool-worker-1] INFO  New version available: v2.4.1
2026-09-08 22:02:27.677 [Thread-28] INFO  Starting auto-routing...
2026-09-08 22:02:27.954 [Thread-28] WARN  FloatLine: Parameter is null
2026-09-08 22:02:27.998 [Thread-28] WARN  FloatLine: Parameter is null
2026-09-08 22:02:28.020 [Thread-28] WARN  FloatLine: Parameter is null
2026-09-08 22:02:28.185 [Thread-28] WARN  FloatLine: Parameter is null
2026-09-08 22:02:28.188 [Thread-28] WARN  FloatLine: Parameter is null
2026-09-08 22:02:28.191 [Thread-28] WARN  FloatLine: Parameter is null
2026-09-08 22:02:28.198 [Thread-28] WARN  FloatLine: Parameter is null
2026-09-08 22:02:28.203 [Thread-28] WARN  FloatLine: Parameter is null
2026-09-08 22:02:28.205 [Thread-28] WARN  FloatLine: Parameter is null
2026-09-08 22:02:28.206 [Thread-28] WARN  FloatLine: Parameter is null
2026-09-08 22:02:28.210 [Thread-28] WARN  FloatLine: Parameter is null
2026-09-08 22:02:28.218 [Thread-28] WARN  FloatLine: Parameter is null
2026-09-08 22:02:29.233 [Thread-28] WARN  FloatLine: Parameter is null
2026-09-08 22:02:29.856 [Thread-28] WARN  FloatLine: Parameter is null
2026-09-08 22:02:30.356 [Thread-28] WARN  FloatLine: Parameter is null
2026-09-08 22:02:30.357 [Thread-28] WARN  FloatLine: Parameter is null
2026-09-08 22:02:30.358 [Thread-28] WARN  FloatLine: Parameter is null
2026-09-08 22:02:30.360 [Thread-28] WARN  FloatLine: Parameter is null
2026-09-08 22:02:30.361 [Thread-28] WARN  FloatLine: Parameter is null
2026-09-08 22:02:30.363 [Thread-28] WARN  FloatLine: Parameter is null
2026-09-08 22:02:30.364 [Thread-28] WARN  FloatLine: Parameter is null
2026-09-08 22:03:44.026 [Thread-28] WARN  FloatLine: Parameter is null
2026-09-08 22:03:44.028 [Thread-28] WARN  FloatLine: Parameter is null
2026-09-08 22:03:44.043 [Thread-28] WARN  FloatLine: Parameter is null
2026-09-08 22:03:44.045 [Thread-28] WARN  FloatLine: Parameter is null
2026-09-08 22:03:44.046 [Thread-28] WARN  FloatLine: Parameter is null
2026-09-08 22:03:44.048 [Thread-28] WARN  FloatLine: Parameter is null
2026-09-08 22:03:44.051 [Thread-28] WARN  FloatLine: Parameter is null
2026-09-08 22:03:44.052 [Thread-28] WARN  FloatLine: Parameter is null
2026-09-08 22:03:44.053 [Thread-28] WARN  FloatLine: Parameter is null
2026-09-08 22:03:44.054 [Thread-28] WARN  FloatLine: Parameter is null
2026-09-08 22:03:45.015 [Thread-28] WARN  FloatLine: Parameter is null
2026-09-08 22:03:45.945 [Thread-28] WARN  FloatLine: Parameter is null
2026-09-08 22:03:46.935 [Thread-28] WARN  FloatLine: Parameter is null
2026-09-08 22:03:46.937 [Thread-28] WARN  FloatLine: Parameter is null
2026-09-08 22:03:46.938 [Thread-28] WARN  FloatLine: Parameter is null
2026-09-08 22:03:46.939 [Thread-28] WARN  FloatLine: Parameter is null
2026-09-08 22:03:46.941 [Thread-28] WARN  FloatLine: Parameter is null
2026-09-08 22:03:46.942 [Thread-28] WARN  FloatLine: Parameter is null
2026-09-08 22:03:46.943 [Thread-28] WARN  FloatLine: Parameter is null
2026-09-08 22:18:40.322 [main] INFO  Freerouting v1.9.0 (build-date: 2023-10-30)
2026-09-08 22:18:40.374 [main] INFO  Settings were loaded from freerouting.json
2026-09-08 22:18:41.396 [main] INFO  Opening '/home/david/pcb/autoroute.dsn'...
2026-09-08 22:18:42.240 [ForkJoinPool.commonPool-worker-1] INFO  New version available: v2.4.1
2026-09-08 22:19:04.021 [Thread-28] INFO  Starting auto-routing...
2026-09-08 22:19:04.350 [Thread-28] WARN  FloatLine: Parameter is null
2026-09-08 22:19:04.390 [Thread-28] WARN  FloatLine: Parameter is null
2026-09-08 22:19:04.407 [Thread-28] WARN  FloatLine: Parameter is null
2026-09-08 22:19:04.544 [Thread-28] WARN  FloatLine: Parameter is null
2026-09-08 22:19:04.547 [Thread-28] WARN  FloatLine: Parameter is null
2026-09-08 22:19:04.550 [Thread-28] WARN  FloatLine: Parameter is null
2026-09-08 22:19:04.553 [Thread-28] WARN  FloatLine: Parameter is null
2026-09-08 22:19:04.559 [Thread-28] WARN  FloatLine: Parameter is null
2026-09-08 22:19:04.567 [Thread-28] WARN  FloatLine: Parameter is null
2026-09-08 22:19:04.569 [Thread-28] WARN  FloatLine: Parameter is null
2026-09-08 22:19:04.571 [Thread-28] WARN  FloatLine: Parameter is null
2026-09-08 22:19:04.574 [Thread-28] WARN  FloatLine: Parameter is null
2026-09-08 22:19:04.584 [Thread-28] WARN  FloatLine: Parameter is null
2026-09-08 22:19:05.702 [Thread-28] WARN  FloatLine: Parameter is null
2026-09-08 22:19:06.353 [Thread-28] WARN  FloatLine: Parameter is null
2026-09-08 22:19:06.762 [Thread-28] WARN  FloatLine: Parameter is null
2026-09-08 22:19:06.764 [Thread-28] WARN  FloatLine: Parameter is null
2026-09-08 22:19:06.765 [Thread-28] WARN  FloatLine: Parameter is null
2026-09-08 22:19:06.768 [Thread-28] WARN  FloatLine: Parameter is null
2026-09-08 22:19:06.768 [Thread-28] WARN  FloatLine: Parameter is null
2026-09-08 22:19:06.769 [Thread-28] WARN  FloatLine: Parameter is null
2026-09-08 22:19:06.770 [Thread-28] WARN  FloatLine: Parameter is null
2026-09-08 22:31:22.592 [main] INFO  Freerouting v1.9.0 (build-date: 2023-10-30)
2026-09-08 22:31:22.654 [main] INFO  Settings were loaded from freerouting.json
2026-09-08 22:31:23.672 [main] INFO  Opening '/home/david/pcb/autoroute.dsn'...
2026-09-08 22:31:24.299 [ForkJoinPool.commonPool-worker-1] INFO  New version available: v2.4.1
2026-09-08 22:31:46.076 [Thread-28] INFO  Starting auto-routing...
2026-09-08 22:31:46.343 [Thread-28] WARN  FloatLine: Parameter is null
2026-09-08 22:31:46.432 [Thread-28] WARN  FloatLine: Parameter is null
2026-09-08 22:31:46.585 [Thread-28] WARN  FloatLine: Parameter is null
2026-09-08 22:31:46.589 [Thread-28] WARN  FloatLine: Parameter is null
2026-09-08 22:31:46.592 [Thread-28] WARN  FloatLine: Parameter is null
2026-09-08 22:31:46.598 [Thread-28] WARN  FloatLine: Parameter is null
2026-09-08 22:31:46.602 [Thread-28] WARN  FloatLine: Parameter is null
2026-09-08 22:31:46.604 [Thread-28] WARN  FloatLine: Parameter is null
2026-09-08 22:31:46.606 [Thread-28] WARN  FloatLine: Parameter is null
2026-09-08 22:31:46.609 [Thread-28] WARN  FloatLine: Parameter is null
2026-09-08 22:31:46.620 [Thread-28] WARN  FloatLine: Parameter is null
2026-09-08 22:31:47.609 [Thread-28] WARN  FloatLine: Parameter is null
2026-09-08 22:31:48.230 [Thread-28] WARN  FloatLine: Parameter is null
2026-09-08 22:31:48.686 [Thread-28] WARN  FloatLine: Parameter is null
2026-09-08 22:31:48.688 [Thread-28] WARN  FloatLine: Parameter is null
2026-09-08 22:31:48.690 [Thread-28] WARN  FloatLine: Parameter is null
2026-09-08 22:31:48.693 [Thread-28] WARN  FloatLine: Parameter is null
2026-09-08 22:31:48.696 [Thread-28] WARN  FloatLine: Parameter is null
2026-09-08 22:31:48.697 [Thread-28] WARN  FloatLine: Parameter is null
2026-09-08 22:31:48.698 [Thread-28] WARN  FloatLine: Parameter is null
2026-09-08 22:32:46.359 [Thread-28] WARN  FloatLine: Parameter is null
2026-09-08 22:32:46.380 [Thread-28] WARN  FloatLine: Parameter is null
2026-09-08 22:32:46.383 [Thread-28] WARN  FloatLine: Parameter is null
2026-09-08 22:32:46.384 [Thread-28] WARN  FloatLine: Parameter is null
2026-09-08 22:32:46.387 [Thread-28] WARN  FloatLine: Parameter is null
2026-09-08 22:32:46.392 [Thread-28] WARN  FloatLine: Parameter is null
2026-09-08 22:32:46.393 [Thread-28] WARN  FloatLine: Parameter is null
2026-09-08 22:32:46.394 [Thread-28] WARN  FloatLine: Parameter is null
2026-09-08 22:32:46.395 [Thread-28] WARN  FloatLine: Parameter is null
2026-09-08 22:32:47.427 [Thread-28] WARN  FloatLine: Parameter is null
2026-09-08 22:32:47.436 [Thread-28] WARN  FloatLine: Parameter is null
2026-09-08 22:32:47.445 [Thread-28] WARN  FloatLine: Parameter is null
2026-09-08 22:32:47.447 [Thread-28] WARN  FloatLine: Parameter is null
2026-09-08 22:32:47.448 [Thread-28] WARN  FloatLine: Parameter is null
2026-09-08 22:32:47.451 [Thread-28] WARN  FloatLine: Parameter is null
2026-09-08 22:32:47.452 [Thread-28] WARN  FloatLine: Parameter is null
2026-09-08 22:32:47.453 [Thread-28] WARN  FloatLine: Parameter is null
2026-09-08 22:32:47.455 [Thread-28] WARN  FloatLine: Parameter is null
2026-09-08 22:33:55.991 [AWT-EventQueue-0] ERROR Cannot invoke "app.freerouting.geometry.planar.FloatPoint.rotate(double, app.freerouting.geometry.planar.FloatPoint)" because "p_point" is null
java.lang.NullPointerException: Cannot invoke "app.freerouting.geometry.planar.FloatPoint.rotate(double, app.freerouting.geometry.planar.FloatPoint)" because "p_point" is null
	at app.freerouting.boardgraphics.CoordinateTransform.board_to_screen(CoordinateTransform.java:82) ~[freerouting-1.9.0.jar:unspecified]
	at app.freerouting.interactive.InteractiveState.mouse_wheel_moved(InteractiveState.java:90) ~[freerouting-1.9.0.jar:unspecified]
	at app.freerouting.interactive.BoardHandling.mouse_wheel_moved(BoardHandling.java:721) ~[freerouting-1.9.0.jar:unspecified]
	at app.freerouting.gui.BoardPanel.lambda$default_init$0(BoardPanel.java:123) ~[freerouting-1.9.0.jar:unspecified]
	at java.awt.Component.processMouseWheelEvent(Component.java:6658) ~[?:?]
	at java.awt.Component.processEvent(Component.java:6342) ~[?:?]
	at java.awt.Container.processEvent(Container.java:2260) ~[?:?]
	at java.awt.Component.dispatchEventImpl(Component.java:4952) ~[?:?]
	at java.awt.Container.dispatchEventImpl(Container.java:2318) ~[?:?]
	at java.awt.Component.dispatchEvent(Component.java:4784) ~[?:?]
	at java.awt.LightweightDispatcher.retargetMouseEvent(Container.java:4917) ~[?:?]
	at java.awt.LightweightDispatcher.processMouseEvent(Container.java:4589) ~[?:?]
	at java.awt.LightweightDispatcher.dispatchEvent(Container.java:4501) ~[?:?]
	at java.awt.Container.dispatchEventImpl(Container.java:2304) ~[?:?]
	at java.awt.Window.dispatchEventImpl(Window.java:2667) ~[?:?]
	at java.awt.Component.dispatchEvent(Component.java:4784) ~[?:?]
	at java.awt.EventQueue.dispatchEventImpl(EventQueue.java:716) ~[?:?]
	at java.awt.EventQueue.dispatchEvent(EventQueue.java:693) ~[?:?]
	at java.awt.EventDispatchThread.pumpOneEventForFilters(EventDispatchThread.java:203) [?:?]
	at java.awt.EventDispatchThread.pumpEventsForFilter(EventDispatchThread.java:124) [?:?]
	at java.awt.EventDispatchThread.pumpEventsForHierarchy(EventDispatchThread.java:113) [?:?]
	at java.awt.EventDispatchThread.pumpEvents(EventDispatchThread.java:109) [?:?]
	at java.awt.EventDispatchThread.pumpEvents(EventDispatchThread.java:101) [?:?]
	at java.awt.EventDispatchThread.run(EventDispatchThread.java:90) [?:?]
2026-09-08 22:34:15.421 [Thread-28] WARN  FloatLine: Parameter is null
2026-09-08 22:34:15.435 [Thread-28] WARN  FloatLine: Parameter is null
2026-09-08 22:34:15.437 [Thread-28] WARN  FloatLine: Parameter is null
2026-09-08 22:34:15.438 [Thread-28] WARN  FloatLine: Parameter is null
2026-09-08 22:34:15.440 [Thread-28] WARN  FloatLine: Parameter is null
2026-09-08 22:34:15.443 [Thread-28] WARN  FloatLine: Parameter is null
2026-09-08 22:34:15.443 [Thread-28] WARN  FloatLine: Parameter is null
2026-09-08 22:34:15.444 [Thread-28] WARN  FloatLine: Parameter is null
2026-09-08 22:34:15.445 [Thread-28] WARN  FloatLine: Parameter is null
2026-09-08 22:34:16.723 [Thread-28] WARN  FloatLine: Parameter is null
2026-09-08 22:34:16.731 [Thread-28] WARN  FloatLine: Parameter is null
2026-09-08 22:34:16.740 [Thread-28] WARN  FloatLine: Parameter is null
2026-09-08 22:34:16.740 [Thread-28] WARN  FloatLine: Parameter is null
2026-09-08 22:34:16.741 [Thread-28] WARN  FloatLine: Parameter is null
2026-09-08 22:34:16.742 [Thread-28] WARN  FloatLine: Parameter is null
2026-09-08 22:34:16.743 [Thread-28] WARN  FloatLine: Parameter is null
2026-09-08 22:34:16.743 [Thread-28] WARN  FloatLine: Parameter is null
2026-09-08 22:34:16.744 [Thread-28] WARN  FloatLine: Parameter is null
2026-09-08 22:35:57.433 [Thread-28] WARN  FloatLine: Parameter is null
2026-09-08 22:35:57.445 [Thread-28] WARN  FloatLine: Parameter is null
2026-09-08 22:35:57.446 [Thread-28] WARN  FloatLine: Parameter is null
2026-09-08 22:35:57.447 [Thread-28] WARN  FloatLine: Parameter is null
2026-09-08 22:35:57.448 [Thread-28] WARN  FloatLine: Parameter is null
2026-09-08 22:35:57.451 [Thread-28] WARN  FloatLine: Parameter is null
2026-09-08 22:35:57.452 [Thread-28] WARN  FloatLine: Parameter is null
2026-09-08 22:35:57.453 [Thread-28] WARN  FloatLine: Parameter is null
2026-09-08 22:35:57.454 [Thread-28] WARN  FloatLine: Parameter is null
2026-09-08 22:35:58.801 [Thread-28] WARN  FloatLine: Parameter is null
2026-09-08 22:36:00.134 [Thread-28] WARN  FloatLine: Parameter is null
2026-09-08 22:36:01.419 [Thread-28] WARN  FloatLine: Parameter is null
2026-09-08 22:36:01.420 [Thread-28] WARN  FloatLine: Parameter is null
2026-09-08 22:36:01.421 [Thread-28] WARN  FloatLine: Parameter is null
2026-09-08 22:36:01.422 [Thread-28] WARN  FloatLine: Parameter is null
2026-09-08 22:36:01.422 [Thread-28] WARN  FloatLine: Parameter is null
2026-09-08 22:36:01.423 [Thread-28] WARN  FloatLine: Parameter is null
2026-09-08 22:36:01.424 [Thread-28] WARN  FloatLine: Parameter is null
2026-09-08 22:37:46.985 [Thread-28] WARN  FloatLine: Parameter is null
2026-09-08 22:37:46.998 [Thread-28] WARN  FloatLine: Parameter is null
2026-09-08 22:37:46.999 [Thread-28] WARN  FloatLine: Parameter is null
2026-09-08 22:37:47.000 [Thread-28] WARN  FloatLine: Parameter is null
2026-09-08 22:37:47.001 [Thread-28] WARN  FloatLine: Parameter is null
2026-09-08 22:37:47.003 [Thread-28] WARN  FloatLine: Parameter is null
2026-09-08 22:37:47.004 [Thread-28] WARN  FloatLine: Parameter is null
2026-09-08 22:37:47.004 [Thread-28] WARN  FloatLine: Parameter is null
2026-09-08 22:37:47.005 [Thread-28] WARN  FloatLine: Parameter is null
2026-09-08 22:37:48.409 [Thread-28] WARN  FloatLine: Parameter is null
2026-09-08 22:37:49.747 [Thread-28] WARN  FloatLine: Parameter is null
2026-09-08 22:37:51.087 [Thread-28] WARN  FloatLine: Parameter is null
2026-09-08 22:37:51.088 [Thread-28] WARN  FloatLine: Parameter is null
2026-09-08 22:37:51.088 [Thread-28] WARN  FloatLine: Parameter is null
2026-09-08 22:37:51.090 [Thread-28] WARN  FloatLine: Parameter is null
2026-09-08 22:37:51.090 [Thread-28] WARN  FloatLine: Parameter is null
2026-09-08 22:37:51.091 [Thread-28] WARN  FloatLine: Parameter is null
2026-09-08 22:37:51.092 [Thread-28] WARN  FloatLine: Parameter is null
2026-09-08 22:39:48.637 [Thread-28] WARN  FloatLine: Parameter is null
2026-09-08 22:39:48.649 [Thread-28] WARN  FloatLine: Parameter is null
2026-09-08 22:39:48.651 [Thread-28] WARN  FloatLine: Parameter is null
2026-09-08 22:39:48.651 [Thread-28] WARN  FloatLine: Parameter is null
2026-09-08 22:39:48.653 [Thread-28] WARN  FloatLine: Parameter is null
2026-09-08 22:39:48.655 [Thread-28] WARN  FloatLine: Parameter is null
2026-09-08 22:39:48.656 [Thread-28] WARN  FloatLine: Parameter is null
2026-09-08 22:39:48.656 [Thread-28] WARN  FloatLine: Parameter is null
2026-09-08 22:39:48.657 [Thread-28] WARN  FloatLine: Parameter is null
2026-09-08 22:39:50.153 [Thread-28] WARN  FloatLine: Parameter is null
2026-09-08 22:39:51.613 [Thread-28] WARN  FloatLine: Parameter is null
2026-09-08 22:39:53.094 [Thread-28] WARN  FloatLine: Parameter is null
2026-09-08 22:39:53.095 [Thread-28] WARN  FloatLine: Parameter is null
2026-09-08 22:39:53.096 [Thread-28] WARN  FloatLine: Parameter is null
2026-09-08 22:39:53.097 [Thread-28] WARN  FloatLine: Parameter is null
2026-09-08 22:39:53.098 [Thread-28] WARN  FloatLine: Parameter is null
2026-09-08 22:39:53.099 [Thread-28] WARN  FloatLine: Parameter is null
2026-09-08 22:39:53.100 [Thread-28] WARN  FloatLine: Parameter is null
2026-09-08 22:39:57.203 [AWT-EventQueue-0] ERROR Cannot invoke "app.freerouting.geometry.planar.FloatPoint.rotate(double, app.freerouting.geometry.planar.FloatPoint)" because "p_point" is null
java.lang.NullPointerException: Cannot invoke "app.freerouting.geometry.planar.FloatPoint.rotate(double, app.freerouting.geometry.planar.FloatPoint)" because "p_point" is null
	at app.freerouting.boardgraphics.CoordinateTransform.board_to_screen(CoordinateTransform.java:82) ~[freerouting-1.9.0.jar:unspecified]
	at app.freerouting.interactive.InteractiveState.mouse_wheel_moved(InteractiveState.java:90) ~[freerouting-1.9.0.jar:unspecified]
	at app.freerouting.interactive.BoardHandling.mouse_wheel_moved(BoardHandling.java:721) ~[freerouting-1.9.0.jar:unspecified]
	at app.freerouting.gui.BoardPanel.lambda$default_init$0(BoardPanel.java:123) ~[freerouting-1.9.0.jar:unspecified]
	at java.awt.Component.processMouseWheelEvent(Component.java:6658) ~[?:?]
	at java.awt.Component.processEvent(Component.java:6342) ~[?:?]
	at java.awt.Container.processEvent(Container.java:2260) ~[?:?]
	at java.awt.Component.dispatchEventImpl(Component.java:4952) ~[?:?]
	at java.awt.Container.dispatchEventImpl(Container.java:2318) ~[?:?]
	at java.awt.Component.dispatchEvent(Component.java:4784) ~[?:?]
	at java.awt.LightweightDispatcher.retargetMouseEvent(Container.java:4917) ~[?:?]
	at java.awt.LightweightDispatcher.processMouseEvent(Container.java:4589) ~[?:?]
	at java.awt.LightweightDispatcher.dispatchEvent(Container.java:4501) ~[?:?]
	at java.awt.Container.dispatchEventImpl(Container.java:2304) ~[?:?]
	at java.awt.Window.dispatchEventImpl(Window.java:2667) ~[?:?]
	at java.awt.Component.dispatchEvent(Component.java:4784) ~[?:?]
	at java.awt.EventQueue.dispatchEventImpl(EventQueue.java:716) ~[?:?]
	at java.awt.EventQueue.dispatchEvent(EventQueue.java:693) ~[?:?]
	at java.awt.EventDispatchThread.pumpOneEventForFilters(EventDispatchThread.java:203) [?:?]
	at java.awt.EventDispatchThread.pumpEventsForFilter(EventDispatchThread.java:124) [?:?]
	at java.awt.EventDispatchThread.pumpEventsForHierarchy(EventDispatchThread.java:113) [?:?]
	at java.awt.EventDispatchThread.pumpEvents(EventDispatchThread.java:109) [?:?]
	at java.awt.EventDispatchThread.pumpEvents(EventDispatchThread.java:101) [?:?]
	at java.awt.EventDispatchThread.run(EventDispatchThread.java:90) [?:?]
2026-09-08 22:42:02.997 [Thread-28] WARN  FloatLine: Parameter is null
2026-09-08 22:42:03.007 [Thread-28] WARN  FloatLine: Parameter is null
2026-09-08 22:42:03.009 [Thread-28] WARN  FloatLine: Parameter is null
2026-09-08 22:42:03.010 [Thread-28] WARN  FloatLine: Parameter is null
2026-09-08 22:42:03.011 [Thread-28] WARN  FloatLine: Parameter is null
2026-09-08 22:42:03.013 [Thread-28] WARN  FloatLine: Parameter is null
2026-09-08 22:42:03.014 [Thread-28] WARN  FloatLine: Parameter is null
2026-09-08 22:42:03.015 [Thread-28] WARN  FloatLine: Parameter is null
2026-09-08 22:42:03.015 [Thread-28] WARN  FloatLine: Parameter is null
2026-09-08 22:42:04.461 [Thread-28] WARN  FloatLine: Parameter is null
2026-09-08 22:42:05.892 [Thread-28] WARN  FloatLine: Parameter is null
2026-09-08 22:42:07.341 [Thread-28] WARN  FloatLine: Parameter is null
2026-09-08 22:42:07.342 [Thread-28] WARN  FloatLine: Parameter is null
2026-09-08 22:42:07.343 [Thread-28] WARN  FloatLine: Parameter is null
2026-09-08 22:42:07.344 [Thread-28] WARN  FloatLine: Parameter is null
2026-09-08 22:42:07.345 [Thread-28] WARN  FloatLine: Parameter is null
2026-09-08 22:42:07.345 [Thread-28] WARN  FloatLine: Parameter is null
2026-09-08 22:42:07.346 [Thread-28] WARN  FloatLine: Parameter is null
2026-09-08 22:44:05.616 [Thread-28] WARN  FloatLine: Parameter is null
2026-09-08 22:44:05.628 [Thread-28] WARN  FloatLine: Parameter is null
2026-09-08 22:44:05.630 [Thread-28] WARN  FloatLine: Parameter is null
2026-09-08 22:44:05.631 [Thread-28] WARN  FloatLine: Parameter is null
2026-09-08 22:44:05.633 [Thread-28] WARN  FloatLine: Parameter is null
2026-09-08 22:44:05.635 [Thread-28] WARN  FloatLine: Parameter is null
2026-09-08 22:44:05.635 [Thread-28] WARN  FloatLine: Parameter is null
2026-09-08 22:44:05.636 [Thread-28] WARN  FloatLine: Parameter is null
2026-09-08 22:44:05.637 [Thread-28] WARN  FloatLine: Parameter is null
2026-09-08 22:44:07.151 [Thread-28] WARN  FloatLine: Parameter is null
2026-09-08 22:44:08.722 [Thread-28] WARN  FloatLine: Parameter is null
2026-09-08 22:44:10.199 [Thread-28] WARN  FloatLine: Parameter is null
2026-09-08 22:44:10.200 [Thread-28] WARN  FloatLine: Parameter is null
2026-09-08 22:44:10.201 [Thread-28] WARN  FloatLine: Parameter is null
2026-09-08 22:44:10.202 [Thread-28] WARN  FloatLine: Parameter is null
2026-09-08 22:44:10.203 [Thread-28] WARN  FloatLine: Parameter is null
2026-09-08 22:44:10.203 [Thread-28] WARN  FloatLine: Parameter is null
2026-09-08 22:44:10.204 [Thread-28] WARN  FloatLine: Parameter is null
2026-09-08 22:46:28.787 [Thread-28] WARN  FloatLine: Parameter is null
2026-09-08 22:46:28.803 [Thread-28] WARN  FloatLine: Parameter is null
2026-09-08 22:46:28.805 [Thread-28] WARN  FloatLine: Parameter is null
2026-09-08 22:46:28.806 [Thread-28] WARN  FloatLine: Parameter is null
2026-09-08 22:46:28.808 [Thread-28] WARN  FloatLine: Parameter is null
2026-09-08 22:46:28.810 [Thread-28] WARN  FloatLine: Parameter is null
2026-09-08 22:46:28.812 [Thread-28] WARN  FloatLine: Parameter is null
2026-09-08 22:46:28.812 [Thread-28] WARN  FloatLine: Parameter is null
2026-09-08 22:46:28.813 [Thread-28] WARN  FloatLine: Parameter is null
2026-09-08 22:46:30.381 [Thread-28] WARN  FloatLine: Parameter is null
2026-09-08 22:46:30.389 [Thread-28] WARN  FloatLine: Parameter is null
2026-09-08 22:46:30.397 [Thread-28] WARN  FloatLine: Parameter is null
2026-09-08 22:46:30.399 [Thread-28] WARN  FloatLine: Parameter is null
2026-09-08 22:46:30.400 [Thread-28] WARN  FloatLine: Parameter is null
2026-09-08 22:46:30.402 [Thread-28] WARN  FloatLine: Parameter is null
2026-09-08 22:46:30.405 [Thread-28] WARN  FloatLine: Parameter is null
2026-09-08 22:46:30.406 [Thread-28] WARN  FloatLine: Parameter is null
2026-09-08 22:46:30.407 [Thread-28] WARN  FloatLine: Parameter is null
2026-09-08 22:48:32.192 [Thread-28] WARN  FloatLine: Parameter is null
2026-09-08 22:48:32.204 [Thread-28] WARN  FloatLine: Parameter is null
2026-09-08 22:48:32.205 [Thread-28] WARN  FloatLine: Parameter is null
2026-09-08 22:48:32.206 [Thread-28] WARN  FloatLine: Parameter is null
2026-09-08 22:48:32.207 [Thread-28] WARN  FloatLine: Parameter is null
2026-09-08 22:48:32.209 [Thread-28] WARN  FloatLine: Parameter is null
2026-09-08 22:48:32.210 [Thread-28] WARN  FloatLine: Parameter is null
2026-09-08 22:48:32.210 [Thread-28] WARN  FloatLine: Parameter is null
2026-09-08 22:48:32.211 [Thread-28] WARN  FloatLine: Parameter is null
2026-09-08 22:48:33.814 [Thread-28] WARN  FloatLine: Parameter is null
2026-09-08 22:48:33.823 [Thread-28] WARN  FloatLine: Parameter is null
2026-09-08 22:48:33.832 [Thread-28] WARN  FloatLine: Parameter is null
2026-09-08 22:48:33.833 [Thread-28] WARN  FloatLine: Parameter is null
2026-09-08 22:48:33.833 [Thread-28] WARN  FloatLine: Parameter is null
2026-09-08 22:48:33.834 [Thread-28] WARN  FloatLine: Parameter is null
2026-09-08 22:48:33.835 [Thread-28] WARN  FloatLine: Parameter is null
2026-09-08 22:48:33.836 [Thread-28] WARN  FloatLine: Parameter is null
2026-09-08 22:48:33.837 [Thread-28] WARN  FloatLine: Parameter is null
2026-09-08 22:48:44.323 [Thread-28] WARN  CalcFromSide: start corner was not found
2026-09-08 22:48:45.506 [Thread-28] WARN  CalcFromSide: start corner was not found
2026-09-08 22:48:45.566 [Thread-28] WARN  CalcFromSide: start corner was not found
2026-09-08 22:48:51.821 [Thread-28] WARN  CalcFromSide: start corner was not found
2026-09-08 22:48:55.325 [Thread-28] WARN  CalcFromSide: start corner was not found
2026-09-08 22:48:58.933 [Thread-28] WARN  CalcFromSide: start corner was not found
2026-09-08 22:49:02.309 [Thread-28] WARN  CalcFromSide: start corner was not found
2026-09-08 22:49:05.861 [Thread-28] WARN  CalcFromSide: start corner was not found
2026-09-08 22:49:11.266 [Thread-28] WARN  CalcFromSide: start corner was not found
2026-09-08 22:49:12.688 [Thread-28] WARN  CalcFromSide: start corner was not found
2026-09-08 22:49:12.809 [Thread-28] WARN  CalcFromSide: start corner was not found
2026-09-08 22:49:16.721 [Thread-28] WARN  CalcFromSide: start corner was not found
2026-09-08 22:49:23.330 [Thread-28] WARN  CalcFromSide: start corner was not found
2026-09-08 22:49:36.322 [Thread-28] WARN  CalcFromSide: start corner was not found
2026-09-08 22:49:43.928 [Thread-28] WARN  CalcFromSide: start corner was not found
2026-09-08 22:49:50.944 [Thread-28] WARN  CalcFromSide: start corner was not found
2026-09-08 22:49:54.625 [Thread-28] WARN  CalcFromSide: start corner was not found
2026-09-08 22:49:57.985 [Thread-28] WARN  CalcFromSide: start corner was not found
2026-09-08 22:50:06.397 [Thread-28] WARN  CalcFromSide: start corner was not found
2026-09-08 22:50:09.677 [Thread-28] WARN  CalcFromSide: start corner was not found
2026-09-08 22:50:13.220 [Thread-28] WARN  CalcFromSide: start corner was not found
2026-09-08 22:50:16.603 [Thread-28] WARN  CalcFromSide: start corner was not found
2026-09-08 22:50:22.926 [Thread-28] WARN  CalcFromSide: start corner was not found
2026-09-08 22:50:26.618 [Thread-28] WARN  CalcFromSide: start corner was not found
2026-09-08 22:50:37.358 [Thread-28] WARN  CalcFromSide: start corner was not found
2026-09-08 22:50:40.836 [Thread-28] WARN  CalcFromSide: start corner was not found
2026-09-08 22:50:44.100 [Thread-28] WARN  FloatLine: Parameter is null
2026-09-08 22:50:44.113 [Thread-28] WARN  FloatLine: Parameter is null
2026-09-08 22:50:44.114 [Thread-28] WARN  FloatLine: Parameter is null
2026-09-08 22:50:44.115 [Thread-28] WARN  FloatLine: Parameter is null
2026-09-08 22:50:44.116 [Thread-28] WARN  FloatLine: Parameter is null
2026-09-08 22:50:44.118 [Thread-28] WARN  FloatLine: Parameter is null
2026-09-08 22:50:44.119 [Thread-28] WARN  FloatLine: Parameter is null
2026-09-08 22:50:44.120 [Thread-28] WARN  FloatLine: Parameter is null
2026-09-08 22:50:44.120 [Thread-28] WARN  FloatLine: Parameter is null
2026-09-08 22:50:45.746 [Thread-28] WARN  FloatLine: Parameter is null
2026-09-08 22:50:45.756 [Thread-28] WARN  FloatLine: Parameter is null
2026-09-08 22:50:45.765 [Thread-28] WARN  FloatLine: Parameter is null
2026-09-08 22:50:45.766 [Thread-28] WARN  FloatLine: Parameter is null
2026-09-08 22:50:45.767 [Thread-28] WARN  FloatLine: Parameter is null
2026-09-08 22:50:45.768 [Thread-28] WARN  FloatLine: Parameter is null
2026-09-08 22:50:45.768 [Thread-28] WARN  FloatLine: Parameter is null
2026-09-08 22:50:45.769 [Thread-28] WARN  FloatLine: Parameter is null
2026-09-08 22:50:45.770 [Thread-28] WARN  FloatLine: Parameter is null
2026-09-08 22:50:45.970 [Thread-28] WARN  CalcFromSide: start corner was not found
2026-09-08 22:50:49.569 [Thread-28] WARN  CalcFromSide: start corner was not found
2026-09-08 22:50:53.444 [Thread-28] WARN  CalcFromSide: start corner was not found
2026-09-08 22:50:53.463 [Thread-28] WARN  CalcFromSide: start corner was not found
2026-09-08 22:50:53.559 [Thread-28] WARN  CalcFromSide: start corner was not found
2026-09-08 22:50:55.870 [Thread-28] WARN  CalcFromSide: start corner was not found
2026-09-08 22:50:58.313 [Thread-28] WARN  CalcFromSide: start corner was not found
2026-09-08 22:51:01.707 [Thread-28] WARN  CalcFromSide: start corner was not found
2026-09-08 22:51:01.753 [Thread-28] WARN  CalcFromSide: start corner was not found
2026-09-08 22:51:03.725 [Thread-28] WARN  CalcFromSide: start corner was not found
2026-09-08 22:51:05.009 [Thread-28] WARN  CalcFromSide: start corner was not found
2026-09-08 22:51:05.066 [Thread-28] WARN  CalcFromSide: start corner was not found
2026-09-08 22:51:08.462 [Thread-28] WARN  CalcFromSide: start corner was not found
2026-09-08 22:51:11.932 [Thread-28] WARN  CalcFromSide: start corner was not found
2026-09-08 22:51:15.574 [Thread-28] WARN  CalcFromSide: start corner was not found
2026-09-08 22:51:19.190 [Thread-28] WARN  CalcFromSide: start corner was not found
2026-09-08 22:51:22.557 [Thread-28] WARN  CalcFromSide: start corner was not found
2026-09-08 22:51:26.097 [Thread-28] WARN  CalcFromSide: start corner was not found
2026-09-08 22:51:32.933 [Thread-28] WARN  CalcFromSide: start corner was not found
2026-09-08 22:51:36.087 [Thread-28] WARN  CalcFromSide: start corner was not found
2026-09-08 22:51:36.303 [Thread-28] WARN  CalcFromSide: start corner was not found
2026-09-08 22:51:39.735 [Thread-28] WARN  CalcFromSide: start corner was not found
2026-09-08 22:51:43.223 [Thread-28] WARN  CalcFromSide: start corner was not found
2026-09-08 22:51:46.310 [Thread-28] WARN  CalcFromSide: start corner was not found
2026-09-08 22:51:55.275 [Thread-28] WARN  CalcFromSide: start corner was not found
2026-09-08 22:52:02.894 [Thread-28] WARN  CalcFromSide: start corner was not found
2026-09-08 22:52:07.649 [Thread-28] WARN  CalcFromSide: start corner was not found
2026-09-08 22:52:10.097 [Thread-28] WARN  CalcFromSide: start corner was not found
2026-09-08 22:52:10.325 [Thread-28] WARN  CalcFromSide: start corner was not found
2026-09-08 22:52:13.291 [Thread-28] WARN  CalcFromSide: start corner was not found
2026-09-08 22:52:16.683 [Thread-28] WARN  CalcFromSide: start corner was not found
2026-09-08 22:52:16.733 [Thread-28] WARN  CalcFromSide: start corner was not found
2026-09-08 22:52:24.815 [Thread-28] WARN  CalcFromSide: start corner was not found
2026-09-08 22:52:27.776 [Thread-28] WARN  CalcFromSide: start corner was not found
2026-09-08 22:52:34.459 [Thread-28] WARN  CalcFromSide: start corner was not found
2026-09-08 22:52:40.677 [Thread-28] WARN  CalcFromSide: start corner was not found
2026-09-08 22:52:42.519 [Thread-28] WARN  CalcFromSide: start corner was not found
2026-09-08 22:52:46.227 [Thread-28] WARN  CalcFromSide: start corner was not found
2026-09-08 22:52:55.801 [Thread-28] WARN  CalcFromSide: start corner was not found
2026-09-08 22:53:04.275 [Thread-28] WARN  FloatLine: Parameter is null
2026-09-08 22:53:04.286 [Thread-28] WARN  FloatLine: Parameter is null
2026-09-08 22:53:04.288 [Thread-28] WARN  FloatLine: Parameter is null
2026-09-08 22:53:04.288 [Thread-28] WARN  FloatLine: Parameter is null
2026-09-08 22:53:04.290 [Thread-28] WARN  FloatLine: Parameter is null
2026-09-08 22:53:04.292 [Thread-28] WARN  FloatLine: Parameter is null
2026-09-08 22:53:04.292 [Thread-28] WARN  FloatLine: Parameter is null
2026-09-08 22:53:04.293 [Thread-28] WARN  FloatLine: Parameter is null
2026-09-08 22:53:04.293 [Thread-28] WARN  FloatLine: Parameter is null
2026-09-08 22:53:05.895 [Thread-28] WARN  FloatLine: Parameter is null
2026-09-08 22:53:05.904 [Thread-28] WARN  FloatLine: Parameter is null
2026-09-08 22:53:05.912 [Thread-28] WARN  FloatLine: Parameter is null
2026-09-08 22:53:05.913 [Thread-28] WARN  FloatLine: Parameter is null
2026-09-08 22:53:05.914 [Thread-28] WARN  FloatLine: Parameter is null
2026-09-08 22:53:05.915 [Thread-28] WARN  FloatLine: Parameter is null
2026-09-08 22:53:05.916 [Thread-28] WARN  FloatLine: Parameter is null
2026-09-08 22:53:05.916 [Thread-28] WARN  FloatLine: Parameter is null
2026-09-08 22:53:05.917 [Thread-28] WARN  FloatLine: Parameter is null
2026-09-08 22:55:31.047 [Thread-28] INFO  Auto-routing was completed in 23 minute(s) 44.97 seconds.
2026-09-08 22:55:31.150 [Thread-28] INFO  Starting route optimization on 1 thread...
2026-09-08 22:56:14.983 [Thread-28] INFO  Route optimization was completed in 43.83 seconds.
2026-09-08 22:56:15.024 [Thread-28] INFO  Saving '/home/david/pcb/autoroute.ses'...
2026-09-09 00:48:12.086 [main] INFO  Freerouting v1.9.0 (build-date: 2023-10-30)
2026-09-09 00:48:12.153 [main] INFO  Settings were loaded from freerouting.json
2026-09-09 00:48:13.182 [main] INFO  Opening '/home/david/pcb/autoroute.dsn'...
2026-09-09 00:48:13.934 [ForkJoinPool.commonPool-worker-1] INFO  New version available: v2.4.1
2026-09-09 00:48:14.319 [main] WARN  Multiple vias skipped at (417500, -449500)
2026-09-09 01:01:23.539 [main] INFO  Freerouting v1.9.0 (build-date: 2023-10-30)
2026-09-09 01:01:23.590 [main] INFO  Settings were loaded from freerouting.json
2026-09-09 01:01:24.606 [main] INFO  Opening '/home/david/pcb/autoroute.dsn'...
2026-09-09 01:01:25.240 [ForkJoinPool.commonPool-worker-1] INFO  New version available: v2.4.1
2026-09-09 01:01:47.332 [Thread-29] INFO  Starting auto-routing...
2026-09-09 01:01:47.593 [Thread-29] WARN  FloatLine: Parameter is null
2026-09-09 01:01:47.691 [Thread-29] WARN  FloatLine: Parameter is null
2026-09-09 01:01:47.820 [Thread-29] WARN  FloatLine: Parameter is null
2026-09-09 01:01:47.824 [Thread-29] WARN  FloatLine: Parameter is null
2026-09-09 01:01:47.833 [Thread-29] WARN  FloatLine: Parameter is null
2026-09-09 01:01:47.837 [Thread-29] WARN  FloatLine: Parameter is null
2026-09-09 01:01:47.845 [Thread-29] WARN  FloatLine: Parameter is null
2026-09-09 01:01:47.848 [Thread-29] WARN  FloatLine: Parameter is null
2026-09-09 01:01:47.851 [Thread-29] WARN  FloatLine: Parameter is null
2026-09-09 01:01:47.853 [Thread-29] WARN  FloatLine: Parameter is null
2026-09-09 01:01:47.863 [Thread-29] WARN  FloatLine: Parameter is null
2026-09-09 01:01:49.023 [Thread-29] WARN  FloatLine: Parameter is null
2026-09-09 01:01:49.649 [Thread-29] WARN  FloatLine: Parameter is null
2026-09-09 01:01:50.129 [Thread-29] WARN  FloatLine: Parameter is null
2026-09-09 01:01:50.132 [Thread-29] WARN  FloatLine: Parameter is null
2026-09-09 01:01:50.134 [Thread-29] WARN  FloatLine: Parameter is null
2026-09-09 01:01:50.136 [Thread-29] WARN  FloatLine: Parameter is null
2026-09-09 01:01:50.138 [Thread-29] WARN  FloatLine: Parameter is null
2026-09-09 01:01:50.140 [Thread-29] WARN  FloatLine: Parameter is null
2026-09-09 01:01:50.142 [Thread-29] WARN  FloatLine: Parameter is null
2026-09-09 01:02:49.675 [Thread-29] WARN  FloatLine: Parameter is null
2026-09-09 01:02:49.694 [Thread-29] WARN  FloatLine: Parameter is null
2026-09-09 01:02:49.697 [Thread-29] WARN  FloatLine: Parameter is null
2026-09-09 01:02:49.698 [Thread-29] WARN  FloatLine: Parameter is null
2026-09-09 01:02:49.700 [Thread-29] WARN  FloatLine: Parameter is null
2026-09-09 01:02:49.704 [Thread-29] WARN  FloatLine: Parameter is null
2026-09-09 01:02:49.705 [Thread-29] WARN  FloatLine: Parameter is null
2026-09-09 01:02:49.706 [Thread-29] WARN  FloatLine: Parameter is null
2026-09-09 01:02:49.707 [Thread-29] WARN  FloatLine: Parameter is null
2026-09-09 01:02:50.732 [Thread-29] WARN  FloatLine: Parameter is null
2026-09-09 01:02:50.742 [Thread-29] WARN  FloatLine: Parameter is null
2026-09-09 01:02:50.751 [Thread-29] WARN  FloatLine: Parameter is null
2026-09-09 01:02:50.752 [Thread-29] WARN  FloatLine: Parameter is null
2026-09-09 01:02:50.753 [Thread-29] WARN  FloatLine: Parameter is null
2026-09-09 01:02:50.754 [Thread-29] WARN  FloatLine: Parameter is null
2026-09-09 01:02:50.755 [Thread-29] WARN  FloatLine: Parameter is null
2026-09-09 01:02:50.755 [Thread-29] WARN  FloatLine: Parameter is null
2026-09-09 01:02:50.756 [Thread-29] WARN  FloatLine: Parameter is null
2026-09-09 01:04:18.777 [Thread-29] WARN  FloatLine: Parameter is null
2026-09-09 01:04:18.793 [Thread-29] WARN  FloatLine: Parameter is null
2026-09-09 01:04:18.795 [Thread-29] WARN  FloatLine: Parameter is null
2026-09-09 01:04:18.796 [Thread-29] WARN  FloatLine: Parameter is null
2026-09-09 01:04:18.798 [Thread-29] WARN  FloatLine: Parameter is null
2026-09-09 01:04:18.801 [Thread-29] WARN  FloatLine: Parameter is null
2026-09-09 01:04:18.802 [Thread-29] WARN  FloatLine: Parameter is null
2026-09-09 01:04:18.802 [Thread-29] WARN  FloatLine: Parameter is null
2026-09-09 01:04:18.803 [Thread-29] WARN  FloatLine: Parameter is null
2026-09-09 01:04:20.168 [Thread-29] WARN  FloatLine: Parameter is null
2026-09-09 01:04:20.177 [Thread-29] WARN  FloatLine: Parameter is null
2026-09-09 01:04:20.188 [Thread-29] WARN  FloatLine: Parameter is null
2026-09-09 01:04:20.189 [Thread-29] WARN  FloatLine: Parameter is null
2026-09-09 01:04:20.191 [Thread-29] WARN  FloatLine: Parameter is null
2026-09-09 01:04:20.193 [Thread-29] WARN  FloatLine: Parameter is null
2026-09-09 01:04:20.194 [Thread-29] WARN  FloatLine: Parameter is null
2026-09-09 01:04:20.195 [Thread-29] WARN  FloatLine: Parameter is null
2026-09-09 01:04:20.196 [Thread-29] WARN  FloatLine: Parameter is null
2026-09-09 01:05:57.964 [Thread-29] WARN  FloatLine: Parameter is null
2026-09-09 01:05:57.975 [Thread-29] WARN  FloatLine: Parameter is null
2026-09-09 01:05:57.977 [Thread-29] WARN  FloatLine: Parameter is null
2026-09-09 01:05:57.978 [Thread-29] WARN  FloatLine: Parameter is null
2026-09-09 01:05:57.980 [Thread-29] WARN  FloatLine: Parameter is null
2026-09-09 01:05:57.983 [Thread-29] WARN  FloatLine: Parameter is null
2026-09-09 01:05:57.983 [Thread-29] WARN  FloatLine: Parameter is null
2026-09-09 01:05:57.984 [Thread-29] WARN  FloatLine: Parameter is null
2026-09-09 01:05:57.985 [Thread-29] WARN  FloatLine: Parameter is null
2026-09-09 01:05:59.383 [Thread-29] WARN  FloatLine: Parameter is null
2026-09-09 01:05:59.396 [Thread-29] WARN  FloatLine: Parameter is null
2026-09-09 01:05:59.408 [Thread-29] WARN  FloatLine: Parameter is null
2026-09-09 01:05:59.409 [Thread-29] WARN  FloatLine: Parameter is null
2026-09-09 01:05:59.410 [Thread-29] WARN  FloatLine: Parameter is null
2026-09-09 01:05:59.411 [Thread-29] WARN  FloatLine: Parameter is null
2026-09-09 01:05:59.412 [Thread-29] WARN  FloatLine: Parameter is null
2026-09-09 01:05:59.413 [Thread-29] WARN  FloatLine: Parameter is null
2026-09-09 01:05:59.414 [Thread-29] WARN  FloatLine: Parameter is null
2026-09-09 01:07:49.881 [Thread-29] WARN  FloatLine: Parameter is null
2026-09-09 01:07:49.894 [Thread-29] WARN  FloatLine: Parameter is null
2026-09-09 01:07:49.896 [Thread-29] WARN  FloatLine: Parameter is null
2026-09-09 01:07:49.896 [Thread-29] WARN  FloatLine: Parameter is null
2026-09-09 01:07:49.898 [Thread-29] WARN  FloatLine: Parameter is null
2026-09-09 01:07:49.900 [Thread-29] WARN  FloatLine: Parameter is null
2026-09-09 01:07:49.901 [Thread-29] WARN  FloatLine: Parameter is null
2026-09-09 01:07:49.902 [Thread-29] WARN  FloatLine: Parameter is null
2026-09-09 01:07:49.902 [Thread-29] WARN  FloatLine: Parameter is null
2026-09-09 01:07:51.463 [Thread-29] WARN  FloatLine: Parameter is null
2026-09-09 01:07:51.475 [Thread-29] WARN  FloatLine: Parameter is null
2026-09-09 01:07:51.487 [Thread-29] WARN  FloatLine: Parameter is null
2026-09-09 01:07:51.488 [Thread-29] WARN  FloatLine: Parameter is null
2026-09-09 01:07:51.489 [Thread-29] WARN  FloatLine: Parameter is null
2026-09-09 01:07:51.490 [Thread-29] WARN  FloatLine: Parameter is null
2026-09-09 01:07:51.491 [Thread-29] WARN  FloatLine: Parameter is null
2026-09-09 01:07:51.491 [Thread-29] WARN  FloatLine: Parameter is null
2026-09-09 01:07:51.492 [Thread-29] WARN  FloatLine: Parameter is null
2026-09-09 01:09:52.070 [Thread-29] WARN  FloatLine: Parameter is null
2026-09-09 01:09:52.081 [Thread-29] WARN  FloatLine: Parameter is null
2026-09-09 01:09:52.082 [Thread-29] WARN  FloatLine: Parameter is null
2026-09-09 01:09:52.083 [Thread-29] WARN  FloatLine: Parameter is null
2026-09-09 01:09:52.085 [Thread-29] WARN  FloatLine: Parameter is null
2026-09-09 01:09:52.087 [Thread-29] WARN  FloatLine: Parameter is null
2026-09-09 01:09:52.088 [Thread-29] WARN  FloatLine: Parameter is null
2026-09-09 01:09:52.089 [Thread-29] WARN  FloatLine: Parameter is null
2026-09-09 01:09:52.089 [Thread-29] WARN  FloatLine: Parameter is null
2026-09-09 01:09:52.222 [Thread-29] WARN  FloatLine: Parameter is null
2026-09-09 01:09:52.235 [Thread-29] WARN  FloatLine: Parameter is null
2026-09-09 01:09:52.248 [Thread-29] WARN  FloatLine: Parameter is null
2026-09-09 01:09:52.249 [Thread-29] WARN  FloatLine: Parameter is null
2026-09-09 01:09:52.250 [Thread-29] WARN  FloatLine: Parameter is null
2026-09-09 01:09:52.251 [Thread-29] WARN  FloatLine: Parameter is null
2026-09-09 01:09:52.252 [Thread-29] WARN  FloatLine: Parameter is null
2026-09-09 01:09:52.253 [Thread-29] WARN  FloatLine: Parameter is null
2026-09-09 01:09:52.254 [Thread-29] WARN  FloatLine: Parameter is null
2026-09-09 01:11:36.920 [Thread-29] WARN  FloatLine: Parameter is null
2026-09-09 01:11:36.932 [Thread-29] WARN  FloatLine: Parameter is null
2026-09-09 01:11:36.937 [Thread-29] WARN  FloatLine: Parameter is null
2026-09-09 01:11:36.938 [Thread-29] WARN  FloatLine: Parameter is null
2026-09-09 01:11:36.940 [Thread-29] WARN  FloatLine: Parameter is null
2026-09-09 01:11:36.942 [Thread-29] WARN  FloatLine: Parameter is null
2026-09-09 01:11:36.942 [Thread-29] WARN  FloatLine: Parameter is null
2026-09-09 01:11:36.943 [Thread-29] WARN  FloatLine: Parameter is null
2026-09-09 01:11:36.944 [Thread-29] WARN  FloatLine: Parameter is null
2026-09-09 01:11:38.386 [Thread-29] WARN  FloatLine: Parameter is null
2026-09-09 01:11:38.399 [Thread-29] WARN  FloatLine: Parameter is null
2026-09-09 01:11:38.412 [Thread-29] WARN  FloatLine: Parameter is null
2026-09-09 01:11:38.413 [Thread-29] WARN  FloatLine: Parameter is null
2026-09-09 01:11:38.414 [Thread-29] WARN  FloatLine: Parameter is null
2026-09-09 01:11:38.415 [Thread-29] WARN  FloatLine: Parameter is null
2026-09-09 01:11:38.416 [Thread-29] WARN  FloatLine: Parameter is null
2026-09-09 01:11:38.417 [Thread-29] WARN  FloatLine: Parameter is null
2026-09-09 01:11:38.418 [Thread-29] WARN  FloatLine: Parameter is null
2026-09-09 01:13:37.036 [Thread-29] WARN  FloatLine: Parameter is null
2026-09-09 01:13:37.048 [Thread-29] WARN  FloatLine: Parameter is null
2026-09-09 01:13:37.050 [Thread-29] WARN  FloatLine: Parameter is null
2026-09-09 01:13:37.050 [Thread-29] WARN  FloatLine: Parameter is null
2026-09-09 01:13:37.052 [Thread-29] WARN  FloatLine: Parameter is null
2026-09-09 01:13:37.057 [Thread-29] WARN  FloatLine: Parameter is null
2026-09-09 01:13:37.058 [Thread-29] WARN  FloatLine: Parameter is null
2026-09-09 01:13:37.058 [Thread-29] WARN  FloatLine: Parameter is null
2026-09-09 01:13:37.059 [Thread-29] WARN  FloatLine: Parameter is null
2026-09-09 01:13:38.616 [Thread-29] WARN  FloatLine: Parameter is null
2026-09-09 01:13:38.629 [Thread-29] WARN  FloatLine: Parameter is null
2026-09-09 01:13:38.641 [Thread-29] WARN  FloatLine: Parameter is null
2026-09-09 01:13:38.642 [Thread-29] WARN  FloatLine: Parameter is null
2026-09-09 01:13:38.642 [Thread-29] WARN  FloatLine: Parameter is null
2026-09-09 01:13:38.644 [Thread-29] WARN  FloatLine: Parameter is null
2026-09-09 01:13:38.644 [Thread-29] WARN  FloatLine: Parameter is null
2026-09-09 01:13:38.645 [Thread-29] WARN  FloatLine: Parameter is null
2026-09-09 01:13:38.646 [Thread-29] WARN  FloatLine: Parameter is null
2026-09-09 01:15:35.446 [Thread-29] WARN  FloatLine: Parameter is null
2026-09-09 01:15:35.458 [Thread-29] WARN  FloatLine: Parameter is null
2026-09-09 01:15:35.459 [Thread-29] WARN  FloatLine: Parameter is null
2026-09-09 01:15:35.460 [Thread-29] WARN  FloatLine: Parameter is null
2026-09-09 01:15:35.462 [Thread-29] WARN  FloatLine: Parameter is null
2026-09-09 01:15:35.464 [Thread-29] WARN  FloatLine: Parameter is null
2026-09-09 01:15:35.465 [Thread-29] WARN  FloatLine: Parameter is null
2026-09-09 01:15:35.465 [Thread-29] WARN  FloatLine: Parameter is null
2026-09-09 01:15:35.466 [Thread-29] WARN  FloatLine: Parameter is null
2026-09-09 01:15:36.986 [Thread-29] WARN  FloatLine: Parameter is null
2026-09-09 01:15:38.467 [Thread-29] WARN  FloatLine: Parameter is null
2026-09-09 01:15:39.934 [Thread-29] WARN  FloatLine: Parameter is null
2026-09-09 01:15:39.935 [Thread-29] WARN  FloatLine: Parameter is null
2026-09-09 01:15:39.936 [Thread-29] WARN  FloatLine: Parameter is null
2026-09-09 01:15:39.937 [Thread-29] WARN  FloatLine: Parameter is null
2026-09-09 01:15:39.938 [Thread-29] WARN  FloatLine: Parameter is null
2026-09-09 01:15:39.939 [Thread-29] WARN  FloatLine: Parameter is null
2026-09-09 01:15:39.940 [Thread-29] WARN  FloatLine: Parameter is null
2026-09-09 01:17:41.585 [Thread-29] WARN  FloatLine: Parameter is null
2026-09-09 01:17:41.596 [Thread-29] WARN  FloatLine: Parameter is null
2026-09-09 01:17:41.598 [Thread-29] WARN  FloatLine: Parameter is null
2026-09-09 01:17:41.599 [Thread-29] WARN  FloatLine: Parameter is null
2026-09-09 01:17:41.600 [Thread-29] WARN  FloatLine: Parameter is null
2026-09-09 01:17:41.602 [Thread-29] WARN  FloatLine: Parameter is null
2026-09-09 01:17:41.603 [Thread-29] WARN  FloatLine: Parameter is null
2026-09-09 01:17:41.604 [Thread-29] WARN  FloatLine: Parameter is null
2026-09-09 01:17:41.604 [Thread-29] WARN  FloatLine: Parameter is null
2026-09-09 01:17:43.217 [Thread-29] WARN  FloatLine: Parameter is null
2026-09-09 01:17:44.767 [Thread-29] WARN  FloatLine: Parameter is null
2026-09-09 01:17:46.313 [Thread-29] WARN  FloatLine: Parameter is null
2026-09-09 01:17:46.314 [Thread-29] WARN  FloatLine: Parameter is null
2026-09-09 01:17:46.315 [Thread-29] WARN  FloatLine: Parameter is null
2026-09-09 01:17:46.316 [Thread-29] WARN  FloatLine: Parameter is null
2026-09-09 01:17:46.316 [Thread-29] WARN  FloatLine: Parameter is null
2026-09-09 01:17:46.317 [Thread-29] WARN  FloatLine: Parameter is null
2026-09-09 01:17:46.317 [Thread-29] WARN  FloatLine: Parameter is null
2026-09-09 01:19:53.637 [Thread-29] WARN  FloatLine: Parameter is null
2026-09-09 01:19:53.649 [Thread-29] WARN  FloatLine: Parameter is null
2026-09-09 01:19:53.650 [Thread-29] WARN  FloatLine: Parameter is null
2026-09-09 01:19:53.650 [Thread-29] WARN  FloatLine: Parameter is null
2026-09-09 01:19:53.652 [Thread-29] WARN  FloatLine: Parameter is null
2026-09-09 01:19:53.654 [Thread-29] WARN  FloatLine: Parameter is null
2026-09-09 01:19:53.655 [Thread-29] WARN  FloatLine: Parameter is null
2026-09-09 01:19:53.656 [Thread-29] WARN  FloatLine: Parameter is null
2026-09-09 01:19:53.657 [Thread-29] WARN  FloatLine: Parameter is null
2026-09-09 01:19:55.234 [Thread-29] WARN  FloatLine: Parameter is null
2026-09-09 01:19:56.743 [Thread-29] WARN  FloatLine: Parameter is null
2026-09-09 01:19:58.254 [Thread-29] WARN  FloatLine: Parameter is null
2026-09-09 01:19:58.255 [Thread-29] WARN  FloatLine: Parameter is null
2026-09-09 01:19:58.255 [Thread-29] WARN  FloatLine: Parameter is null
2026-09-09 01:19:58.256 [Thread-29] WARN  FloatLine: Parameter is null
2026-09-09 01:19:58.257 [Thread-29] WARN  FloatLine: Parameter is null
2026-09-09 01:19:58.258 [Thread-29] WARN  FloatLine: Parameter is null
2026-09-09 01:19:58.259 [Thread-29] WARN  FloatLine: Parameter is null
2026-09-09 01:22:03.472 [Thread-29] WARN  FloatLine: Parameter is null
2026-09-09 01:22:03.488 [Thread-29] WARN  FloatLine: Parameter is null
2026-09-09 01:22:03.491 [Thread-29] WARN  FloatLine: Parameter is null
2026-09-09 01:22:03.493 [Thread-29] WARN  FloatLine: Parameter is null
2026-09-09 01:22:03.494 [Thread-29] WARN  FloatLine: Parameter is null
2026-09-09 01:22:03.497 [Thread-29] WARN  FloatLine: Parameter is null
2026-09-09 01:22:03.498 [Thread-29] WARN  FloatLine: Parameter is null
2026-09-09 01:22:03.499 [Thread-29] WARN  FloatLine: Parameter is null
2026-09-09 01:22:03.501 [Thread-29] WARN  FloatLine: Parameter is null
2026-09-09 01:22:05.158 [Thread-29] WARN  FloatLine: Parameter is null
2026-09-09 01:22:06.776 [Thread-29] WARN  FloatLine: Parameter is null
2026-09-09 01:22:08.350 [Thread-29] WARN  FloatLine: Parameter is null
2026-09-09 01:22:08.351 [Thread-29] WARN  FloatLine: Parameter is null
2026-09-09 01:22:08.352 [Thread-29] WARN  FloatLine: Parameter is null
2026-09-09 01:22:08.354 [Thread-29] WARN  FloatLine: Parameter is null
2026-09-09 01:22:08.355 [Thread-29] WARN  FloatLine: Parameter is null
2026-09-09 01:22:08.355 [Thread-29] WARN  FloatLine: Parameter is null
2026-09-09 01:22:08.356 [Thread-29] WARN  FloatLine: Parameter is null
2026-09-09 01:24:12.866 [Thread-29] INFO  Auto-routing was completed in 22 minute(s) 25.53 seconds.
2026-09-09 01:24:12.968 [Thread-29] INFO  Starting route optimization on 1 thread...
2026-09-09 01:24:58.309 [Thread-29] INFO  Route optimization was completed in 45.34 seconds.
2026-09-09 01:24:58.348 [Thread-29] INFO  Saving '/home/david/pcb/autoroute.ses'...
2026-09-09 03:06:48.973 [main] INFO  Freerouting v1.9.0 (build-date: 2023-10-30)
2026-09-09 03:06:49.023 [main] INFO  Settings were loaded from freerouting.json
2026-09-09 03:06:50.040 [main] INFO  Opening '/home/david/pcb/autoroute.dsn'...
2026-09-09 03:06:50.598 [ForkJoinPool.commonPool-worker-1] INFO  New version available: v2.4.1
2026-09-09 03:06:50.993 [main] WARN  Multiple vias skipped at (297500, -530500)
2026-09-09 03:06:50.994 [main] WARN  Multiple vias skipped at (297500, -530500)
2026-09-09 03:06:50.996 [main] WARN  Multiple vias skipped at (306500, -324500)
2026-09-09 03:06:50.997 [main] WARN  Multiple vias skipped at (306500, -324500)
2026-09-09 03:06:51.000 [main] WARN  Multiple vias skipped at (311500, -323500)
2026-09-09 03:06:51.001 [main] WARN  Multiple vias skipped at (311500, -323500)
2026-09-09 03:06:51.022 [main] WARN  Multiple vias skipped at (328500, -174500)
2026-09-09 03:06:51.023 [main] WARN  Multiple vias skipped at (328500, -174500)
2026-09-09 03:06:51.030 [main] WARN  Multiple vias skipped at (354500, -267500)
2026-09-09 03:06:51.039 [main] WARN  Multiple vias skipped at (357500, -226500)
2026-09-09 03:06:51.040 [main] WARN  Multiple vias skipped at (357500, -226500)
2026-09-09 20:06:22.912 [main] INFO  Freerouting v1.9.0 (build-date: 2023-10-30)
2026-09-09 20:06:22.957 [main] INFO  Settings were loaded from freerouting.json
2026-09-09 20:06:23.977 [main] INFO  Opening '/home/david/pcb/autoroute.dsn'...
2026-09-09 20:06:24.561 [ForkJoinPool.commonPool-worker-1] INFO  New version available: v2.4.1
2026-09-09 20:06:24.814 [main] WARN  Multiple vias skipped at (297500, -530500)
2026-09-09 20:06:24.815 [main] WARN  Multiple vias skipped at (297500, -530500)
2026-09-09 20:06:24.817 [main] WARN  Multiple vias skipped at (306500, -324500)
2026-09-09 20:06:24.818 [main] WARN  Multiple vias skipped at (306500, -324500)
2026-09-09 20:06:24.820 [main] WARN  Multiple vias skipped at (311500, -323500)
2026-09-09 20:06:24.821 [main] WARN  Multiple vias skipped at (311500, -323500)
2026-09-09 20:06:24.840 [main] WARN  Multiple vias skipped at (328500, -174500)
2026-09-09 20:06:24.840 [main] WARN  Multiple vias skipped at (328500, -174500)
2026-09-09 20:06:24.844 [main] WARN  Multiple vias skipped at (354500, -267500)
2026-09-09 20:06:24.850 [main] WARN  Multiple vias skipped at (357500, -226500)
2026-09-09 20:06:24.851 [main] WARN  Multiple vias skipped at (357500, -226500)
2026-09-09 20:13:41.383 [Thread-29] INFO  Starting auto-routing...
2026-09-09 20:13:41.698 [Thread-29] WARN  FloatLine: Parameter is null
2026-09-09 20:13:41.799 [Thread-29] WARN  FloatLine: Parameter is null
2026-09-09 20:13:44.063 [Thread-29] WARN  FloatLine: Parameter is null
2026-09-09 20:13:44.067 [Thread-29] WARN  FloatLine: Parameter is null
2026-09-09 20:13:44.070 [Thread-29] WARN  FloatLine: Parameter is null
2026-09-09 20:13:44.100 [Thread-29] WARN  FloatLine: Parameter is null
2026-09-09 20:13:44.103 [Thread-29] WARN  FloatLine: Parameter is null
2026-09-09 20:13:44.135 [Thread-29] WARN  FloatLine: Parameter is null
2026-09-09 20:13:44.140 [Thread-29] WARN  FloatLine: Parameter is null
2026-09-09 20:13:45.484 [Thread-29] WARN  FloatLine: Parameter is null
2026-09-09 20:13:45.486 [Thread-29] WARN  FloatLine: Parameter is null
2026-09-09 20:13:45.491 [Thread-29] WARN  FloatLine: Parameter is null
2026-09-09 20:13:45.496 [Thread-29] WARN  FloatLine: Parameter is null
2026-09-09 20:13:45.499 [Thread-29] WARN  FloatLine: Parameter is null
2026-09-09 20:13:45.501 [Thread-29] WARN  FloatLine: Parameter is null
2026-09-09 20:13:45.553 [Thread-29] WARN  FloatLine: Parameter is null
2026-09-09 20:13:45.555 [Thread-29] WARN  FloatLine: Parameter is null
2026-09-09 20:13:45.560 [Thread-29] WARN  FloatLine: Parameter is null
2026-09-09 20:13:45.610 [Thread-29] WARN  FloatLine: Parameter is null
2026-09-09 20:13:45.615 [Thread-29] WARN  FloatLine: Parameter is null
2026-09-09 20:13:45.621 [Thread-29] WARN  FloatLine: Parameter is null
2026-09-09 20:13:45.622 [Thread-29] WARN  FloatLine: Parameter is null
2026-09-09 20:13:45.623 [Thread-29] WARN  FloatLine: Parameter is null
2026-09-09 20:13:45.624 [Thread-29] WARN  FloatLine: Parameter is null
2026-09-09 20:13:45.625 [Thread-29] WARN  FloatLine: Parameter is null
2026-09-09 20:13:45.626 [Thread-29] WARN  FloatLine: Parameter is null
2026-09-09 20:13:45.627 [Thread-29] WARN  FloatLine: Parameter is null
2026-09-09 20:14:33.573 [Thread-29] WARN  FloatLine: Parameter is null
2026-09-09 20:14:35.369 [Thread-29] WARN  FloatLine: Parameter is null
2026-09-09 20:14:35.390 [Thread-29] WARN  FloatLine: Parameter is null
2026-09-09 20:14:36.718 [Thread-29] WARN  FloatLine: Parameter is null
2026-09-09 20:14:36.719 [Thread-29] WARN  FloatLine: Parameter is null
2026-09-09 20:14:36.722 [Thread-29] WARN  FloatLine: Parameter is null
2026-09-09 20:14:36.725 [Thread-29] WARN  FloatLine: Parameter is null
2026-09-09 20:14:36.726 [Thread-29] WARN  FloatLine: Parameter is null
2026-09-09 20:14:36.728 [Thread-29] WARN  FloatLine: Parameter is null
2026-09-09 20:14:36.762 [Thread-29] WARN  FloatLine: Parameter is null
2026-09-09 20:14:36.763 [Thread-29] WARN  FloatLine: Parameter is null
2026-09-09 20:14:36.818 [Thread-29] WARN  FloatLine: Parameter is null
2026-09-09 20:14:36.824 [Thread-29] WARN  FloatLine: Parameter is null
2026-09-09 20:14:36.831 [Thread-29] WARN  FloatLine: Parameter is null
2026-09-09 20:14:36.833 [Thread-29] WARN  FloatLine: Parameter is null
2026-09-09 20:14:36.835 [Thread-29] WARN  FloatLine: Parameter is null
2026-09-09 20:14:36.837 [Thread-29] WARN  FloatLine: Parameter is null
2026-09-09 20:14:36.838 [Thread-29] WARN  FloatLine: Parameter is null
2026-09-09 20:14:36.839 [Thread-29] WARN  FloatLine: Parameter is null
2026-09-09 20:14:36.840 [Thread-29] WARN  FloatLine: Parameter is null
2026-09-09 20:15:15.509 [Thread-29] WARN  FloatLine: Parameter is null
2026-09-09 20:15:17.168 [Thread-29] WARN  FloatLine: Parameter is null
2026-09-09 20:15:17.188 [Thread-29] WARN  FloatLine: Parameter is null
2026-09-09 20:15:18.370 [Thread-29] WARN  FloatLine: Parameter is null
2026-09-09 20:15:18.371 [Thread-29] WARN  FloatLine: Parameter is null
2026-09-09 20:15:18.373 [Thread-29] WARN  FloatLine: Parameter is null
2026-09-09 20:15:18.376 [Thread-29] WARN  FloatLine: Parameter is null
2026-09-09 20:15:18.377 [Thread-29] WARN  FloatLine: Parameter is null
2026-09-09 20:15:18.377 [Thread-29] WARN  FloatLine: Parameter is null
2026-09-09 20:15:18.407 [Thread-29] WARN  FloatLine: Parameter is null
2026-09-09 20:15:18.408 [Thread-29] WARN  FloatLine: Parameter is null
2026-09-09 20:15:18.460 [Thread-29] WARN  FloatLine: Parameter is null
2026-09-09 20:15:18.466 [Thread-29] WARN  FloatLine: Parameter is null
2026-09-09 20:15:18.471 [Thread-29] WARN  FloatLine: Parameter is null
2026-09-09 20:15:18.472 [Thread-29] WARN  FloatLine: Parameter is null
2026-09-09 20:15:18.472 [Thread-29] WARN  FloatLine: Parameter is null
2026-09-09 20:15:18.474 [Thread-29] WARN  FloatLine: Parameter is null
2026-09-09 20:15:18.474 [Thread-29] WARN  FloatLine: Parameter is null
2026-09-09 20:15:18.475 [Thread-29] WARN  FloatLine: Parameter is null
2026-09-09 20:15:18.475 [Thread-29] WARN  FloatLine: Parameter is null
2026-09-09 20:15:57.183 [Thread-29] WARN  FloatLine: Parameter is null
2026-09-09 20:15:58.700 [Thread-29] WARN  FloatLine: Parameter is null
2026-09-09 20:15:58.732 [Thread-29] WARN  FloatLine: Parameter is null
2026-09-09 20:16:00.370 [Thread-29] WARN  FloatLine: Parameter is null
2026-09-09 20:16:00.371 [Thread-29] WARN  FloatLine: Parameter is null
2026-09-09 20:16:00.374 [Thread-29] WARN  FloatLine: Parameter is null
2026-09-09 20:16:00.378 [Thread-29] WARN  FloatLine: Parameter is null
2026-09-09 20:16:00.379 [Thread-29] WARN  FloatLine: Parameter is null
2026-09-09 20:16:00.380 [Thread-29] WARN  FloatLine: Parameter is null
2026-09-09 20:16:00.423 [Thread-29] WARN  FloatLine: Parameter is null
2026-09-09 20:16:00.425 [Thread-29] WARN  FloatLine: Parameter is null
2026-09-09 20:16:00.499 [Thread-29] WARN  FloatLine: Parameter is null
2026-09-09 20:16:00.507 [Thread-29] WARN  FloatLine: Parameter is null
2026-09-09 20:16:00.515 [Thread-29] WARN  FloatLine: Parameter is null
2026-09-09 20:16:00.518 [Thread-29] WARN  FloatLine: Parameter is null
2026-09-09 20:16:00.519 [Thread-29] WARN  FloatLine: Parameter is null
2026-09-09 20:16:00.521 [Thread-29] WARN  FloatLine: Parameter is null
2026-09-09 20:16:00.522 [Thread-29] WARN  FloatLine: Parameter is null
2026-09-09 20:16:00.523 [Thread-29] WARN  FloatLine: Parameter is null
2026-09-09 20:16:00.525 [Thread-29] WARN  FloatLine: Parameter is null
2026-09-09 20:24:44.069 [main] INFO  Freerouting v1.9.0 (build-date: 2023-10-30)
2026-09-09 20:24:44.119 [main] INFO  Settings were loaded from freerouting.json
2026-09-09 20:24:45.137 [main] INFO  Opening '/home/david/pcb/autoroute.dsn'...
2026-09-09 20:24:45.730 [ForkJoinPool.commonPool-worker-1] INFO  New version available: v2.4.1
2026-09-09 20:24:46.307 [main] WARN  Multiple vias skipped at (297500, -530500)
2026-09-09 20:24:46.309 [main] WARN  Multiple vias skipped at (297500, -530500)
2026-09-09 20:24:46.310 [main] WARN  Multiple vias skipped at (306500, -324500)
2026-09-09 20:24:46.311 [main] WARN  Multiple vias skipped at (306500, -324500)
2026-09-09 20:24:46.313 [main] WARN  Multiple vias skipped at (311500, -323500)
2026-09-09 20:24:46.314 [main] WARN  Multiple vias skipped at (311500, -323500)
2026-09-09 20:24:46.325 [main] WARN  Multiple vias skipped at (328500, -174500)
2026-09-09 20:24:46.326 [main] WARN  Multiple vias skipped at (328500, -174500)
2026-09-09 20:24:46.329 [main] WARN  Multiple vias skipped at (354500, -267500)
2026-09-09 20:24:46.336 [main] WARN  Multiple vias skipped at (357500, -226500)
2026-09-09 20:24:46.337 [main] WARN  Multiple vias skipped at (357500, -226500)
2026-09-09 21:12:26.158 [Thread-28] INFO  Starting auto-routing...
2026-09-09 21:12:26.545 [Thread-28] WARN  FloatLine: Parameter is null
2026-09-09 21:12:26.827 [Thread-28] WARN  FloatLine: Parameter is null
2026-09-09 21:12:30.200 [Thread-28] WARN  FloatLine: Parameter is null
2026-09-09 21:12:30.204 [Thread-28] WARN  FloatLine: Parameter is null
2026-09-09 21:12:30.209 [Thread-28] WARN  FloatLine: Parameter is null
2026-09-09 21:12:30.301 [Thread-28] WARN  FloatLine: Parameter is null
2026-09-09 21:12:30.305 [Thread-28] WARN  FloatLine: Parameter is null
2026-09-09 21:12:30.331 [Thread-28] WARN  FloatLine: Parameter is null
2026-09-09 21:12:30.337 [Thread-28] WARN  FloatLine: Parameter is null
2026-09-09 21:12:31.622 [Thread-28] WARN  FloatLine: Parameter is null
2026-09-09 21:12:31.623 [Thread-28] WARN  FloatLine: Parameter is null
2026-09-09 21:12:31.625 [Thread-28] WARN  FloatLine: Parameter is null
2026-09-09 21:12:31.628 [Thread-28] WARN  FloatLine: Parameter is null
2026-09-09 21:12:31.629 [Thread-28] WARN  FloatLine: Parameter is null
2026-09-09 21:12:31.630 [Thread-28] WARN  FloatLine: Parameter is null
2026-09-09 21:12:31.660 [Thread-28] WARN  FloatLine: Parameter is null
2026-09-09 21:12:31.661 [Thread-28] WARN  FloatLine: Parameter is null
2026-09-09 21:12:31.664 [Thread-28] WARN  FloatLine: Parameter is null
2026-09-09 21:12:31.707 [Thread-28] WARN  FloatLine: Parameter is null
2026-09-09 21:12:31.713 [Thread-28] WARN  FloatLine: Parameter is null
2026-09-09 21:12:31.718 [Thread-28] WARN  FloatLine: Parameter is null
2026-09-09 21:12:31.720 [Thread-28] WARN  FloatLine: Parameter is null
2026-09-09 21:12:31.721 [Thread-28] WARN  FloatLine: Parameter is null
2026-09-09 21:12:31.722 [Thread-28] WARN  FloatLine: Parameter is null
2026-09-09 21:12:31.723 [Thread-28] WARN  FloatLine: Parameter is null
2026-09-09 21:12:31.723 [Thread-28] WARN  FloatLine: Parameter is null
2026-09-09 21:12:31.724 [Thread-28] WARN  FloatLine: Parameter is null
2026-09-09 21:13:19.117 [Thread-28] WARN  FloatLine: Parameter is null
2026-09-09 21:13:20.787 [Thread-28] WARN  FloatLine: Parameter is null
2026-09-09 21:13:20.788 [Thread-28] WARN  FloatLine: Parameter is null
2026-09-09 21:13:20.817 [Thread-28] WARN  FloatLine: Parameter is null
2026-09-09 21:13:22.272 [Thread-28] WARN  FloatLine: Parameter is null
2026-09-09 21:13:22.273 [Thread-28] WARN  FloatLine: Parameter is null
2026-09-09 21:13:22.276 [Thread-28] WARN  FloatLine: Parameter is null
2026-09-09 21:13:22.279 [Thread-28] WARN  FloatLine: Parameter is null
2026-09-09 21:13:22.280 [Thread-28] WARN  FloatLine: Parameter is null
2026-09-09 21:13:22.281 [Thread-28] WARN  FloatLine: Parameter is null
2026-09-09 21:13:22.321 [Thread-28] WARN  FloatLine: Parameter is null
2026-09-09 21:13:22.322 [Thread-28] WARN  FloatLine: Parameter is null
2026-09-09 21:13:22.393 [Thread-28] WARN  FloatLine: Parameter is null
2026-09-09 21:13:22.401 [Thread-28] WARN  FloatLine: Parameter is null
2026-09-09 21:13:22.409 [Thread-28] WARN  FloatLine: Parameter is null
2026-09-09 21:13:22.410 [Thread-28] WARN  FloatLine: Parameter is null
2026-09-09 21:13:22.411 [Thread-28] WARN  FloatLine: Parameter is null
2026-09-09 21:13:22.413 [Thread-28] WARN  FloatLine: Parameter is null
2026-09-09 21:13:22.414 [Thread-28] WARN  FloatLine: Parameter is null
2026-09-09 21:13:22.415 [Thread-28] WARN  FloatLine: Parameter is null
2026-09-09 21:13:22.416 [Thread-28] WARN  FloatLine: Parameter is null
2026-09-09 21:13:59.475 [Thread-28] WARN  FloatLine: Parameter is null
2026-09-09 21:14:01.544 [Thread-28] WARN  FloatLine: Parameter is null
2026-09-09 21:14:01.545 [Thread-28] WARN  FloatLine: Parameter is null
2026-09-09 21:14:01.571 [Thread-28] WARN  FloatLine: Parameter is null
2026-09-09 21:14:02.864 [Thread-28] WARN  FloatLine: Parameter is null
2026-09-09 21:14:02.866 [Thread-28] WARN  FloatLine: Parameter is null
2026-09-09 21:14:02.868 [Thread-28] WARN  FloatLine: Parameter is null
2026-09-09 21:14:02.870 [Thread-28] WARN  FloatLine: Parameter is null
2026-09-09 21:14:02.871 [Thread-28] WARN  FloatLine: Parameter is null
2026-09-09 21:14:02.871 [Thread-28] WARN  FloatLine: Parameter is null
2026-09-09 21:14:02.899 [Thread-28] WARN  FloatLine: Parameter is null
2026-09-09 21:14:02.900 [Thread-28] WARN  FloatLine: Parameter is null
2026-09-09 21:14:02.953 [Thread-28] WARN  FloatLine: Parameter is null
2026-09-09 21:14:02.958 [Thread-28] WARN  FloatLine: Parameter is null
2026-09-09 21:14:02.964 [Thread-28] WARN  FloatLine: Parameter is null
2026-09-09 21:14:02.965 [Thread-28] WARN  FloatLine: Parameter is null
2026-09-09 21:14:02.965 [Thread-28] WARN  FloatLine: Parameter is null
2026-09-09 21:14:02.966 [Thread-28] WARN  FloatLine: Parameter is null
2026-09-09 21:14:02.967 [Thread-28] WARN  FloatLine: Parameter is null
2026-09-09 21:14:02.968 [Thread-28] WARN  FloatLine: Parameter is null
2026-09-09 21:14:02.968 [Thread-28] WARN  FloatLine: Parameter is null
2026-09-09 21:14:41.020 [Thread-28] WARN  FloatLine: Parameter is null
2026-09-09 21:14:43.048 [Thread-28] WARN  FloatLine: Parameter is null
2026-09-09 21:14:43.050 [Thread-28] WARN  FloatLine: Parameter is null
2026-09-09 21:14:43.076 [Thread-28] WARN  FloatLine: Parameter is null
2026-09-09 21:14:44.532 [Thread-28] WARN  FloatLine: Parameter is null
2026-09-09 21:14:44.533 [Thread-28] WARN  FloatLine: Parameter is null
2026-09-09 21:14:44.536 [Thread-28] WARN  FloatLine: Parameter is null
2026-09-09 21:14:44.540 [Thread-28] WARN  FloatLine: Parameter is null
2026-09-09 21:14:44.541 [Thread-28] WARN  FloatLine: Parameter is null
2026-09-09 21:14:44.542 [Thread-28] WARN  FloatLine: Parameter is null
2026-09-09 21:14:44.581 [Thread-28] WARN  FloatLine: Parameter is null
2026-09-09 21:14:44.582 [Thread-28] WARN  FloatLine: Parameter is null
2026-09-09 21:14:44.654 [Thread-28] WARN  FloatLine: Parameter is null
2026-09-09 21:14:44.661 [Thread-28] WARN  FloatLine: Parameter is null
2026-09-09 21:14:44.668 [Thread-28] WARN  FloatLine: Parameter is null
2026-09-09 21:14:44.669 [Thread-28] WARN  FloatLine: Parameter is null
2026-09-09 21:14:44.669 [Thread-28] WARN  FloatLine: Parameter is null
2026-09-09 21:14:44.671 [Thread-28] WARN  FloatLine: Parameter is null
2026-09-09 21:14:44.672 [Thread-28] WARN  FloatLine: Parameter is null
2026-09-09 21:14:44.673 [Thread-28] WARN  FloatLine: Parameter is null
2026-09-09 21:14:44.674 [Thread-28] WARN  FloatLine: Parameter is null
2026-09-09 21:15:22.889 [Thread-28] WARN  FloatLine: Parameter is null
2026-09-09 21:15:24.364 [Thread-28] WARN  FloatLine: Parameter is null
2026-09-09 21:15:24.365 [Thread-28] WARN  FloatLine: Parameter is null
2026-09-09 21:15:24.385 [Thread-28] WARN  FloatLine: Parameter is null
2026-09-09 21:15:25.501 [Thread-28] WARN  FloatLine: Parameter is null
2026-09-09 21:15:25.502 [Thread-28] WARN  FloatLine: Parameter is null
2026-09-09 21:15:25.504 [Thread-28] WARN  FloatLine: Parameter is null
2026-09-09 21:15:25.506 [Thread-28] WARN  FloatLine: Parameter is null
2026-09-09 21:15:25.507 [Thread-28] WARN  FloatLine: Parameter is null
2026-09-09 21:15:25.508 [Thread-28] WARN  FloatLine: Parameter is null
2026-09-09 21:15:25.537 [Thread-28] WARN  FloatLine: Parameter is null
2026-09-09 21:15:25.537 [Thread-28] WARN  FloatLine: Parameter is null
2026-09-09 21:15:25.591 [Thread-28] WARN  FloatLine: Parameter is null
2026-09-09 21:15:25.598 [Thread-28] WARN  FloatLine: Parameter is null
2026-09-09 21:15:25.603 [Thread-28] WARN  FloatLine: Parameter is null
2026-09-09 21:15:25.604 [Thread-28] WARN  FloatLine: Parameter is null
2026-09-09 21:15:25.604 [Thread-28] WARN  FloatLine: Parameter is null
2026-09-09 21:15:25.606 [Thread-28] WARN  FloatLine: Parameter is null
2026-09-09 21:15:25.607 [Thread-28] WARN  FloatLine: Parameter is null
2026-09-09 21:15:25.608 [Thread-28] WARN  FloatLine: Parameter is null
2026-09-09 21:15:25.608 [Thread-28] WARN  FloatLine: Parameter is null
2026-09-09 21:16:04.899 [Thread-28] WARN  FloatLine: Parameter is null
2026-09-09 21:16:06.482 [Thread-28] WARN  FloatLine: Parameter is null
2026-09-09 21:16:06.484 [Thread-28] WARN  FloatLine: Parameter is null
2026-09-09 21:16:06.508 [Thread-28] WARN  FloatLine: Parameter is null
2026-09-09 21:16:07.626 [Thread-28] WARN  FloatLine: Parameter is null
2026-09-09 21:16:07.627 [Thread-28] WARN  FloatLine: Parameter is null
2026-09-09 21:16:07.629 [Thread-28] WARN  FloatLine: Parameter is null
2026-09-09 21:16:07.631 [Thread-28] WARN  FloatLine: Parameter is null
2026-09-09 21:16:07.631 [Thread-28] WARN  FloatLine: Parameter is null
2026-09-09 21:16:07.632 [Thread-28] WARN  FloatLine: Parameter is null
2026-09-09 21:16:07.661 [Thread-28] WARN  FloatLine: Parameter is null
2026-09-09 21:16:07.662 [Thread-28] WARN  FloatLine: Parameter is null
2026-09-09 21:16:07.715 [Thread-28] WARN  FloatLine: Parameter is null
2026-09-09 21:16:07.721 [Thread-28] WARN  FloatLine: Parameter is null
2026-09-09 21:16:07.726 [Thread-28] WARN  FloatLine: Parameter is null
2026-09-09 21:16:07.727 [Thread-28] WARN  FloatLine: Parameter is null
2026-09-09 21:16:07.727 [Thread-28] WARN  FloatLine: Parameter is null
2026-09-09 21:16:07.729 [Thread-28] WARN  FloatLine: Parameter is null
2026-09-09 21:16:07.729 [Thread-28] WARN  FloatLine: Parameter is null
2026-09-09 21:16:07.730 [Thread-28] WARN  FloatLine: Parameter is null
2026-09-09 21:16:07.731 [Thread-28] WARN  FloatLine: Parameter is null
2026-09-09 21:16:48.161 [Thread-28] WARN  FloatLine: Parameter is null
2026-09-09 21:16:50.161 [Thread-28] WARN  FloatLine: Parameter is null
2026-09-09 21:16:50.162 [Thread-28] WARN  FloatLine: Parameter is null
2026-09-09 21:16:50.187 [Thread-28] WARN  FloatLine: Parameter is null
2026-09-09 21:16:51.596 [Thread-28] WARN  FloatLine: Parameter is null
2026-09-09 21:16:51.596 [Thread-28] WARN  FloatLine: Parameter is null
2026-09-09 21:16:51.598 [Thread-28] WARN  FloatLine: Parameter is null
2026-09-09 21:16:51.600 [Thread-28] WARN  FloatLine: Parameter is null
2026-09-09 21:16:51.601 [Thread-28] WARN  FloatLine: Parameter is null
2026-09-09 21:16:51.601 [Thread-28] WARN  FloatLine: Parameter is null
2026-09-09 21:16:51.630 [Thread-28] WARN  FloatLine: Parameter is null
2026-09-09 21:16:51.631 [Thread-28] WARN  FloatLine: Parameter is null
2026-09-09 21:16:51.683 [Thread-28] WARN  FloatLine: Parameter is null
2026-09-09 21:16:51.689 [Thread-28] WARN  FloatLine: Parameter is null
2026-09-09 21:16:51.695 [Thread-28] WARN  FloatLine: Parameter is null
2026-09-09 21:16:51.696 [Thread-28] WARN  FloatLine: Parameter is null
2026-09-09 21:16:51.696 [Thread-28] WARN  FloatLine: Parameter is null
2026-09-09 21:16:51.698 [Thread-28] WARN  FloatLine: Parameter is null
2026-09-09 21:16:51.699 [Thread-28] WARN  FloatLine: Parameter is null
2026-09-09 21:16:51.699 [Thread-28] WARN  FloatLine: Parameter is null
2026-09-09 21:16:51.700 [Thread-28] WARN  FloatLine: Parameter is null
2026-09-09 21:17:29.793 [Thread-28] WARN  FloatLine: Parameter is null
2026-09-09 21:17:31.285 [Thread-28] WARN  FloatLine: Parameter is null
2026-09-09 21:17:31.286 [Thread-28] WARN  FloatLine: Parameter is null
2026-09-09 21:17:31.305 [Thread-28] WARN  FloatLine: Parameter is null
2026-09-09 21:17:32.387 [Thread-28] WARN  FloatLine: Parameter is null
2026-09-09 21:17:32.388 [Thread-28] WARN  FloatLine: Parameter is null
2026-09-09 21:17:32.389 [Thread-28] WARN  FloatLine: Parameter is null
2026-09-09 21:17:32.392 [Thread-28] WARN  FloatLine: Parameter is null
2026-09-09 21:17:32.392 [Thread-28] WARN  FloatLine: Parameter is null
2026-09-09 21:17:32.393 [Thread-28] WARN  FloatLine: Parameter is null
2026-09-09 21:17:32.424 [Thread-28] WARN  FloatLine: Parameter is null
2026-09-09 21:17:32.425 [Thread-28] WARN  FloatLine: Parameter is null
2026-09-09 21:17:32.479 [Thread-28] WARN  FloatLine: Parameter is null
2026-09-09 21:17:32.485 [Thread-28] WARN  FloatLine: Parameter is null
2026-09-09 21:17:32.491 [Thread-28] WARN  FloatLine: Parameter is null
2026-09-09 21:17:32.492 [Thread-28] WARN  FloatLine: Parameter is null
2026-09-09 21:17:32.492 [Thread-28] WARN  FloatLine: Parameter is null
2026-09-09 21:17:32.493 [Thread-28] WARN  FloatLine: Parameter is null
2026-09-09 21:17:32.494 [Thread-28] WARN  FloatLine: Parameter is null
2026-09-09 21:17:32.495 [Thread-28] WARN  FloatLine: Parameter is null
2026-09-09 21:17:32.495 [Thread-28] WARN  FloatLine: Parameter is null
2026-09-09 21:18:12.649 [Thread-28] INFO  Auto-routing was completed in 5 minute(s) 46.49 seconds.
2026-09-09 21:18:12.751 [Thread-28] INFO  Starting route optimization on 1 thread...
2026-09-09 21:18:21.596 [Thread-28] INFO  Route optimization was completed in 8.84 seconds.
2026-09-09 21:18:21.644 [Thread-28] INFO  Saving '/home/david/pcb/autoroute.ses'...
2026-09-09 22:41:14.666 [main] INFO  Freerouting v1.9.0 (build-date: 2023-10-30)
2026-09-09 22:41:14.704 [main] INFO  Settings were loaded from freerouting.json
2026-09-09 22:41:15.722 [main] INFO  Opening '/home/david/pcb/autoroute.dsn'...
2026-09-09 22:41:16.328 [ForkJoinPool.commonPool-worker-1] INFO  New version available: v2.4.1
2026-09-09 22:41:39.219 [Thread-28] INFO  Starting auto-routing...
2026-09-09 22:41:41.100 [Thread-28] WARN  FloatLine: Parameter is null
2026-09-09 22:41:41.501 [Thread-28] WARN  FloatLine: Parameter is null
2026-09-09 22:41:45.759 [Thread-28] WARN  FloatLine: Parameter is null
2026-09-09 22:41:45.764 [Thread-28] WARN  FloatLine: Parameter is null
2026-09-09 22:41:45.771 [Thread-28] WARN  FloatLine: Parameter is null
2026-09-09 22:41:46.012 [Thread-28] WARN  FloatLine: Parameter is null
2026-09-09 22:41:46.056 [Thread-28] WARN  FloatLine: Parameter is null
2026-09-09 22:41:48.040 [Thread-28] WARN  FloatLine: Parameter is null
2026-09-09 22:41:48.041 [Thread-28] WARN  FloatLine: Parameter is null
2026-09-09 22:41:48.044 [Thread-28] WARN  FloatLine: Parameter is null
2026-09-09 22:41:48.048 [Thread-28] WARN  FloatLine: Parameter is null
2026-09-09 22:41:48.049 [Thread-28] WARN  FloatLine: Parameter is null
2026-09-09 22:41:48.050 [Thread-28] WARN  FloatLine: Parameter is null
2026-09-09 22:41:48.088 [Thread-28] WARN  FloatLine: Parameter is null
2026-09-09 22:41:48.089 [Thread-28] WARN  FloatLine: Parameter is null
2026-09-09 22:41:48.093 [Thread-28] WARN  FloatLine: Parameter is null
2026-09-09 22:41:48.149 [Thread-28] WARN  FloatLine: Parameter is null
2026-09-09 22:41:48.156 [Thread-28] WARN  FloatLine: Parameter is null
2026-09-09 22:41:48.164 [Thread-28] WARN  FloatLine: Parameter is null
2026-09-09 22:41:48.165 [Thread-28] WARN  FloatLine: Parameter is null
2026-09-09 22:41:48.166 [Thread-28] WARN  FloatLine: Parameter is null
2026-09-09 22:41:48.168 [Thread-28] WARN  FloatLine: Parameter is null
2026-09-09 22:41:48.169 [Thread-28] WARN  FloatLine: Parameter is null
2026-09-09 22:41:48.170 [Thread-28] WARN  FloatLine: Parameter is null
2026-09-09 22:41:48.171 [Thread-28] WARN  FloatLine: Parameter is null
2026-09-09 22:42:35.563 [Thread-28] WARN  FloatLine: Parameter is null
2026-09-09 22:42:37.802 [Thread-28] WARN  FloatLine: Parameter is null
2026-09-09 22:42:37.879 [Thread-28] WARN  FloatLine: Parameter is null
2026-09-09 22:42:37.910 [Thread-28] WARN  FloatLine: Parameter is null
2026-09-09 22:42:39.574 [Thread-28] WARN  FloatLine: Parameter is null
2026-09-09 22:42:39.575 [Thread-28] WARN  FloatLine: Parameter is null
2026-09-09 22:42:39.578 [Thread-28] WARN  FloatLine: Parameter is null
2026-09-09 22:42:39.581 [Thread-28] WARN  FloatLine: Parameter is null
2026-09-09 22:42:39.582 [Thread-28] WARN  FloatLine: Parameter is null
2026-09-09 22:42:39.582 [Thread-28] WARN  FloatLine: Parameter is null
2026-09-09 22:42:39.619 [Thread-28] WARN  FloatLine: Parameter is null
2026-09-09 22:42:39.620 [Thread-28] WARN  FloatLine: Parameter is null
2026-09-09 22:42:39.673 [Thread-28] WARN  FloatLine: Parameter is null
2026-09-09 22:42:39.679 [Thread-28] WARN  FloatLine: Parameter is null
2026-09-09 22:42:39.686 [Thread-28] WARN  FloatLine: Parameter is null
2026-09-09 22:42:39.686 [Thread-28] WARN  FloatLine: Parameter is null
2026-09-09 22:42:39.687 [Thread-28] WARN  FloatLine: Parameter is null
2026-09-09 22:42:39.689 [Thread-28] WARN  FloatLine: Parameter is null
2026-09-09 22:42:39.690 [Thread-28] WARN  FloatLine: Parameter is null
2026-09-09 22:42:39.691 [Thread-28] WARN  FloatLine: Parameter is null
2026-09-09 22:42:39.692 [Thread-28] WARN  FloatLine: Parameter is null
2026-09-09 22:43:28.083 [Thread-28] WARN  FloatLine: Parameter is null
2026-09-09 22:43:30.422 [Thread-28] WARN  FloatLine: Parameter is null
2026-09-09 22:43:30.495 [Thread-28] WARN  FloatLine: Parameter is null
2026-09-09 22:43:30.528 [Thread-28] WARN  FloatLine: Parameter is null
2026-09-09 22:43:32.142 [Thread-28] WARN  FloatLine: Parameter is null
2026-09-09 22:43:32.142 [Thread-28] WARN  FloatLine: Parameter is null
2026-09-09 22:43:32.145 [Thread-28] WARN  FloatLine: Parameter is null
2026-09-09 22:43:32.148 [Thread-28] WARN  FloatLine: Parameter is null
2026-09-09 22:43:32.149 [Thread-28] WARN  FloatLine: Parameter is null
2026-09-09 22:43:32.150 [Thread-28] WARN  FloatLine: Parameter is null
2026-09-09 22:43:32.193 [Thread-28] WARN  FloatLine: Parameter is null
2026-09-09 22:43:32.194 [Thread-28] WARN  FloatLine: Parameter is null
2026-09-09 22:43:32.248 [Thread-28] WARN  FloatLine: Parameter is null
2026-09-09 22:43:32.256 [Thread-28] WARN  FloatLine: Parameter is null
2026-09-09 22:43:32.263 [Thread-28] WARN  FloatLine: Parameter is null
2026-09-09 22:43:32.265 [Thread-28] WARN  FloatLine: Parameter is null
2026-09-09 22:43:32.266 [Thread-28] WARN  FloatLine: Parameter is null
2026-09-09 22:43:32.268 [Thread-28] WARN  FloatLine: Parameter is null
2026-09-09 22:43:32.269 [Thread-28] WARN  FloatLine: Parameter is null
2026-09-09 22:43:32.270 [Thread-28] WARN  FloatLine: Parameter is null
2026-09-09 22:43:32.271 [Thread-28] WARN  FloatLine: Parameter is null
2026-09-09 22:44:17.844 [Thread-28] WARN  FloatLine: Parameter is null
2026-09-09 22:44:20.224 [Thread-28] WARN  FloatLine: Parameter is null
2026-09-09 22:44:20.299 [Thread-28] WARN  FloatLine: Parameter is null
2026-09-09 22:44:20.324 [Thread-28] WARN  FloatLine: Parameter is null
2026-09-09 22:44:21.548 [Thread-28] WARN  FloatLine: Parameter is null
2026-09-09 22:44:21.549 [Thread-28] WARN  FloatLine: Parameter is null
2026-09-09 22:44:21.552 [Thread-28] WARN  FloatLine: Parameter is null
2026-09-09 22:44:21.555 [Thread-28] WARN  FloatLine: Parameter is null
2026-09-09 22:44:21.557 [Thread-28] WARN  FloatLine: Parameter is null
2026-09-09 22:44:21.558 [Thread-28] WARN  FloatLine: Parameter is null
2026-09-09 22:44:21.586 [Thread-28] WARN  FloatLine: Parameter is null
2026-09-09 22:44:21.588 [Thread-28] WARN  FloatLine: Parameter is null
2026-09-09 22:44:21.626 [Thread-28] WARN  FloatLine: Parameter is null
2026-09-09 22:44:21.631 [Thread-28] WARN  FloatLine: Parameter is null
2026-09-09 22:44:21.637 [Thread-28] WARN  FloatLine: Parameter is null
2026-09-09 22:44:21.638 [Thread-28] WARN  FloatLine: Parameter is null
2026-09-09 22:44:21.639 [Thread-28] WARN  FloatLine: Parameter is null
2026-09-09 22:44:21.641 [Thread-28] WARN  FloatLine: Parameter is null
2026-09-09 22:44:21.642 [Thread-28] WARN  FloatLine: Parameter is null
2026-09-09 22:44:21.643 [Thread-28] WARN  FloatLine: Parameter is null
2026-09-09 22:44:21.644 [Thread-28] WARN  FloatLine: Parameter is null
2026-09-09 22:45:06.098 [Thread-28] WARN  FloatLine: Parameter is null
2026-09-09 22:45:08.150 [Thread-28] WARN  FloatLine: Parameter is null
2026-09-09 22:45:08.207 [Thread-28] WARN  FloatLine: Parameter is null
2026-09-09 22:45:08.234 [Thread-28] WARN  FloatLine: Parameter is null
2026-09-09 22:45:09.628 [Thread-28] WARN  FloatLine: Parameter is null
2026-09-09 22:45:09.629 [Thread-28] WARN  FloatLine: Parameter is null
2026-09-09 22:45:09.632 [Thread-28] WARN  FloatLine: Parameter is null
2026-09-09 22:45:09.635 [Thread-28] WARN  FloatLine: Parameter is null
2026-09-09 22:45:09.636 [Thread-28] WARN  FloatLine: Parameter is null
2026-09-09 22:45:09.636 [Thread-28] WARN  FloatLine: Parameter is null
2026-09-09 22:45:09.664 [Thread-28] WARN  FloatLine: Parameter is null
2026-09-09 22:45:09.666 [Thread-28] WARN  FloatLine: Parameter is null
2026-09-09 22:45:09.705 [Thread-28] WARN  FloatLine: Parameter is null
2026-09-09 22:45:09.711 [Thread-28] WARN  FloatLine: Parameter is null
2026-09-09 22:45:09.718 [Thread-28] WARN  FloatLine: Parameter is null
2026-09-09 22:45:09.720 [Thread-28] WARN  FloatLine: Parameter is null
2026-09-09 22:45:09.721 [Thread-28] WARN  FloatLine: Parameter is null
2026-09-09 22:45:09.722 [Thread-28] WARN  FloatLine: Parameter is null
2026-09-09 22:45:09.723 [Thread-28] WARN  FloatLine: Parameter is null
2026-09-09 22:45:09.725 [Thread-28] WARN  FloatLine: Parameter is null
2026-09-09 22:45:09.727 [Thread-28] WARN  FloatLine: Parameter is null
2026-09-09 22:45:56.088 [Thread-28] WARN  FloatLine: Parameter is null
2026-09-09 22:45:58.038 [Thread-28] WARN  FloatLine: Parameter is null
2026-09-09 22:45:58.089 [Thread-28] WARN  FloatLine: Parameter is null
2026-09-09 22:45:58.117 [Thread-28] WARN  FloatLine: Parameter is null
2026-09-09 22:45:59.366 [Thread-28] WARN  FloatLine: Parameter is null
2026-09-09 22:45:59.367 [Thread-28] WARN  FloatLine: Parameter is null
2026-09-09 22:45:59.370 [Thread-28] WARN  FloatLine: Parameter is null
2026-09-09 22:45:59.374 [Thread-28] WARN  FloatLine: Parameter is null
2026-09-09 22:45:59.375 [Thread-28] WARN  FloatLine: Parameter is null
2026-09-09 22:45:59.376 [Thread-28] WARN  FloatLine: Parameter is null
2026-09-09 22:45:59.408 [Thread-28] WARN  FloatLine: Parameter is null
2026-09-09 22:45:59.409 [Thread-28] WARN  FloatLine: Parameter is null
2026-09-09 22:45:59.450 [Thread-28] WARN  FloatLine: Parameter is null
2026-09-09 22:45:59.456 [Thread-28] WARN  FloatLine: Parameter is null
2026-09-09 22:45:59.462 [Thread-28] WARN  FloatLine: Parameter is null
2026-09-09 22:45:59.463 [Thread-28] WARN  FloatLine: Parameter is null
2026-09-09 22:45:59.464 [Thread-28] WARN  FloatLine: Parameter is null
2026-09-09 22:45:59.466 [Thread-28] WARN  FloatLine: Parameter is null
2026-09-09 22:45:59.466 [Thread-28] WARN  FloatLine: Parameter is null
2026-09-09 22:45:59.468 [Thread-28] WARN  FloatLine: Parameter is null
2026-09-09 22:45:59.469 [Thread-28] WARN  FloatLine: Parameter is null
2026-09-09 22:46:45.444 [Thread-28] WARN  FloatLine: Parameter is null
2026-09-09 22:46:47.871 [Thread-28] WARN  FloatLine: Parameter is null
2026-09-09 22:46:47.947 [Thread-28] WARN  FloatLine: Parameter is null
2026-09-09 22:46:47.980 [Thread-28] WARN  FloatLine: Parameter is null
2026-09-09 22:46:49.380 [Thread-28] WARN  FloatLine: Parameter is null
2026-09-09 22:46:49.381 [Thread-28] WARN  FloatLine: Parameter is null
2026-09-09 22:46:49.383 [Thread-28] WARN  FloatLine: Parameter is null
2026-09-09 22:46:49.386 [Thread-28] WARN  FloatLine: Parameter is null
2026-09-09 22:46:49.387 [Thread-28] WARN  FloatLine: Parameter is null
2026-09-09 22:46:49.388 [Thread-28] WARN  FloatLine: Parameter is null
2026-09-09 22:46:49.420 [Thread-28] WARN  FloatLine: Parameter is null
2026-09-09 22:46:49.421 [Thread-28] WARN  FloatLine: Parameter is null
2026-09-09 22:46:49.461 [Thread-28] WARN  FloatLine: Parameter is null
2026-09-09 22:46:49.467 [Thread-28] WARN  FloatLine: Parameter is null
2026-09-09 22:46:49.472 [Thread-28] WARN  FloatLine: Parameter is null
2026-09-09 22:46:49.473 [Thread-28] WARN  FloatLine: Parameter is null
2026-09-09 22:46:49.474 [Thread-28] WARN  FloatLine: Parameter is null
2026-09-09 22:46:49.476 [Thread-28] WARN  FloatLine: Parameter is null
2026-09-09 22:46:49.477 [Thread-28] WARN  FloatLine: Parameter is null
2026-09-09 22:46:49.478 [Thread-28] WARN  FloatLine: Parameter is null
2026-09-09 22:46:49.481 [Thread-28] WARN  FloatLine: Parameter is null
2026-09-09 22:47:37.311 [Thread-28] WARN  FloatLine: Parameter is null
2026-09-09 22:47:39.498 [Thread-28] WARN  FloatLine: Parameter is null
2026-09-09 22:47:39.570 [Thread-28] WARN  FloatLine: Parameter is null
2026-09-09 22:47:39.597 [Thread-28] WARN  FloatLine: Parameter is null
2026-09-09 22:47:40.873 [Thread-28] WARN  FloatLine: Parameter is null
2026-09-09 22:47:40.874 [Thread-28] WARN  FloatLine: Parameter is null
2026-09-09 22:47:40.876 [Thread-28] WARN  FloatLine: Parameter is null
2026-09-09 22:47:40.879 [Thread-28] WARN  FloatLine: Parameter is null
2026-09-09 22:47:40.881 [Thread-28] WARN  FloatLine: Parameter is null
2026-09-09 22:47:40.882 [Thread-28] WARN  FloatLine: Parameter is null
2026-09-09 22:47:40.909 [Thread-28] WARN  FloatLine: Parameter is null
2026-09-09 22:47:40.910 [Thread-28] WARN  FloatLine: Parameter is null
2026-09-09 22:47:40.952 [Thread-28] WARN  FloatLine: Parameter is null
2026-09-09 22:47:40.957 [Thread-28] WARN  FloatLine: Parameter is null
2026-09-09 22:47:40.962 [Thread-28] WARN  FloatLine: Parameter is null
2026-09-09 22:47:40.963 [Thread-28] WARN  FloatLine: Parameter is null
2026-09-09 22:47:40.964 [Thread-28] WARN  FloatLine: Parameter is null
2026-09-09 22:47:40.965 [Thread-28] WARN  FloatLine: Parameter is null
2026-09-09 22:47:40.966 [Thread-28] WARN  FloatLine: Parameter is null
2026-09-09 22:47:40.966 [Thread-28] WARN  FloatLine: Parameter is null
2026-09-09 22:47:40.967 [Thread-28] WARN  FloatLine: Parameter is null
2026-09-09 22:48:23.100 [Thread-28] INFO  Auto-routing was completed in 6 minute(s) 43.88 seconds.
2026-09-09 22:48:23.201 [Thread-28] INFO  Starting route optimization on 1 thread...
2026-09-09 22:48:25.263 [Thread-28] INFO  Route optimization was completed in 2.06 seconds.
2026-09-09 22:48:25.315 [Thread-28] INFO  Saving '/home/david/pcb/autoroute.ses'...
2026-09-09 23:42:21.008 [main] INFO  Freerouting v1.9.0 (build-date: 2023-10-30)
2026-09-09 23:42:21.050 [main] INFO  Settings were loaded from freerouting.json
2026-09-09 23:42:22.065 [main] INFO  Opening '/home/david/pcb/autoroute.dsn'...
2026-09-09 23:42:22.616 [ForkJoinPool.commonPool-worker-1] INFO  New version available: v2.4.1
2026-09-09 23:42:44.571 [Thread-28] INFO  Starting auto-routing...
2026-09-09 23:42:44.985 [Thread-28] WARN  FloatLine: Parameter is null
2026-09-09 23:42:48.170 [Thread-28] WARN  FloatLine: Parameter is null
2026-09-09 23:42:48.171 [Thread-28] WARN  FloatLine: Parameter is null
2026-09-09 23:42:48.213 [Thread-28] WARN  FloatLine: Parameter is null
2026-09-09 23:42:48.214 [Thread-28] WARN  FloatLine: Parameter is null
2026-09-09 23:42:48.216 [Thread-28] WARN  FloatLine: Parameter is null
2026-09-09 23:42:48.219 [Thread-28] WARN  FloatLine: Parameter is null
2026-09-09 23:42:48.225 [Thread-28] WARN  FloatLine: Parameter is null
2026-09-09 23:42:48.232 [Thread-28] WARN  FloatLine: Parameter is null
2026-09-09 23:42:48.234 [Thread-28] WARN  FloatLine: Parameter is null
2026-09-09 23:42:48.236 [Thread-28] WARN  FloatLine: Parameter is null
2026-09-09 23:42:48.238 [Thread-28] WARN  FloatLine: Parameter is null
2026-09-09 23:42:48.241 [Thread-28] WARN  FloatLine: Parameter is null
2026-09-09 23:42:48.244 [Thread-28] WARN  FloatLine: Parameter is null
2026-09-09 23:42:48.248 [Thread-28] WARN  FloatLine: Parameter is null
2026-09-09 23:42:48.249 [Thread-28] WARN  FloatLine: Parameter is null
2026-09-09 23:42:48.250 [Thread-28] WARN  FloatLine: Parameter is null
2026-09-09 23:42:48.252 [Thread-28] WARN  FloatLine: Parameter is null
2026-09-09 23:42:48.256 [Thread-28] WARN  FloatLine: Parameter is null
2026-09-09 23:42:48.279 [Thread-28] WARN  FloatLine: Parameter is null
2026-09-09 23:42:49.301 [Thread-28] WARN  FloatLine: Parameter is null
2026-09-09 23:42:49.540 [Thread-28] WARN  FloatLine: Parameter is null
2026-09-09 23:42:49.561 [Thread-28] WARN  FloatLine: Parameter is null
2026-09-09 23:42:49.565 [Thread-28] WARN  FloatLine: Parameter is null
2026-09-09 23:42:49.578 [Thread-28] WARN  FloatLine: Parameter is null
2026-09-09 23:43:31.479 [Thread-28] WARN  FloatLine: Parameter is null
2026-09-09 23:43:31.481 [Thread-28] WARN  FloatLine: Parameter is null
2026-09-09 23:43:31.527 [Thread-28] WARN  FloatLine: Parameter is null
2026-09-09 23:43:31.528 [Thread-28] WARN  FloatLine: Parameter is null
2026-09-09 23:43:31.529 [Thread-28] WARN  FloatLine: Parameter is null
2026-09-09 23:43:31.535 [Thread-28] WARN  FloatLine: Parameter is null
2026-09-09 23:43:31.541 [Thread-28] WARN  FloatLine: Parameter is null
2026-09-09 23:43:31.542 [Thread-28] WARN  FloatLine: Parameter is null
2026-09-09 23:43:31.544 [Thread-28] WARN  FloatLine: Parameter is null
2026-09-09 23:43:31.545 [Thread-28] WARN  FloatLine: Parameter is null
2026-09-09 23:43:31.547 [Thread-28] WARN  FloatLine: Parameter is null
2026-09-09 23:43:31.548 [Thread-28] WARN  FloatLine: Parameter is null
2026-09-09 23:43:31.549 [Thread-28] WARN  FloatLine: Parameter is null
2026-09-09 23:43:31.551 [Thread-28] WARN  FloatLine: Parameter is null
2026-09-09 23:43:31.552 [Thread-28] WARN  FloatLine: Parameter is null
2026-09-09 23:43:31.580 [Thread-28] WARN  FloatLine: Parameter is null
2026-09-09 23:43:32.683 [Thread-28] WARN  FloatLine: Parameter is null
2026-09-09 23:43:32.686 [Thread-28] WARN  FloatLine: Parameter is null
2026-09-09 23:43:32.699 [Thread-28] WARN  FloatLine: Parameter is null
2026-09-09 23:43:32.701 [Thread-28] WARN  FloatLine: Parameter is null
2026-09-09 23:43:32.714 [Thread-28] WARN  FloatLine: Parameter is null
2026-09-09 23:44:12.398 [Thread-28] WARN  FloatLine: Parameter is null
2026-09-09 23:44:12.399 [Thread-28] WARN  FloatLine: Parameter is null
2026-09-09 23:44:12.435 [Thread-28] WARN  FloatLine: Parameter is null
2026-09-09 23:44:12.436 [Thread-28] WARN  FloatLine: Parameter is null
2026-09-09 23:44:12.437 [Thread-28] WARN  FloatLine: Parameter is null
2026-09-09 23:44:12.441 [Thread-28] WARN  FloatLine: Parameter is null
2026-09-09 23:44:12.445 [Thread-28] WARN  FloatLine: Parameter is null
2026-09-09 23:44:12.446 [Thread-28] WARN  FloatLine: Parameter is null
2026-09-09 23:44:12.447 [Thread-28] WARN  FloatLine: Parameter is null
2026-09-09 23:44:12.448 [Thread-28] WARN  FloatLine: Parameter is null
2026-09-09 23:44:12.449 [Thread-28] WARN  FloatLine: Parameter is null
2026-09-09 23:44:12.450 [Thread-28] WARN  FloatLine: Parameter is null
2026-09-09 23:44:12.451 [Thread-28] WARN  FloatLine: Parameter is null
2026-09-09 23:44:12.452 [Thread-28] WARN  FloatLine: Parameter is null
2026-09-09 23:44:12.453 [Thread-28] WARN  FloatLine: Parameter is null
2026-09-09 23:44:12.474 [Thread-28] WARN  FloatLine: Parameter is null
2026-09-09 23:44:13.458 [Thread-28] WARN  FloatLine: Parameter is null
2026-09-09 23:44:13.461 [Thread-28] WARN  FloatLine: Parameter is null
2026-09-09 23:44:13.474 [Thread-28] WARN  FloatLine: Parameter is null
2026-09-09 23:44:13.476 [Thread-28] WARN  FloatLine: Parameter is null
2026-09-09 23:44:13.488 [Thread-28] WARN  FloatLine: Parameter is null
2026-09-09 23:44:53.754 [Thread-28] WARN  FloatLine: Parameter is null
2026-09-09 23:44:53.755 [Thread-28] WARN  FloatLine: Parameter is null
2026-09-09 23:44:53.806 [Thread-28] WARN  FloatLine: Parameter is null
2026-09-09 23:44:53.808 [Thread-28] WARN  FloatLine: Parameter is null
2026-09-09 23:44:53.809 [Thread-28] WARN  FloatLine: Parameter is null
2026-09-09 23:44:53.815 [Thread-28] WARN  FloatLine: Parameter is null
2026-09-09 23:44:53.821 [Thread-28] WARN  FloatLine: Parameter is null
2026-09-09 23:44:53.823 [Thread-28] WARN  FloatLine: Parameter is null
2026-09-09 23:44:53.824 [Thread-28] WARN  FloatLine: Parameter is null
2026-09-09 23:44:53.826 [Thread-28] WARN  FloatLine: Parameter is null
2026-09-09 23:44:53.829 [Thread-28] WARN  FloatLine: Parameter is null
2026-09-09 23:44:53.830 [Thread-28] WARN  FloatLine: Parameter is null
2026-09-09 23:44:53.831 [Thread-28] WARN  FloatLine: Parameter is null
2026-09-09 23:44:53.833 [Thread-28] WARN  FloatLine: Parameter is null
2026-09-09 23:44:53.835 [Thread-28] WARN  FloatLine: Parameter is null
2026-09-09 23:44:53.863 [Thread-28] WARN  FloatLine: Parameter is null
2026-09-09 23:44:55.183 [Thread-28] WARN  FloatLine: Parameter is null
2026-09-09 23:44:55.186 [Thread-28] WARN  FloatLine: Parameter is null
2026-09-09 23:44:55.206 [Thread-28] WARN  FloatLine: Parameter is null
2026-09-09 23:44:55.210 [Thread-28] WARN  FloatLine: Parameter is null
2026-09-09 23:44:55.229 [Thread-28] WARN  FloatLine: Parameter is null
2026-09-09 23:45:35.322 [Thread-28] WARN  FloatLine: Parameter is null
2026-09-09 23:45:35.323 [Thread-28] WARN  FloatLine: Parameter is null
2026-09-09 23:45:35.360 [Thread-28] WARN  FloatLine: Parameter is null
2026-09-09 23:45:35.361 [Thread-28] WARN  FloatLine: Parameter is null
2026-09-09 23:45:35.363 [Thread-28] WARN  FloatLine: Parameter is null
2026-09-09 23:45:35.368 [Thread-28] WARN  FloatLine: Parameter is null
2026-09-09 23:45:35.373 [Thread-28] WARN  FloatLine: Parameter is null
2026-09-09 23:45:35.375 [Thread-28] WARN  FloatLine: Parameter is null
2026-09-09 23:45:35.376 [Thread-28] WARN  FloatLine: Parameter is null
2026-09-09 23:45:35.377 [Thread-28] WARN  FloatLine: Parameter is null
2026-09-09 23:45:35.380 [Thread-28] WARN  FloatLine: Parameter is null
2026-09-09 23:45:35.382 [Thread-28] WARN  FloatLine: Parameter is null
2026-09-09 23:45:35.383 [Thread-28] WARN  FloatLine: Parameter is null
2026-09-09 23:45:35.385 [Thread-28] WARN  FloatLine: Parameter is null
2026-09-09 23:45:35.386 [Thread-28] WARN  FloatLine: Parameter is null
2026-09-09 23:45:35.407 [Thread-28] WARN  FloatLine: Parameter is null
2026-09-09 23:45:36.393 [Thread-28] WARN  FloatLine: Parameter is null
2026-09-09 23:45:36.396 [Thread-28] WARN  FloatLine: Parameter is null
2026-09-09 23:45:36.412 [Thread-28] WARN  FloatLine: Parameter is null
2026-09-09 23:45:36.414 [Thread-28] WARN  FloatLine: Parameter is null
2026-09-09 23:45:36.428 [Thread-28] WARN  FloatLine: Parameter is null
2026-09-09 23:46:15.007 [Thread-28] WARN  FloatLine: Parameter is null
2026-09-09 23:46:15.008 [Thread-28] WARN  FloatLine: Parameter is null
2026-09-09 23:46:15.042 [Thread-28] WARN  FloatLine: Parameter is null
2026-09-09 23:46:15.044 [Thread-28] WARN  FloatLine: Parameter is null
2026-09-09 23:46:15.045 [Thread-28] WARN  FloatLine: Parameter is null
2026-09-09 23:46:15.050 [Thread-28] WARN  FloatLine: Parameter is null
2026-09-09 23:46:15.054 [Thread-28] WARN  FloatLine: Parameter is null
2026-09-09 23:46:15.055 [Thread-28] WARN  FloatLine: Parameter is null
2026-09-09 23:46:15.056 [Thread-28] WARN  FloatLine: Parameter is null
2026-09-09 23:46:15.057 [Thread-28] WARN  FloatLine: Parameter is null
2026-09-09 23:46:15.060 [Thread-28] WARN  FloatLine: Parameter is null
2026-09-09 23:46:15.062 [Thread-28] WARN  FloatLine: Parameter is null
2026-09-09 23:46:15.063 [Thread-28] WARN  FloatLine: Parameter is null
2026-09-09 23:46:15.065 [Thread-28] WARN  FloatLine: Parameter is null
2026-09-09 23:46:15.066 [Thread-28] WARN  FloatLine: Parameter is null
2026-09-09 23:46:15.088 [Thread-28] WARN  FloatLine: Parameter is null
2026-09-09 23:46:16.091 [Thread-28] WARN  FloatLine: Parameter is null
2026-09-09 23:46:16.094 [Thread-28] WARN  FloatLine: Parameter is null
2026-09-09 23:46:16.107 [Thread-28] WARN  FloatLine: Parameter is null
2026-09-09 23:46:16.110 [Thread-28] WARN  FloatLine: Parameter is null
2026-09-09 23:46:16.124 [Thread-28] WARN  FloatLine: Parameter is null
2026-09-09 23:46:55.627 [Thread-28] WARN  FloatLine: Parameter is null
2026-09-09 23:46:55.628 [Thread-28] WARN  FloatLine: Parameter is null
2026-09-09 23:46:55.663 [Thread-28] WARN  FloatLine: Parameter is null
2026-09-09 23:46:55.664 [Thread-28] WARN  FloatLine: Parameter is null
2026-09-09 23:46:55.664 [Thread-28] WARN  FloatLine: Parameter is null
2026-09-09 23:46:55.668 [Thread-28] WARN  FloatLine: Parameter is null
2026-09-09 23:46:55.673 [Thread-28] WARN  FloatLine: Parameter is null
2026-09-09 23:46:55.673 [Thread-28] WARN  FloatLine: Parameter is null
2026-09-09 23:46:55.674 [Thread-28] WARN  FloatLine: Parameter is null
2026-09-09 23:46:55.674 [Thread-28] WARN  FloatLine: Parameter is null
2026-09-09 23:46:55.676 [Thread-28] WARN  FloatLine: Parameter is null
2026-09-09 23:46:55.677 [Thread-28] WARN  FloatLine: Parameter is null
2026-09-09 23:46:55.677 [Thread-28] WARN  FloatLine: Parameter is null
2026-09-09 23:46:55.679 [Thread-28] WARN  FloatLine: Parameter is null
2026-09-09 23:46:55.679 [Thread-28] WARN  FloatLine: Parameter is null
2026-09-09 23:46:55.699 [Thread-28] WARN  FloatLine: Parameter is null
2026-09-09 23:46:56.676 [Thread-28] WARN  FloatLine: Parameter is null
2026-09-09 23:46:56.680 [Thread-28] WARN  FloatLine: Parameter is null
2026-09-09 23:46:56.695 [Thread-28] WARN  FloatLine: Parameter is null
2026-09-09 23:46:56.698 [Thread-28] WARN  FloatLine: Parameter is null
2026-09-09 23:46:56.711 [Thread-28] WARN  FloatLine: Parameter is null
2026-09-09 23:47:35.869 [Thread-28] WARN  FloatLine: Parameter is null
2026-09-09 23:47:35.870 [Thread-28] WARN  FloatLine: Parameter is null
2026-09-09 23:47:35.922 [Thread-28] WARN  FloatLine: Parameter is null
2026-09-09 23:47:35.922 [Thread-28] WARN  FloatLine: Parameter is null
2026-09-09 23:47:35.923 [Thread-28] WARN  FloatLine: Parameter is null
2026-09-09 23:47:35.929 [Thread-28] WARN  FloatLine: Parameter is null
2026-09-09 23:47:35.935 [Thread-28] WARN  FloatLine: Parameter is null
2026-09-09 23:47:35.936 [Thread-28] WARN  FloatLine: Parameter is null
2026-09-09 23:47:35.937 [Thread-28] WARN  FloatLine: Parameter is null
2026-09-09 23:47:35.938 [Thread-28] WARN  FloatLine: Parameter is null
2026-09-09 23:47:35.941 [Thread-28] WARN  FloatLine: Parameter is null
2026-09-09 23:47:35.942 [Thread-28] WARN  FloatLine: Parameter is null
2026-09-09 23:47:35.943 [Thread-28] WARN  FloatLine: Parameter is null
2026-09-09 23:47:35.945 [Thread-28] WARN  FloatLine: Parameter is null
2026-09-09 23:47:35.946 [Thread-28] WARN  FloatLine: Parameter is null
2026-09-09 23:47:35.975 [Thread-28] WARN  FloatLine: Parameter is null
2026-09-09 23:47:37.242 [Thread-28] WARN  FloatLine: Parameter is null
2026-09-09 23:47:37.245 [Thread-28] WARN  FloatLine: Parameter is null
2026-09-09 23:47:37.258 [Thread-28] WARN  FloatLine: Parameter is null
2026-09-09 23:47:37.261 [Thread-28] WARN  FloatLine: Parameter is null
2026-09-09 23:47:37.274 [Thread-28] WARN  FloatLine: Parameter is null
2026-09-09 23:48:13.413 [Thread-28] INFO  Auto-routing was completed in 5 minute(s) 28.84 seconds.
2026-09-09 23:48:13.514 [Thread-28] INFO  Starting route optimization on 1 thread...
2026-09-09 23:48:15.715 [Thread-28] INFO  Route optimization was completed in 2.20 seconds.
2026-09-09 23:48:15.752 [Thread-28] INFO  Saving '/home/david/pcb/autoroute.ses'...
2026-09-10 06:53:53.547 [main] INFO  Freerouting v1.9.0 (build-date: 2023-10-30)
2026-09-10 06:53:53.591 [main] INFO  Settings were loaded from freerouting.json
2026-09-10 06:53:54.610 [main] INFO  Opening '/home/david/pcb/autoroute.dsn'...
2026-09-10 06:53:59.925 [Thread-28] INFO  Starting auto-routing...
2026-09-10 06:54:01.420 [Thread-28] WARN  FloatLine: Parameter is null
2026-09-10 06:54:01.697 [Thread-28] WARN  FloatLine: Parameter is null
2026-09-10 06:54:05.000 [Thread-28] WARN  FloatLine: Parameter is null
2026-09-10 06:54:05.121 [Thread-28] WARN  FloatLine: Parameter is null
2026-09-10 06:54:05.140 [Thread-28] WARN  FloatLine: Parameter is null
2026-09-10 06:54:06.404 [Thread-28] WARN  FloatLine: Parameter is null
2026-09-10 06:54:06.405 [Thread-28] WARN  FloatLine: Parameter is null
2026-09-10 06:54:06.407 [Thread-28] WARN  FloatLine: Parameter is null
2026-09-10 06:54:06.409 [Thread-28] WARN  FloatLine: Parameter is null
2026-09-10 06:54:06.409 [Thread-28] WARN  FloatLine: Parameter is null
2026-09-10 06:54:06.410 [Thread-28] WARN  FloatLine: Parameter is null
2026-09-10 06:54:06.443 [Thread-28] WARN  FloatLine: Parameter is null
2026-09-10 06:54:06.444 [Thread-28] WARN  FloatLine: Parameter is null
2026-09-10 06:54:06.447 [Thread-28] WARN  FloatLine: Parameter is null
2026-09-10 06:54:06.505 [Thread-28] WARN  FloatLine: Parameter is null
2026-09-10 06:54:06.509 [Thread-28] WARN  FloatLine: Parameter is null
2026-09-10 06:54:06.514 [Thread-28] WARN  FloatLine: Parameter is null
2026-09-10 06:54:06.516 [Thread-28] WARN  FloatLine: Parameter is null
2026-09-10 06:54:06.516 [Thread-28] WARN  FloatLine: Parameter is null
2026-09-10 06:54:06.517 [Thread-28] WARN  FloatLine: Parameter is null
2026-09-10 06:54:06.518 [Thread-28] WARN  FloatLine: Parameter is null
2026-09-10 06:54:06.518 [Thread-28] WARN  FloatLine: Parameter is null
2026-09-10 06:54:06.519 [Thread-28] WARN  FloatLine: Parameter is null
2026-09-10 06:54:44.988 [Thread-28] WARN  FloatLine: Parameter is null
2026-09-10 06:54:47.047 [Thread-28] WARN  FloatLine: Parameter is null
2026-09-10 06:54:47.112 [Thread-28] WARN  FloatLine: Parameter is null
2026-09-10 06:54:47.138 [Thread-28] WARN  FloatLine: Parameter is null
2026-09-10 06:54:48.753 [Thread-28] WARN  FloatLine: Parameter is null
2026-09-10 06:54:48.755 [Thread-28] WARN  FloatLine: Parameter is null
2026-09-10 06:54:48.758 [Thread-28] WARN  FloatLine: Parameter is null
2026-09-10 06:54:48.761 [Thread-28] WARN  FloatLine: Parameter is null
2026-09-10 06:54:48.762 [Thread-28] WARN  FloatLine: Parameter is null
2026-09-10 06:54:48.763 [Thread-28] WARN  FloatLine: Parameter is null
2026-09-10 06:54:48.805 [Thread-28] WARN  FloatLine: Parameter is null
2026-09-10 06:54:48.807 [Thread-28] WARN  FloatLine: Parameter is null
2026-09-10 06:54:48.840 [Thread-28] WARN  FloatLine: Parameter is null
2026-09-10 06:54:48.847 [Thread-28] WARN  FloatLine: Parameter is null
2026-09-10 06:54:48.853 [Thread-28] WARN  FloatLine: Parameter is null
2026-09-10 06:54:48.855 [Thread-28] WARN  FloatLine: Parameter is null
2026-09-10 06:54:48.856 [Thread-28] WARN  FloatLine: Parameter is null
2026-09-10 06:54:48.858 [Thread-28] WARN  FloatLine: Parameter is null
2026-09-10 06:54:48.859 [Thread-28] WARN  FloatLine: Parameter is null
2026-09-10 06:54:48.860 [Thread-28] WARN  FloatLine: Parameter is null
2026-09-10 06:54:48.861 [Thread-28] WARN  FloatLine: Parameter is null
2026-09-10 06:55:24.033 [Thread-28] WARN  FloatLine: Parameter is null
2026-09-10 06:55:26.241 [Thread-28] WARN  FloatLine: Parameter is null
2026-09-10 06:55:26.317 [Thread-28] WARN  FloatLine: Parameter is null
2026-09-10 06:55:26.342 [Thread-28] WARN  FloatLine: Parameter is null
2026-09-10 06:55:27.910 [Thread-28] WARN  FloatLine: Parameter is null
2026-09-10 06:55:27.912 [Thread-28] WARN  FloatLine: Parameter is null
2026-09-10 06:55:27.915 [Thread-28] WARN  FloatLine: Parameter is null
2026-09-10 06:55:27.917 [Thread-28] WARN  FloatLine: Parameter is null
2026-09-10 06:55:27.918 [Thread-28] WARN  FloatLine: Parameter is null
2026-09-10 06:55:27.919 [Thread-28] WARN  FloatLine: Parameter is null
2026-09-10 06:55:27.961 [Thread-28] WARN  FloatLine: Parameter is null
2026-09-10 06:55:27.963 [Thread-28] WARN  FloatLine: Parameter is null
2026-09-10 06:55:28.027 [Thread-28] WARN  FloatLine: Parameter is null
2026-09-10 06:55:28.039 [Thread-28] WARN  FloatLine: Parameter is null
2026-09-10 06:55:28.046 [Thread-28] WARN  FloatLine: Parameter is null
2026-09-10 06:55:28.048 [Thread-28] WARN  FloatLine: Parameter is null
2026-09-10 06:55:28.050 [Thread-28] WARN  FloatLine: Parameter is null
2026-09-10 06:55:28.052 [Thread-28] WARN  FloatLine: Parameter is null
2026-09-10 06:55:28.053 [Thread-28] WARN  FloatLine: Parameter is null
2026-09-10 06:55:28.055 [Thread-28] WARN  FloatLine: Parameter is null
2026-09-10 06:55:28.056 [Thread-28] WARN  FloatLine: Parameter is null
2026-09-10 06:56:09.688 [Thread-28] WARN  FloatLine: Parameter is null
2026-09-10 06:56:11.605 [Thread-28] WARN  FloatLine: Parameter is null
2026-09-10 06:56:11.672 [Thread-28] WARN  FloatLine: Parameter is null
2026-09-10 06:56:11.699 [Thread-28] WARN  FloatLine: Parameter is null
2026-09-10 06:56:13.351 [Thread-28] WARN  FloatLine: Parameter is null
2026-09-10 06:56:13.352 [Thread-28] WARN  FloatLine: Parameter is null
2026-09-10 06:56:13.354 [Thread-28] WARN  FloatLine: Parameter is null
2026-09-10 06:56:13.357 [Thread-28] WARN  FloatLine: Parameter is null
2026-09-10 06:56:13.359 [Thread-28] WARN  FloatLine: Parameter is null
2026-09-10 06:56:13.360 [Thread-28] WARN  FloatLine: Parameter is null
2026-09-10 06:56:13.401 [Thread-28] WARN  FloatLine: Parameter is null
2026-09-10 06:56:13.402 [Thread-28] WARN  FloatLine: Parameter is null
2026-09-10 06:56:13.437 [Thread-28] WARN  FloatLine: Parameter is null
2026-09-10 06:56:13.443 [Thread-28] WARN  FloatLine: Parameter is null
2026-09-10 06:56:13.450 [Thread-28] WARN  FloatLine: Parameter is null
2026-09-10 06:56:13.451 [Thread-28] WARN  FloatLine: Parameter is null
2026-09-10 06:56:13.452 [Thread-28] WARN  FloatLine: Parameter is null
2026-09-10 06:56:13.453 [Thread-28] WARN  FloatLine: Parameter is null
2026-09-10 06:56:13.453 [Thread-28] WARN  FloatLine: Parameter is null
2026-09-10 06:56:13.454 [Thread-28] WARN  FloatLine: Parameter is null
2026-09-10 06:56:13.455 [Thread-28] WARN  FloatLine: Parameter is null
2026-09-10 06:56:53.019 [Thread-28] WARN  FloatLine: Parameter is null
2026-09-10 06:56:55.166 [Thread-28] WARN  FloatLine: Parameter is null
2026-09-10 06:56:55.232 [Thread-28] WARN  FloatLine: Parameter is null
2026-09-10 06:56:55.257 [Thread-28] WARN  FloatLine: Parameter is null
2026-09-10 06:56:56.744 [Thread-28] WARN  FloatLine: Parameter is null
2026-09-10 06:56:56.746 [Thread-28] WARN  FloatLine: Parameter is null
2026-09-10 06:56:56.749 [Thread-28] WARN  FloatLine: Parameter is null
2026-09-10 06:56:56.752 [Thread-28] WARN  FloatLine: Parameter is null
2026-09-10 06:56:56.753 [Thread-28] WARN  FloatLine: Parameter is null
2026-09-10 06:56:56.754 [Thread-28] WARN  FloatLine: Parameter is null
2026-09-10 06:56:56.798 [Thread-28] WARN  FloatLine: Parameter is null
2026-09-10 06:56:56.800 [Thread-28] WARN  FloatLine: Parameter is null
2026-09-10 06:56:56.863 [Thread-28] WARN  FloatLine: Parameter is null
2026-09-10 06:56:56.870 [Thread-28] WARN  FloatLine: Parameter is null
2026-09-10 06:56:56.876 [Thread-28] WARN  FloatLine: Parameter is null
2026-09-10 06:56:56.878 [Thread-28] WARN  FloatLine: Parameter is null
2026-09-10 06:56:56.879 [Thread-28] WARN  FloatLine: Parameter is null
2026-09-10 06:56:56.880 [Thread-28] WARN  FloatLine: Parameter is null
2026-09-10 06:56:56.881 [Thread-28] WARN  FloatLine: Parameter is null
2026-09-10 06:56:56.883 [Thread-28] WARN  FloatLine: Parameter is null
2026-09-10 06:56:56.883 [Thread-28] WARN  FloatLine: Parameter is null
2026-09-10 06:57:38.817 [Thread-28] WARN  FloatLine: Parameter is null
2026-09-10 06:57:40.568 [Thread-28] WARN  FloatLine: Parameter is null
2026-09-10 06:57:40.633 [Thread-28] WARN  FloatLine: Parameter is null
2026-09-10 06:57:40.659 [Thread-28] WARN  FloatLine: Parameter is null
2026-09-10 06:57:42.188 [Thread-28] WARN  FloatLine: Parameter is null
2026-09-10 06:57:42.189 [Thread-28] WARN  FloatLine: Parameter is null
2026-09-10 06:57:42.192 [Thread-28] WARN  FloatLine: Parameter is null
2026-09-10 06:57:42.195 [Thread-28] WARN  FloatLine: Parameter is null
2026-09-10 06:57:42.197 [Thread-28] WARN  FloatLine: Parameter is null
2026-09-10 06:57:42.198 [Thread-28] WARN  FloatLine: Parameter is null
2026-09-10 06:57:42.241 [Thread-28] WARN  FloatLine: Parameter is null
2026-09-10 06:57:42.242 [Thread-28] WARN  FloatLine: Parameter is null
2026-09-10 06:57:42.277 [Thread-28] WARN  FloatLine: Parameter is null
2026-09-10 06:57:42.283 [Thread-28] WARN  FloatLine: Parameter is null
2026-09-10 06:57:42.290 [Thread-28] WARN  FloatLine: Parameter is null
2026-09-10 06:57:42.291 [Thread-28] WARN  FloatLine: Parameter is null
2026-09-10 06:57:42.292 [Thread-28] WARN  FloatLine: Parameter is null
2026-09-10 06:57:42.295 [Thread-28] WARN  FloatLine: Parameter is null
2026-09-10 06:57:42.296 [Thread-28] WARN  FloatLine: Parameter is null
2026-09-10 06:57:42.297 [Thread-28] WARN  FloatLine: Parameter is null
2026-09-10 06:57:42.299 [Thread-28] WARN  FloatLine: Parameter is null
2026-09-10 06:58:25.148 [Thread-28] WARN  FloatLine: Parameter is null
2026-09-10 06:58:27.588 [Thread-28] WARN  FloatLine: Parameter is null
2026-09-10 06:58:27.637 [Thread-28] WARN  FloatLine: Parameter is null
2026-09-10 06:58:27.657 [Thread-28] WARN  FloatLine: Parameter is null
2026-09-10 06:58:28.756 [Thread-28] WARN  FloatLine: Parameter is null
2026-09-10 06:58:28.758 [Thread-28] WARN  FloatLine: Parameter is null
2026-09-10 06:58:28.761 [Thread-28] WARN  FloatLine: Parameter is null
2026-09-10 06:58:28.763 [Thread-28] WARN  FloatLine: Parameter is null
2026-09-10 06:58:28.764 [Thread-28] WARN  FloatLine: Parameter is null
2026-09-10 06:58:28.765 [Thread-28] WARN  FloatLine: Parameter is null
2026-09-10 06:58:28.795 [Thread-28] WARN  FloatLine: Parameter is null
2026-09-10 06:58:28.796 [Thread-28] WARN  FloatLine: Parameter is null
2026-09-10 06:58:28.842 [Thread-28] WARN  FloatLine: Parameter is null
2026-09-10 06:58:28.847 [Thread-28] WARN  FloatLine: Parameter is null
2026-09-10 06:58:28.852 [Thread-28] WARN  FloatLine: Parameter is null
2026-09-10 06:58:28.853 [Thread-28] WARN  FloatLine: Parameter is null
2026-09-10 06:58:28.855 [Thread-28] WARN  FloatLine: Parameter is null
2026-09-10 06:58:28.857 [Thread-28] WARN  FloatLine: Parameter is null
2026-09-10 06:58:28.858 [Thread-28] WARN  FloatLine: Parameter is null
2026-09-10 06:58:28.859 [Thread-28] WARN  FloatLine: Parameter is null
2026-09-10 06:58:28.860 [Thread-28] WARN  FloatLine: Parameter is null
2026-09-10 06:59:12.702 [Thread-28] WARN  FloatLine: Parameter is null
2026-09-10 06:59:15.144 [Thread-28] WARN  FloatLine: Parameter is null
2026-09-10 06:59:15.209 [Thread-28] WARN  FloatLine: Parameter is null
2026-09-10 06:59:15.235 [Thread-28] WARN  FloatLine: Parameter is null
2026-09-10 06:59:16.733 [Thread-28] WARN  FloatLine: Parameter is null
2026-09-10 06:59:16.735 [Thread-28] WARN  FloatLine: Parameter is null
2026-09-10 06:59:16.738 [Thread-28] WARN  FloatLine: Parameter is null
2026-09-10 06:59:16.740 [Thread-28] WARN  FloatLine: Parameter is null
2026-09-10 06:59:16.742 [Thread-28] WARN  FloatLine: Parameter is null
2026-09-10 06:59:16.743 [Thread-28] WARN  FloatLine: Parameter is null
2026-09-10 06:59:16.786 [Thread-28] WARN  FloatLine: Parameter is null
2026-09-10 06:59:16.787 [Thread-28] WARN  FloatLine: Parameter is null
2026-09-10 06:59:16.822 [Thread-28] WARN  FloatLine: Parameter is null
2026-09-10 06:59:16.828 [Thread-28] WARN  FloatLine: Parameter is null
2026-09-10 06:59:16.835 [Thread-28] WARN  FloatLine: Parameter is null
2026-09-10 06:59:16.837 [Thread-28] WARN  FloatLine: Parameter is null
2026-09-10 06:59:16.838 [Thread-28] WARN  FloatLine: Parameter is null
2026-09-10 06:59:16.839 [Thread-28] WARN  FloatLine: Parameter is null
2026-09-10 06:59:16.840 [Thread-28] WARN  FloatLine: Parameter is null
2026-09-10 06:59:16.841 [Thread-28] WARN  FloatLine: Parameter is null
2026-09-10 06:59:16.842 [Thread-28] WARN  FloatLine: Parameter is null
2026-09-10 06:59:57.963 [Thread-28] INFO  Auto-routing was completed in 5 minute(s) 58.04 seconds.
2026-09-10 06:59:58.065 [Thread-28] INFO  Starting route optimization on 1 thread...
2026-09-10 07:00:00.232 [Thread-28] INFO  Route optimization was completed in 2.17 seconds and it improved the design by ~0.00%.
2026-09-10 07:00:00.299 [Thread-28] INFO  Saving '/home/david/pcb/autoroute.ses'...
2026-09-10 08:15:08.716 [main] INFO  Freerouting v1.9.0 (build-date: 2023-10-30)
2026-09-10 08:15:08.758 [main] INFO  Settings were loaded from freerouting.json
2026-09-10 08:15:09.779 [main] INFO  Opening '/home/david/pcb/autoroute.dsn'...
2026-09-10 08:15:10.445 [ForkJoinPool.commonPool-worker-1] INFO  New version available: v2.4.1
2026-09-10 08:15:33.459 [Thread-29] INFO  Starting auto-routing...
2026-09-10 08:15:35.303 [Thread-29] WARN  FloatLine: Parameter is null
2026-09-10 08:15:35.690 [Thread-29] WARN  FloatLine: Parameter is null
2026-09-11 02:46:49.743 [main] INFO  Freerouting v1.9.0 (build-date: 2023-10-30)
2026-09-11 02:46:50.840 [main] INFO  Opening '/home/david/pcb/autoroute.dsn'...
2026-09-11 02:46:51.441 [ForkJoinPool.commonPool-worker-1] INFO  New version available: v2.4.1
2026-09-11 02:46:52.365 [main] WARN  Multiple vias skipped at (317500, -597500)
2026-09-11 02:46:52.369 [main] WARN  Multiple vias skipped at (518500, -490500)
2026-09-11 02:46:52.422 [main] WARN  Multiple vias skipped at (265500, -223500)
2026-09-11 02:46:52.424 [main] WARN  Multiple vias skipped at (235500, -253500)
2026-09-11 02:46:52.425 [main] WARN  Multiple vias skipped at (235500, -253500)
2026-09-11 02:46:52.425 [main] WARN  Multiple vias skipped at (235500, -253500)
2026-09-11 02:46:52.426 [main] WARN  Multiple vias skipped at (265500, -223500)
2026-09-11 02:46:52.427 [main] WARN  Multiple vias skipped at (265500, -223500)
2026-09-11 02:46:52.428 [main] WARN  Multiple vias skipped at (235500, -253500)
2026-09-11 02:46:52.429 [main] WARN  Multiple vias skipped at (235500, -253500)
2026-09-11 02:46:52.430 [main] WARN  Multiple vias skipped at (265500, -223500)
2026-09-11 02:46:52.431 [main] WARN  Multiple vias skipped at (235500, -253500)
2026-09-11 02:46:52.431 [main] WARN  Multiple vias skipped at (265500, -223500)
2026-09-11 02:46:52.432 [main] WARN  Multiple vias skipped at (265500, -223500)
2026-09-11 02:46:52.433 [main] WARN  Multiple vias skipped at (235500, -253500)
2026-09-11 02:46:52.433 [main] WARN  Multiple vias skipped at (235500, -253500)
2026-09-11 02:46:52.434 [main] WARN  Multiple vias skipped at (265500, -223500)
2026-09-11 02:46:52.434 [main] WARN  Multiple vias skipped at (265500, -223500)
2026-09-11 02:46:52.435 [main] WARN  Multiple vias skipped at (235500, -253500)
2026-09-11 02:46:52.436 [main] WARN  Multiple vias skipped at (235500, -253500)
2026-09-11 02:46:52.436 [main] WARN  Multiple vias skipped at (265500, -223500)
2026-09-11 02:46:52.437 [main] WARN  Multiple vias skipped at (235500, -253500)
2026-09-11 02:46:52.438 [main] WARN  Multiple vias skipped at (265500, -223500)
2026-09-11 02:46:52.438 [main] WARN  Multiple vias skipped at (265500, -223500)
2026-09-11 02:46:52.473 [main] WARN  Multiple vias skipped at (245500, -78500)
2026-09-11 02:46:52.474 [main] WARN  Multiple vias skipped at (269500, -49500)
2026-09-11 02:46:52.475 [main] WARN  Multiple vias skipped at (267500, -32500)
2026-09-11 02:46:52.475 [main] WARN  Multiple vias skipped at (269500, -49500)
2026-09-11 02:46:52.478 [main] WARN  Multiple vias skipped at (590500, -490500)
2026-09-11 02:46:52.479 [main] WARN  Multiple vias skipped at (569500, -490500)
2026-09-11 03:00:19.256 [Thread-30] INFO  Starting auto-routing...
2026-09-11 03:00:19.741 [Thread-30] WARN  FloatLine: Parameter is null
2026-09-11 03:00:22.269 [Thread-30] WARN  FloatLine: Parameter is null
2026-09-11 03:00:22.270 [Thread-30] WARN  FloatLine: Parameter is null
2026-09-11 03:00:22.274 [Thread-30] WARN  FloatLine: Parameter is null
2026-09-11 03:00:24.161 [Thread-30] WARN  FloatLine: Parameter is null
2026-09-11 03:00:24.162 [Thread-30] WARN  FloatLine: Parameter is null
2026-09-11 03:00:24.164 [Thread-30] WARN  FloatLine: Parameter is null
2026-09-11 03:00:24.168 [Thread-30] WARN  FloatLine: Parameter is null
2026-09-11 03:00:24.172 [Thread-30] WARN  FloatLine: Parameter is null
2026-09-11 03:00:26.046 [Thread-30] WARN  FloatLine: Parameter is null
2026-09-11 03:00:27.766 [Thread-30] WARN  FloatLine: Parameter is null
2026-09-11 03:00:27.767 [Thread-30] WARN  FloatLine: Parameter is null
2026-09-11 03:00:27.771 [Thread-30] WARN  FloatLine: Parameter is null
2026-09-11 03:00:27.772 [Thread-30] WARN  FloatLine: Parameter is null
2026-09-11 03:00:27.773 [Thread-30] WARN  FloatLine: Parameter is null
2026-09-11 03:00:27.775 [Thread-30] WARN  FloatLine: Parameter is null
2026-09-11 03:00:27.780 [Thread-30] WARN  FloatLine: Parameter is null
2026-09-11 03:00:29.466 [Thread-30] WARN  FloatLine: Parameter is null
2026-09-11 03:00:29.468 [Thread-30] WARN  FloatLine: Parameter is null
2026-09-11 03:00:29.471 [Thread-30] WARN  FloatLine: Parameter is null
2026-09-11 03:00:29.573 [Thread-30] WARN  FloatLine: Parameter is null
2026-09-11 03:00:29.650 [Thread-30] WARN  FloatLine: Parameter is null
2026-09-11 03:00:29.651 [Thread-30] WARN  FloatLine: Parameter is null
2026-09-11 03:00:31.435 [Thread-30] WARN  FloatLine: Parameter is null
2026-09-11 03:00:31.475 [Thread-30] WARN  FloatLine: Parameter is null
2026-09-11 03:00:31.477 [Thread-30] WARN  FloatLine: Parameter is null
2026-09-11 03:00:31.477 [Thread-30] WARN  FloatLine: Parameter is null
2026-09-11 03:00:33.785 [Thread-30] WARN  FloatLine: Parameter is null
2026-09-11 03:00:33.790 [Thread-30] WARN  FloatLine: Parameter is null
2026-09-11 03:00:35.679 [Thread-30] WARN  FloatLine: Parameter is null
2026-09-11 03:00:37.587 [Thread-30] WARN  FloatLine: Parameter is null
2026-09-11 03:00:37.590 [Thread-30] WARN  FloatLine: Parameter is null
2026-09-11 03:00:37.601 [Thread-30] WARN  FloatLine: Parameter is null
2026-09-11 03:00:37.602 [Thread-30] WARN  FloatLine: Parameter is null
2026-09-11 03:00:37.606 [Thread-30] WARN  FloatLine: Parameter is null
2026-09-11 03:00:37.615 [Thread-30] WARN  FloatLine: Parameter is null
2026-09-11 03:00:37.621 [Thread-30] WARN  FloatLine: Parameter is null
2026-09-11 03:00:37.629 [Thread-30] WARN  FloatLine: Parameter is null
2026-09-11 03:00:37.644 [Thread-30] WARN  FloatLine: Parameter is null
2026-09-11 03:00:37.656 [Thread-30] WARN  FloatLine: Parameter is null
2026-09-11 03:00:37.668 [Thread-30] WARN  FloatLine: Parameter is null
2026-09-11 03:00:37.681 [Thread-30] WARN  FloatLine: Parameter is null
2026-09-11 03:00:37.684 [Thread-30] WARN  FloatLine: Parameter is null
2026-09-11 03:00:37.685 [Thread-30] WARN  FloatLine: Parameter is null
2026-09-11 03:02:57.631 [Thread-30] WARN  FloatLine: Parameter is null
2026-09-11 03:02:57.632 [Thread-30] WARN  FloatLine: Parameter is null
2026-09-11 03:02:59.595 [Thread-30] WARN  FloatLine: Parameter is null
2026-09-11 03:02:59.596 [Thread-30] WARN  FloatLine: Parameter is null
2026-09-11 03:02:59.598 [Thread-30] WARN  FloatLine: Parameter is null
2026-09-11 03:02:59.619 [Thread-30] WARN  FloatLine: Parameter is null
2026-09-11 03:02:59.639 [Thread-30] WARN  FloatLine: Parameter is null
2026-09-11 03:02:59.640 [Thread-30] WARN  FloatLine: Parameter is null
2026-09-11 03:02:59.641 [Thread-30] WARN  FloatLine: Parameter is null
2026-09-11 03:02:59.642 [Thread-30] WARN  FloatLine: Parameter is null
2026-09-11 03:02:59.644 [Thread-30] WARN  FloatLine: Parameter is null
2026-09-11 03:03:01.590 [Thread-30] WARN  FloatLine: Parameter is null
2026-09-11 03:03:01.593 [Thread-30] WARN  FloatLine: Parameter is null
2026-09-11 03:03:01.594 [Thread-30] WARN  FloatLine: Parameter is null
2026-09-11 03:03:01.595 [Thread-30] WARN  FloatLine: Parameter is null
2026-09-11 03:03:03.690 [Thread-30] WARN  FloatLine: Parameter is null
2026-09-11 03:03:03.733 [Thread-30] WARN  FloatLine: Parameter is null
2026-09-11 03:03:03.735 [Thread-30] WARN  FloatLine: Parameter is null
2026-09-11 03:03:05.772 [Thread-30] WARN  FloatLine: Parameter is null
2026-09-11 03:03:07.917 [Thread-30] WARN  FloatLine: Parameter is null
2026-09-11 03:03:09.861 [Thread-30] WARN  FloatLine: Parameter is null
2026-09-11 03:03:09.864 [Thread-30] WARN  FloatLine: Parameter is null
2026-09-11 03:03:09.866 [Thread-30] WARN  FloatLine: Parameter is null
2026-09-11 03:03:09.869 [Thread-30] WARN  FloatLine: Parameter is null
2026-09-11 03:03:09.873 [Thread-30] WARN  FloatLine: Parameter is null
2026-09-11 03:03:09.875 [Thread-30] WARN  FloatLine: Parameter is null
2026-09-11 03:03:09.877 [Thread-30] WARN  FloatLine: Parameter is null
2026-09-11 03:05:11.317 [Thread-30] WARN  FloatLine: Parameter is null
2026-09-11 03:05:11.318 [Thread-30] WARN  FloatLine: Parameter is null
2026-09-11 03:05:13.447 [Thread-30] WARN  FloatLine: Parameter is null
2026-09-11 03:05:13.449 [Thread-30] WARN  FloatLine: Parameter is null
2026-09-11 03:05:13.450 [Thread-30] WARN  FloatLine: Parameter is null
2026-09-11 03:05:15.577 [Thread-30] WARN  FloatLine: Parameter is null
2026-09-11 03:05:17.706 [Thread-30] WARN  FloatLine: Parameter is null
2026-09-11 03:05:17.707 [Thread-30] WARN  FloatLine: Parameter is null
2026-09-11 03:05:17.708 [Thread-30] WARN  FloatLine: Parameter is null
2026-09-11 03:05:17.709 [Thread-30] WARN  FloatLine: Parameter is null
2026-09-11 03:05:17.710 [Thread-30] WARN  FloatLine: Parameter is null
2026-09-11 03:05:19.760 [Thread-30] WARN  FloatLine: Parameter is null
2026-09-11 03:05:19.762 [Thread-30] WARN  FloatLine: Parameter is null
2026-09-11 03:05:19.763 [Thread-30] WARN  FloatLine: Parameter is null
2026-09-11 03:05:19.764 [Thread-30] WARN  FloatLine: Parameter is null
2026-09-11 03:05:21.876 [Thread-30] WARN  FloatLine: Parameter is null
2026-09-11 03:05:21.917 [Thread-30] WARN  FloatLine: Parameter is null
2026-09-11 03:05:21.918 [Thread-30] WARN  FloatLine: Parameter is null
2026-09-11 03:05:24.091 [Thread-30] WARN  FloatLine: Parameter is null
2026-09-11 03:05:26.385 [Thread-30] WARN  FloatLine: Parameter is null
2026-09-11 03:05:28.591 [Thread-30] WARN  FloatLine: Parameter is null
2026-09-11 03:05:28.594 [Thread-30] WARN  FloatLine: Parameter is null
2026-09-11 03:05:28.596 [Thread-30] WARN  FloatLine: Parameter is null
2026-09-11 03:05:28.599 [Thread-30] WARN  FloatLine: Parameter is null
2026-09-11 03:05:28.601 [Thread-30] WARN  FloatLine: Parameter is null
2026-09-11 03:05:28.604 [Thread-30] WARN  FloatLine: Parameter is null
2026-09-11 03:05:28.605 [Thread-30] WARN  FloatLine: Parameter is null
2026-09-11 03:07:39.260 [Thread-30] WARN  FloatLine: Parameter is null
2026-09-11 03:07:39.261 [Thread-30] WARN  FloatLine: Parameter is null
2026-09-11 03:07:41.307 [Thread-30] WARN  FloatLine: Parameter is null
2026-09-11 03:07:41.308 [Thread-30] WARN  FloatLine: Parameter is null
2026-09-11 03:07:41.309 [Thread-30] WARN  FloatLine: Parameter is null
2026-09-11 03:07:43.409 [Thread-30] WARN  FloatLine: Parameter is null
2026-09-11 03:07:45.475 [Thread-30] WARN  FloatLine: Parameter is null
2026-09-11 03:07:45.476 [Thread-30] WARN  FloatLine: Parameter is null
2026-09-11 03:07:45.477 [Thread-30] WARN  FloatLine: Parameter is null
2026-09-11 03:07:45.479 [Thread-30] WARN  FloatLine: Parameter is null
2026-09-11 03:07:45.480 [Thread-30] WARN  FloatLine: Parameter is null
2026-09-11 03:07:47.466 [Thread-30] WARN  FloatLine: Parameter is null
2026-09-11 03:07:47.469 [Thread-30] WARN  FloatLine: Parameter is null
2026-09-11 03:07:47.470 [Thread-30] WARN  FloatLine: Parameter is null
2026-09-11 03:07:47.472 [Thread-30] WARN  FloatLine: Parameter is null
2026-09-11 03:07:49.487 [Thread-30] WARN  FloatLine: Parameter is null
2026-09-11 03:07:49.525 [Thread-30] WARN  FloatLine: Parameter is null
2026-09-11 03:07:49.526 [Thread-30] WARN  FloatLine: Parameter is null
2026-09-11 03:07:51.542 [Thread-30] WARN  FloatLine: Parameter is null
2026-09-11 03:07:53.584 [Thread-30] WARN  FloatLine: Parameter is null
2026-09-11 03:07:55.605 [Thread-30] WARN  FloatLine: Parameter is null
2026-09-11 03:07:55.608 [Thread-30] WARN  FloatLine: Parameter is null
2026-09-11 03:07:55.609 [Thread-30] WARN  FloatLine: Parameter is null
2026-09-11 03:07:55.613 [Thread-30] WARN  FloatLine: Parameter is null
2026-09-11 03:07:55.616 [Thread-30] WARN  FloatLine: Parameter is null
2026-09-11 03:07:55.618 [Thread-30] WARN  FloatLine: Parameter is null
2026-09-11 03:07:55.619 [Thread-30] WARN  FloatLine: Parameter is null
2026-09-11 03:10:07.606 [Thread-30] WARN  FloatLine: Parameter is null
2026-09-11 03:10:07.607 [Thread-30] WARN  FloatLine: Parameter is null
2026-09-11 03:10:09.782 [Thread-30] WARN  FloatLine: Parameter is null
2026-09-11 03:10:09.783 [Thread-30] WARN  FloatLine: Parameter is null
2026-09-11 03:10:09.784 [Thread-30] WARN  FloatLine: Parameter is null
2026-09-11 03:10:11.881 [Thread-30] WARN  FloatLine: Parameter is null
2026-09-11 03:10:14.012 [Thread-30] WARN  FloatLine: Parameter is null
2026-09-11 03:10:14.013 [Thread-30] WARN  FloatLine: Parameter is null
2026-09-11 03:10:14.013 [Thread-30] WARN  FloatLine: Parameter is null
2026-09-11 03:10:14.014 [Thread-30] WARN  FloatLine: Parameter is null
2026-09-11 03:10:14.015 [Thread-30] WARN  FloatLine: Parameter is null
2026-09-11 03:10:16.086 [Thread-30] WARN  FloatLine: Parameter is null
2026-09-11 03:10:16.089 [Thread-30] WARN  FloatLine: Parameter is null
2026-09-11 03:10:16.090 [Thread-30] WARN  FloatLine: Parameter is null
2026-09-11 03:10:16.091 [Thread-30] WARN  FloatLine: Parameter is null
2026-09-11 03:10:18.191 [Thread-30] WARN  FloatLine: Parameter is null
2026-09-11 03:10:18.232 [Thread-30] WARN  FloatLine: Parameter is null
2026-09-11 03:10:18.233 [Thread-30] WARN  FloatLine: Parameter is null
2026-09-11 03:10:20.343 [Thread-30] WARN  FloatLine: Parameter is null
2026-09-11 03:10:22.513 [Thread-30] WARN  FloatLine: Parameter is null
2026-09-11 03:10:24.673 [Thread-30] WARN  FloatLine: Parameter is null
2026-09-11 03:10:24.675 [Thread-30] WARN  FloatLine: Parameter is null
2026-09-11 03:10:24.676 [Thread-30] WARN  FloatLine: Parameter is null
2026-09-11 03:10:24.679 [Thread-30] WARN  FloatLine: Parameter is null
2026-09-11 03:10:24.682 [Thread-30] WARN  FloatLine: Parameter is null
2026-09-11 03:10:24.684 [Thread-30] WARN  FloatLine: Parameter is null
2026-09-11 03:10:24.684 [Thread-30] WARN  FloatLine: Parameter is null
2026-09-11 03:12:38.321 [Thread-30] WARN  FloatLine: Parameter is null
2026-09-11 03:12:38.321 [Thread-30] WARN  FloatLine: Parameter is null
2026-09-11 03:12:40.418 [Thread-30] WARN  FloatLine: Parameter is null
2026-09-11 03:12:40.419 [Thread-30] WARN  FloatLine: Parameter is null
2026-09-11 03:12:40.420 [Thread-30] WARN  FloatLine: Parameter is null
2026-09-11 03:12:42.522 [Thread-30] WARN  FloatLine: Parameter is null
2026-09-11 03:12:44.664 [Thread-30] WARN  FloatLine: Parameter is null
2026-09-11 03:12:44.664 [Thread-30] WARN  FloatLine: Parameter is null
2026-09-11 03:12:44.665 [Thread-30] WARN  FloatLine: Parameter is null
2026-09-11 03:12:44.666 [Thread-30] WARN  FloatLine: Parameter is null
2026-09-11 03:12:44.668 [Thread-30] WARN  FloatLine: Parameter is null
2026-09-11 03:12:46.708 [Thread-30] WARN  FloatLine: Parameter is null
2026-09-11 03:12:46.710 [Thread-30] WARN  FloatLine: Parameter is null
2026-09-11 03:12:46.711 [Thread-30] WARN  FloatLine: Parameter is null
2026-09-11 03:12:46.712 [Thread-30] WARN  FloatLine: Parameter is null
2026-09-11 03:12:48.843 [Thread-30] WARN  FloatLine: Parameter is null
2026-09-11 03:12:48.883 [Thread-30] WARN  FloatLine: Parameter is null
2026-09-11 03:12:48.884 [Thread-30] WARN  FloatLine: Parameter is null
2026-09-11 03:12:51.007 [Thread-30] WARN  FloatLine: Parameter is null
2026-09-11 03:12:53.162 [Thread-30] WARN  FloatLine: Parameter is null
2026-09-11 03:12:55.252 [Thread-30] WARN  FloatLine: Parameter is null
2026-09-11 03:12:55.255 [Thread-30] WARN  FloatLine: Parameter is null
2026-09-11 03:12:55.256 [Thread-30] WARN  FloatLine: Parameter is null
2026-09-11 03:12:55.259 [Thread-30] WARN  FloatLine: Parameter is null
2026-09-11 03:12:55.262 [Thread-30] WARN  FloatLine: Parameter is null
2026-09-11 03:12:55.263 [Thread-30] WARN  FloatLine: Parameter is null
2026-09-11 03:12:55.264 [Thread-30] WARN  FloatLine: Parameter is null
2026-09-11 03:15:18.757 [Thread-30] WARN  FloatLine: Parameter is null
2026-09-11 03:15:18.758 [Thread-30] WARN  FloatLine: Parameter is null
2026-09-11 03:15:20.937 [Thread-30] WARN  FloatLine: Parameter is null
2026-09-11 03:15:20.938 [Thread-30] WARN  FloatLine: Parameter is null
2026-09-11 03:15:20.939 [Thread-30] WARN  FloatLine: Parameter is null
2026-09-11 03:15:20.961 [Thread-30] WARN  FloatLine: Parameter is null
2026-09-11 03:15:20.982 [Thread-30] WARN  FloatLine: Parameter is null
2026-09-11 03:15:20.984 [Thread-30] WARN  FloatLine: Parameter is null
2026-09-11 03:15:20.984 [Thread-30] WARN  FloatLine: Parameter is null
2026-09-11 03:15:20.985 [Thread-30] WARN  FloatLine: Parameter is null
2026-09-11 03:15:20.986 [Thread-30] WARN  FloatLine: Parameter is null
2026-09-11 03:15:23.102 [Thread-30] WARN  FloatLine: Parameter is null
2026-09-11 03:15:23.104 [Thread-30] WARN  FloatLine: Parameter is null
2026-09-11 03:15:23.105 [Thread-30] WARN  FloatLine: Parameter is null
2026-09-11 03:15:23.106 [Thread-30] WARN  FloatLine: Parameter is null
2026-09-11 03:15:25.186 [Thread-30] WARN  FloatLine: Parameter is null
2026-09-11 03:15:25.226 [Thread-30] WARN  FloatLine: Parameter is null
2026-09-11 03:15:25.227 [Thread-30] WARN  FloatLine: Parameter is null
2026-09-11 03:15:27.418 [Thread-30] WARN  FloatLine: Parameter is null
2026-09-11 03:15:29.663 [Thread-30] WARN  FloatLine: Parameter is null
2026-09-11 03:15:31.867 [Thread-30] WARN  FloatLine: Parameter is null
2026-09-11 03:15:31.870 [Thread-30] WARN  FloatLine: Parameter is null
2026-09-11 03:15:31.871 [Thread-30] WARN  FloatLine: Parameter is null
2026-09-11 03:15:31.874 [Thread-30] WARN  FloatLine: Parameter is null
2026-09-11 03:15:31.877 [Thread-30] WARN  FloatLine: Parameter is null
2026-09-11 03:15:31.878 [Thread-30] WARN  FloatLine: Parameter is null
2026-09-11 03:15:31.879 [Thread-30] WARN  FloatLine: Parameter is null
2026-09-11 03:17:42.633 [Thread-30] WARN  FloatLine: Parameter is null
2026-09-11 03:17:42.634 [Thread-30] WARN  FloatLine: Parameter is null
2026-09-11 03:17:44.924 [Thread-30] WARN  FloatLine: Parameter is null
2026-09-11 03:17:44.926 [Thread-30] WARN  FloatLine: Parameter is null
2026-09-11 03:17:44.927 [Thread-30] WARN  FloatLine: Parameter is null
2026-09-11 03:17:47.297 [Thread-30] WARN  FloatLine: Parameter is null
2026-09-11 03:17:49.641 [Thread-30] WARN  FloatLine: Parameter is null
2026-09-11 03:17:49.642 [Thread-30] WARN  FloatLine: Parameter is null
2026-09-11 03:17:49.643 [Thread-30] WARN  FloatLine: Parameter is null
2026-09-11 03:17:49.644 [Thread-30] WARN  FloatLine: Parameter is null
2026-09-11 03:17:49.645 [Thread-30] WARN  FloatLine: Parameter is null
2026-09-11 03:17:52.033 [Thread-30] WARN  FloatLine: Parameter is null
2026-09-11 03:17:52.036 [Thread-30] WARN  FloatLine: Parameter is null
2026-09-11 03:17:52.037 [Thread-30] WARN  FloatLine: Parameter is null
2026-09-11 03:17:52.037 [Thread-30] WARN  FloatLine: Parameter is null
2026-09-11 03:17:54.306 [Thread-30] WARN  FloatLine: Parameter is null
2026-09-11 03:17:54.346 [Thread-30] WARN  FloatLine: Parameter is null
2026-09-11 03:17:54.347 [Thread-30] WARN  FloatLine: Parameter is null
2026-09-11 03:17:56.604 [Thread-30] WARN  FloatLine: Parameter is null
2026-09-11 03:17:58.898 [Thread-30] WARN  FloatLine: Parameter is null
2026-09-11 03:18:01.172 [Thread-30] WARN  FloatLine: Parameter is null
2026-09-11 03:18:01.175 [Thread-30] WARN  FloatLine: Parameter is null
2026-09-11 03:18:01.176 [Thread-30] WARN  FloatLine: Parameter is null
2026-09-11 03:18:01.179 [Thread-30] WARN  FloatLine: Parameter is null
2026-09-11 03:18:01.182 [Thread-30] WARN  FloatLine: Parameter is null
2026-09-11 03:18:01.184 [Thread-30] WARN  FloatLine: Parameter is null
2026-09-11 03:18:01.185 [Thread-30] WARN  FloatLine: Parameter is null
2026-09-11 03:20:11.236 [Thread-30] INFO  Auto-routing was completed in 19 minute(s) 51.98 seconds.
2026-09-11 03:20:11.338 [Thread-30] INFO  Starting route optimization on 1 thread...
2026-09-11 03:20:38.349 [Thread-30] INFO  Route optimization was completed in 27.01 seconds and it improved the design by ~0.00%.
2026-09-11 03:20:38.425 [Thread-30] INFO  Saving '/home/david/pcb/autoroute.ses'...
2026-09-11 04:59:14.240 [main] INFO  Freerouting v1.9.0 (build-date: 2023-10-30)
2026-09-11 04:59:14.292 [main] INFO  Settings were loaded from freerouting.json
2026-09-11 04:59:15.309 [main] INFO  Opening '/home/david/pcb/autoroute.dsn'...
2026-09-11 04:59:15.851 [ForkJoinPool.commonPool-worker-1] INFO  New version available: v2.4.1
2026-09-11 04:59:38.680 [Thread-28] INFO  Starting auto-routing...
2026-09-11 04:59:39.336 [Thread-28] WARN  FloatLine: Parameter is null
2026-09-11 04:59:39.366 [Thread-28] WARN  FloatLine: Parameter is null
2026-09-11 04:59:43.292 [Thread-28] WARN  FloatLine: Parameter is null
2026-09-11 04:59:43.296 [Thread-28] WARN  FloatLine: Parameter is null
2026-09-11 04:59:45.109 [Thread-28] WARN  FloatLine: Parameter is null
2026-09-11 04:59:48.634 [Thread-28] WARN  FloatLine: Parameter is null
2026-09-11 04:59:50.425 [Thread-28] WARN  FloatLine: Parameter is null
2026-09-11 04:59:50.426 [Thread-28] WARN  FloatLine: Parameter is null
2026-09-11 04:59:50.428 [Thread-28] WARN  FloatLine: Parameter is null
2026-09-11 04:59:50.432 [Thread-28] WARN  FloatLine: Parameter is null
2026-09-11 04:59:50.437 [Thread-28] WARN  FloatLine: Parameter is null
2026-09-11 04:59:50.438 [Thread-28] WARN  FloatLine: Parameter is null
2026-09-11 04:59:50.438 [Thread-28] WARN  FloatLine: Parameter is null
2026-09-11 04:59:52.138 [Thread-28] WARN  FloatLine: Parameter is null
2026-09-11 04:59:53.758 [Thread-28] WARN  FloatLine: Parameter is null
2026-09-11 04:59:55.486 [Thread-28] WARN  FloatLine: Parameter is null
2026-09-11 04:59:55.488 [Thread-28] WARN  FloatLine: Parameter is null
2026-09-11 04:59:55.489 [Thread-28] WARN  FloatLine: Parameter is null
2026-09-11 04:59:55.493 [Thread-28] WARN  FloatLine: Parameter is null
2026-09-11 04:59:55.497 [Thread-28] WARN  FloatLine: Parameter is null
2026-09-11 04:59:57.239 [Thread-28] WARN  FloatLine: Parameter is null
2026-09-11 04:59:57.271 [Thread-28] WARN  FloatLine: Parameter is null
2026-09-11 04:59:57.301 [Thread-28] WARN  FloatLine: Parameter is null
2026-09-11 04:59:57.303 [Thread-28] WARN  FloatLine: Parameter is null
2026-09-11 04:59:57.304 [Thread-28] WARN  FloatLine: Parameter is null
2026-09-11 04:59:57.306 [Thread-28] WARN  FloatLine: Parameter is null
2026-09-11 04:59:57.307 [Thread-28] WARN  FloatLine: Parameter is null
2026-09-11 04:59:57.308 [Thread-28] WARN  FloatLine: Parameter is null
2026-09-11 04:59:57.309 [Thread-28] WARN  FloatLine: Parameter is null
2026-09-15 20:07:01.724 [main] INFO  Freerouting v1.9.0 (build-date: 2023-10-30)
2026-09-15 20:07:01.791 [main] INFO  Settings were loaded from freerouting.json
2026-09-15 20:07:02.814 [main] INFO  Opening '/home/david/pcb/.claude/worktrees/route-finish/autoroute.dsn'...
2026-09-15 20:07:03.482 [ForkJoinPool.commonPool-worker-1] INFO  New version available: v2.4.1
2026-09-15 20:07:04.403 [main] WARN  Multiple vias skipped at (213500, -324500)
2026-09-15 20:07:04.405 [main] WARN  Multiple vias skipped at (266500, -383500)
2026-09-15 20:07:04.407 [main] WARN  Multiple vias skipped at (334500, -293500)
2026-09-15 20:07:04.408 [main] WARN  Multiple vias skipped at (334500, -293500)
2026-09-15 20:07:04.419 [main] WARN  Multiple vias skipped at (427500, -490500)
2026-09-15 20:07:04.421 [main] WARN  Multiple vias skipped at (427500, -490500)
2026-09-15 20:07:04.422 [main] WARN  Multiple vias skipped at (246500, -262500)
2026-09-15 20:07:04.424 [main] WARN  Multiple vias skipped at (427500, -490500)
2026-09-15 20:07:04.427 [main] WARN  Multiple vias skipped at (281500, -530500)
2026-09-15 20:07:04.428 [main] WARN  Multiple vias skipped at (403500, -262500)
2026-09-15 20:07:04.430 [main] WARN  Multiple vias skipped at (427500, -490500)
2026-09-15 20:07:04.431 [main] WARN  Multiple vias skipped at (246500, -262500)
2026-09-15 20:07:04.435 [main] WARN  Multiple vias skipped at (345500, -262500)
2026-09-15 20:07:04.439 [main] WARN  Multiple vias skipped at (233500, -262500)
2026-09-15 20:07:04.440 [main] WARN  Multiple vias skipped at (427500, -490500)
2026-09-15 20:07:04.445 [main] WARN  Multiple vias skipped at (474500, -427500)
2026-09-15 20:07:04.450 [main] WARN  Multiple vias skipped at (710500, -241500)
2026-09-15 20:07:04.451 [main] WARN  Multiple vias skipped at (634500, -126500)
2026-09-15 20:07:04.453 [main] WARN  Multiple vias skipped at (437500, -429500)
2026-09-15 20:07:04.454 [main] WARN  Multiple vias skipped at (419500, -437500)
2026-09-15 20:07:04.455 [main] WARN  Multiple vias skipped at (671500, -168500)
2026-09-15 20:07:04.457 [main] WARN  Multiple vias skipped at (474500, -427500)
2026-09-15 20:07:04.458 [main] WARN  Multiple vias skipped at (419500, -437500)
2026-09-15 20:07:04.459 [main] WARN  Multiple vias skipped at (437500, -429500)
2026-09-15 20:07:04.462 [main] WARN  Multiple vias skipped at (625500, -93500)
2026-09-15 20:07:04.471 [main] WARN  Multiple vias skipped at (417500, -56500)
2026-09-15 20:07:04.473 [main] WARN  Multiple vias skipped at (324500, -61500)
2026-09-15 20:07:04.475 [main] WARN  Multiple vias skipped at (275500, -576500)
2026-09-15 20:07:04.476 [main] WARN  Multiple vias skipped at (417500, -56500)
2026-09-15 20:07:04.478 [main] WARN  Multiple vias skipped at (275500, -576500)
2026-09-15 20:07:04.480 [main] WARN  Multiple vias skipped at (324500, -61500)
2026-09-15 20:07:04.482 [main] WARN  Multiple vias skipped at (340500, -39500)
2026-09-15 20:07:04.483 [main] WARN  Multiple vias skipped at (340500, -39500)
2026-09-15 20:07:25.832 [Thread-30] INFO  Starting auto-routing...
2026-09-15 20:07:26.377 [Thread-30] WARN  FloatLine: Parameter is null
2026-09-15 20:07:27.184 [Thread-30] WARN  FloatLine: Parameter is null
2026-09-15 20:07:28.386 [Thread-30] WARN  FloatLine: Parameter is null
2026-09-15 20:07:28.388 [Thread-30] WARN  FloatLine: Parameter is null
2026-09-15 20:07:28.393 [Thread-30] WARN  FloatLine: Parameter is null
2026-09-15 20:07:28.401 [Thread-30] WARN  FloatLine: Parameter is null
2026-09-15 20:07:28.463 [Thread-30] WARN  FloatLine: Parameter is null
2026-09-15 20:07:28.466 [Thread-30] WARN  FloatLine: Parameter is null
2026-09-15 20:07:28.469 [Thread-30] WARN  FloatLine: Parameter is null
2026-09-15 20:07:28.476 [Thread-30] WARN  FloatLine: Parameter is null
2026-09-15 20:07:28.494 [Thread-30] WARN  FloatLine: Parameter is null
2026-09-15 20:07:28.502 [Thread-30] WARN  FloatLine: Parameter is null
2026-09-15 20:07:28.521 [Thread-30] WARN  FloatLine: Parameter is null
2026-09-15 20:07:28.525 [Thread-30] WARN  FloatLine: Parameter is null
2026-09-15 20:07:28.528 [Thread-30] WARN  FloatLine: Parameter is null
2026-09-15 20:07:28.531 [Thread-30] WARN  FloatLine: Parameter is null
2026-09-15 20:07:28.534 [Thread-30] WARN  FloatLine: Parameter is null
2026-09-15 20:07:28.566 [Thread-30] WARN  FloatLine: Parameter is null
2026-09-15 20:07:30.913 [Thread-30] WARN  FloatLine: Parameter is null
2026-09-15 20:07:30.919 [Thread-30] WARN  FloatLine: Parameter is null
2026-09-15 20:07:30.924 [Thread-30] WARN  FloatLine: Parameter is null
2026-09-15 20:07:32.718 [Thread-30] WARN  FloatLine: Parameter is null
2026-09-15 20:07:32.720 [Thread-30] WARN  FloatLine: Parameter is null
2026-09-15 20:07:32.723 [Thread-30] WARN  FloatLine: Parameter is null
2026-09-15 20:07:32.724 [Thread-30] WARN  FloatLine: Parameter is null
2026-09-15 20:07:32.726 [Thread-30] WARN  FloatLine: Parameter is null
2026-09-15 20:07:32.728 [Thread-30] WARN  FloatLine: Parameter is null
2026-09-15 20:07:33.168 [Thread-30] WARN  FloatLine: Parameter is null
2026-09-15 20:07:33.197 [Thread-30] WARN  FloatLine: Parameter is null
2026-09-15 20:07:33.251 [Thread-30] WARN  FloatLine: Parameter is null
2026-09-15 20:07:33.253 [Thread-30] WARN  FloatLine: Parameter is null
2026-09-15 20:07:33.254 [Thread-30] WARN  FloatLine: Parameter is null
2026-09-15 20:07:33.256 [Thread-30] WARN  FloatLine: Parameter is null
2026-09-15 20:07:33.258 [Thread-30] WARN  FloatLine: Parameter is null
2026-09-15 20:07:33.259 [Thread-30] WARN  FloatLine: Parameter is null
2026-09-15 20:07:33.263 [Thread-30] WARN  FloatLine: Parameter is null
2026-09-15 20:07:34.529 [Thread-30] WARN  FloatLine: Parameter is null
2026-09-15 20:10:03.285 [Thread-30] WARN  FloatLine: Parameter is null
2026-09-15 20:10:03.630 [Thread-30] WARN  FloatLine: Parameter is null
2026-09-15 20:10:03.631 [Thread-30] WARN  FloatLine: Parameter is null
2026-09-15 20:10:03.657 [Thread-30] WARN  FloatLine: Parameter is null
2026-09-15 20:10:03.658 [Thread-30] WARN  FloatLine: Parameter is null
2026-09-15 20:10:03.658 [Thread-30] WARN  FloatLine: Parameter is null
2026-09-15 20:10:03.667 [Thread-30] WARN  FloatLine: Parameter is null
2026-09-15 20:10:03.675 [Thread-30] WARN  FloatLine: Parameter is null
2026-09-15 20:10:03.676 [Thread-30] WARN  FloatLine: Parameter is null
2026-09-15 20:10:03.677 [Thread-30] WARN  FloatLine: Parameter is null
2026-09-15 20:10:03.677 [Thread-30] WARN  FloatLine: Parameter is null
2026-09-15 20:10:03.678 [Thread-30] WARN  FloatLine: Parameter is null
2026-09-15 20:10:05.063 [Thread-30] WARN  FloatLine: Parameter is null
2026-09-15 20:10:06.499 [Thread-30] WARN  FloatLine: Parameter is null
2026-09-15 20:10:06.500 [Thread-30] WARN  FloatLine: Parameter is null
2026-09-15 20:10:06.502 [Thread-30] WARN  FloatLine: Parameter is null
2026-09-15 20:10:06.503 [Thread-30] WARN  FloatLine: Parameter is null
2026-09-15 20:10:06.504 [Thread-30] WARN  FloatLine: Parameter is null
2026-09-15 20:10:06.540 [Thread-30] WARN  FloatLine: Parameter is null
2026-09-15 20:10:06.611 [Thread-30] WARN  FloatLine: Parameter is null
2026-09-15 20:10:06.614 [Thread-30] WARN  FloatLine: Parameter is null
2026-09-15 20:10:06.615 [Thread-30] WARN  FloatLine: Parameter is null
2026-09-15 20:10:06.616 [Thread-30] WARN  FloatLine: Parameter is null
2026-09-15 20:10:06.618 [Thread-30] WARN  FloatLine: Parameter is null
2026-09-15 20:10:08.453 [Thread-30] WARN  FloatLine: Parameter is null
2026-09-15 20:12:17.191 [Thread-30] WARN  FloatLine: Parameter is null
2026-09-15 20:12:17.286 [Thread-30] WARN  FloatLine: Parameter is null
2026-09-15 20:12:17.287 [Thread-30] WARN  FloatLine: Parameter is null
2026-09-15 20:12:17.324 [Thread-30] WARN  FloatLine: Parameter is null
2026-09-15 20:12:17.325 [Thread-30] WARN  FloatLine: Parameter is null
2026-09-15 20:12:17.326 [Thread-30] WARN  FloatLine: Parameter is null
2026-09-15 20:12:17.340 [Thread-30] WARN  FloatLine: Parameter is null
2026-09-15 20:12:17.350 [Thread-30] WARN  FloatLine: Parameter is null
2026-09-15 20:12:17.351 [Thread-30] WARN  FloatLine: Parameter is null
2026-09-15 20:12:17.352 [Thread-30] WARN  FloatLine: Parameter is null
2026-09-15 20:12:17.354 [Thread-30] WARN  FloatLine: Parameter is null
2026-09-15 20:12:17.356 [Thread-30] WARN  FloatLine: Parameter is null
2026-09-15 20:12:19.452 [Thread-30] WARN  FloatLine: Parameter is null
2026-09-15 20:12:21.353 [Thread-30] WARN  FloatLine: Parameter is null
2026-09-15 20:12:21.355 [Thread-30] WARN  FloatLine: Parameter is null
2026-09-15 20:12:21.356 [Thread-30] WARN  FloatLine: Parameter is null
2026-09-15 20:12:21.357 [Thread-30] WARN  FloatLine: Parameter is null
2026-09-15 20:12:21.358 [Thread-30] WARN  FloatLine: Parameter is null
2026-09-15 20:12:21.388 [Thread-30] WARN  FloatLine: Parameter is null
2026-09-15 20:12:21.444 [Thread-30] WARN  FloatLine: Parameter is null
2026-09-15 20:12:21.446 [Thread-30] WARN  FloatLine: Parameter is null
2026-09-15 20:12:21.448 [Thread-30] WARN  FloatLine: Parameter is null
2026-09-15 20:12:21.450 [Thread-30] WARN  FloatLine: Parameter is null
2026-09-15 20:12:21.452 [Thread-30] WARN  FloatLine: Parameter is null
2026-09-15 20:12:22.997 [Thread-30] WARN  FloatLine: Parameter is null
2026-09-15 20:14:39.294 [Thread-30] WARN  FloatLine: Parameter is null
2026-09-15 20:14:41.197 [Thread-30] WARN  FloatLine: Parameter is null
2026-09-15 20:14:41.199 [Thread-30] WARN  FloatLine: Parameter is null
2026-09-15 20:14:41.236 [Thread-30] WARN  FloatLine: Parameter is null
2026-09-15 20:14:41.237 [Thread-30] WARN  FloatLine: Parameter is null
2026-09-15 20:14:41.237 [Thread-30] WARN  FloatLine: Parameter is null
2026-09-15 20:14:41.249 [Thread-30] WARN  FloatLine: Parameter is null
2026-09-15 20:14:41.259 [Thread-30] WARN  FloatLine: Parameter is null
2026-09-15 20:14:41.260 [Thread-30] WARN  FloatLine: Parameter is null
2026-09-15 20:14:41.261 [Thread-30] WARN  FloatLine: Parameter is null
2026-09-15 20:14:41.262 [Thread-30] WARN  FloatLine: Parameter is null
2026-09-15 20:14:41.263 [Thread-30] WARN  FloatLine: Parameter is null
2026-09-15 20:14:43.536 [Thread-30] WARN  FloatLine: Parameter is null
2026-09-15 20:14:45.880 [Thread-30] WARN  FloatLine: Parameter is null
2026-09-15 20:14:45.881 [Thread-30] WARN  FloatLine: Parameter is null
2026-09-15 20:14:45.883 [Thread-30] WARN  FloatLine: Parameter is null
2026-09-15 20:14:45.884 [Thread-30] WARN  FloatLine: Parameter is null
2026-09-15 20:14:45.886 [Thread-30] WARN  FloatLine: Parameter is null
2026-09-15 20:14:48.115 [Thread-30] WARN  FloatLine: Parameter is null
2026-09-15 20:14:52.553 [Thread-30] WARN  FloatLine: Parameter is null
2026-09-15 20:14:52.556 [Thread-30] WARN  FloatLine: Parameter is null
2026-09-15 20:14:52.557 [Thread-30] WARN  FloatLine: Parameter is null
2026-09-15 20:14:52.559 [Thread-30] WARN  FloatLine: Parameter is null
2026-09-15 20:14:52.562 [Thread-30] WARN  FloatLine: Parameter is null
2026-09-15 20:14:54.278 [Thread-30] WARN  FloatLine: Parameter is null
2026-09-15 20:17:26.384 [Thread-30] WARN  FloatLine: Parameter is null
2026-09-15 20:17:26.512 [Thread-30] WARN  FloatLine: Parameter is null
2026-09-15 20:17:26.514 [Thread-30] WARN  FloatLine: Parameter is null
2026-09-15 20:17:26.547 [Thread-30] WARN  FloatLine: Parameter is null
2026-09-15 20:17:26.548 [Thread-30] WARN  FloatLine: Parameter is null
2026-09-15 20:17:26.549 [Thread-30] WARN  FloatLine: Parameter is null
2026-09-15 20:17:26.558 [Thread-30] WARN  FloatLine: Parameter is null
2026-09-15 20:17:26.568 [Thread-30] WARN  FloatLine: Parameter is null
2026-09-15 20:17:26.569 [Thread-30] WARN  FloatLine: Parameter is null
2026-09-15 20:17:26.570 [Thread-30] WARN  FloatLine: Parameter is null
2026-09-15 20:17:26.571 [Thread-30] WARN  FloatLine: Parameter is null
2026-09-15 20:17:26.572 [Thread-30] WARN  FloatLine: Parameter is null
2026-09-15 20:17:28.652 [Thread-30] WARN  FloatLine: Parameter is null
2026-09-15 20:17:30.659 [Thread-30] WARN  FloatLine: Parameter is null
2026-09-15 20:17:30.660 [Thread-30] WARN  FloatLine: Parameter is null
2026-09-15 20:17:30.662 [Thread-30] WARN  FloatLine: Parameter is null
2026-09-15 20:17:30.663 [Thread-30] WARN  FloatLine: Parameter is null
2026-09-15 20:17:30.664 [Thread-30] WARN  FloatLine: Parameter is null
2026-09-15 20:17:30.716 [Thread-30] WARN  FloatLine: Parameter is null
2026-09-15 20:17:30.818 [Thread-30] WARN  FloatLine: Parameter is null
2026-09-15 20:17:30.821 [Thread-30] WARN  FloatLine: Parameter is null
2026-09-15 20:17:30.823 [Thread-30] WARN  FloatLine: Parameter is null
2026-09-15 20:17:30.824 [Thread-30] WARN  FloatLine: Parameter is null
2026-09-15 20:17:30.827 [Thread-30] WARN  FloatLine: Parameter is null
2026-09-15 20:17:33.000 [Thread-30] WARN  FloatLine: Parameter is null
2026-09-15 20:19:53.647 [Thread-30] WARN  FloatLine: Parameter is null
2026-09-15 20:19:53.757 [Thread-30] WARN  FloatLine: Parameter is null
2026-09-15 20:19:53.759 [Thread-30] WARN  FloatLine: Parameter is null
2026-09-15 20:19:53.793 [Thread-30] WARN  FloatLine: Parameter is null
2026-09-15 20:19:53.795 [Thread-30] WARN  FloatLine: Parameter is null
2026-09-15 20:19:53.796 [Thread-30] WARN  FloatLine: Parameter is null
2026-09-15 20:19:53.805 [Thread-30] WARN  FloatLine: Parameter is null
2026-09-15 20:19:53.815 [Thread-30] WARN  FloatLine: Parameter is null
2026-09-15 20:19:53.817 [Thread-30] WARN  FloatLine: Parameter is null
2026-09-15 20:19:53.818 [Thread-30] WARN  FloatLine: Parameter is null
2026-09-15 20:19:53.819 [Thread-30] WARN  FloatLine: Parameter is null
2026-09-15 20:19:53.820 [Thread-30] WARN  FloatLine: Parameter is null
2026-09-15 20:19:56.021 [Thread-30] WARN  FloatLine: Parameter is null
2026-09-15 20:19:58.088 [Thread-30] WARN  FloatLine: Parameter is null
2026-09-15 20:19:58.089 [Thread-30] WARN  FloatLine: Parameter is null
2026-09-15 20:19:58.091 [Thread-30] WARN  FloatLine: Parameter is null
2026-09-15 20:19:58.092 [Thread-30] WARN  FloatLine: Parameter is null
2026-09-15 20:19:58.094 [Thread-30] WARN  FloatLine: Parameter is null
2026-09-15 20:19:58.147 [Thread-30] WARN  FloatLine: Parameter is null
2026-09-15 20:19:58.245 [Thread-30] WARN  FloatLine: Parameter is null
2026-09-15 20:19:58.248 [Thread-30] WARN  FloatLine: Parameter is null
2026-09-15 20:19:58.249 [Thread-30] WARN  FloatLine: Parameter is null
2026-09-15 20:19:58.250 [Thread-30] WARN  FloatLine: Parameter is null
2026-09-15 20:19:58.253 [Thread-30] WARN  FloatLine: Parameter is null
2026-09-15 20:20:00.458 [Thread-30] WARN  FloatLine: Parameter is null
2026-09-15 20:22:19.901 [Thread-30] WARN  FloatLine: Parameter is null
2026-09-15 20:22:20.039 [Thread-30] WARN  FloatLine: Parameter is null
2026-09-15 20:22:20.040 [Thread-30] WARN  FloatLine: Parameter is null
2026-09-15 20:22:20.078 [Thread-30] WARN  FloatLine: Parameter is null
2026-09-15 20:22:20.080 [Thread-30] WARN  FloatLine: Parameter is null
2026-09-15 20:22:20.082 [Thread-30] WARN  FloatLine: Parameter is null
2026-09-15 20:22:20.094 [Thread-30] WARN  FloatLine: Parameter is null
2026-09-15 20:22:20.109 [Thread-30] WARN  FloatLine: Parameter is null
2026-09-15 20:22:20.112 [Thread-30] WARN  FloatLine: Parameter is null
2026-09-15 20:22:20.113 [Thread-30] WARN  FloatLine: Parameter is null
2026-09-15 20:22:20.114 [Thread-30] WARN  FloatLine: Parameter is null
2026-09-15 20:22:20.115 [Thread-30] WARN  FloatLine: Parameter is null
2026-09-15 20:22:22.292 [Thread-30] WARN  FloatLine: Parameter is null
2026-09-15 20:22:24.370 [Thread-30] WARN  FloatLine: Parameter is null
2026-09-15 20:22:24.371 [Thread-30] WARN  FloatLine: Parameter is null
2026-09-15 20:22:24.373 [Thread-30] WARN  FloatLine: Parameter is null
2026-09-15 20:22:24.375 [Thread-30] WARN  FloatLine: Parameter is null
2026-09-15 20:22:24.376 [Thread-30] WARN  FloatLine: Parameter is null
2026-09-15 20:22:24.431 [Thread-30] WARN  FloatLine: Parameter is null
2026-09-15 20:22:24.534 [Thread-30] WARN  FloatLine: Parameter is null
2026-09-15 20:22:24.537 [Thread-30] WARN  FloatLine: Parameter is null
2026-09-15 20:22:24.538 [Thread-30] WARN  FloatLine: Parameter is null
2026-09-15 20:22:24.540 [Thread-30] WARN  FloatLine: Parameter is null
2026-09-15 20:22:24.544 [Thread-30] WARN  FloatLine: Parameter is null
2026-09-15 20:22:26.629 [Thread-30] WARN  FloatLine: Parameter is null
2026-09-15 20:24:44.346 [Thread-30] WARN  FloatLine: Parameter is null
2026-09-15 20:24:44.457 [Thread-30] WARN  FloatLine: Parameter is null
2026-09-15 20:24:44.458 [Thread-30] WARN  FloatLine: Parameter is null
2026-09-15 20:24:44.491 [Thread-30] WARN  FloatLine: Parameter is null
2026-09-15 20:24:44.492 [Thread-30] WARN  FloatLine: Parameter is null
2026-09-15 20:24:44.494 [Thread-30] WARN  FloatLine: Parameter is null
2026-09-15 20:24:44.504 [Thread-30] WARN  FloatLine: Parameter is null
2026-09-15 20:24:44.514 [Thread-30] WARN  FloatLine: Parameter is null
2026-09-15 20:24:44.515 [Thread-30] WARN  FloatLine: Parameter is null
2026-09-15 20:24:44.516 [Thread-30] WARN  FloatLine: Parameter is null
2026-09-15 20:24:44.516 [Thread-30] WARN  FloatLine: Parameter is null
2026-09-15 20:24:44.517 [Thread-30] WARN  FloatLine: Parameter is null
2026-09-15 20:24:46.575 [Thread-30] WARN  FloatLine: Parameter is null
2026-09-15 20:24:48.076 [Thread-30] WARN  FloatLine: Parameter is null
2026-09-15 20:24:48.077 [Thread-30] WARN  FloatLine: Parameter is null
2026-09-15 20:24:48.079 [Thread-30] WARN  FloatLine: Parameter is null
2026-09-15 20:24:48.080 [Thread-30] WARN  FloatLine: Parameter is null
2026-09-15 20:24:48.082 [Thread-30] WARN  FloatLine: Parameter is null
2026-09-15 20:24:48.124 [Thread-30] WARN  FloatLine: Parameter is null
2026-09-15 20:24:48.197 [Thread-30] WARN  FloatLine: Parameter is null
2026-09-15 20:24:48.199 [Thread-30] WARN  FloatLine: Parameter is null
2026-09-15 20:24:48.200 [Thread-30] WARN  FloatLine: Parameter is null
2026-09-15 20:24:48.201 [Thread-30] WARN  FloatLine: Parameter is null
2026-09-15 20:24:48.202 [Thread-30] WARN  FloatLine: Parameter is null
2026-09-15 20:24:49.816 [Thread-30] WARN  FloatLine: Parameter is null
2026-09-15 20:27:07.419 [Thread-30] INFO  Auto-routing was completed in 19 minute(s) 41.58 seconds.
2026-09-15 20:27:07.520 [Thread-30] INFO  Starting route optimization on 1 thread...
2026-09-15 20:27:50.522 [Thread-30] INFO  Route optimization was completed in 43.00 seconds.
2026-09-15 20:27:50.583 [Thread-30] INFO  Saving '/home/david/pcb/.claude/worktrees/route-finish/autoroute.ses'...
2026-09-15 21:09:42.702 [main] INFO  Freerouting v1.9.0 (build-date: 2023-10-30)
2026-09-15 21:09:42.749 [main] INFO  Settings were loaded from freerouting.json
2026-09-15 21:09:43.766 [main] INFO  Opening '/home/david/pcb/.claude/worktrees/route-finish/autoroute.dsn'...
2026-09-15 21:09:44.325 [ForkJoinPool.commonPool-worker-1] INFO  New version available: v2.4.1
2026-09-15 21:10:06.772 [Thread-28] INFO  Starting auto-routing...
2026-09-15 21:10:07.165 [Thread-28] WARN  FloatLine: Parameter is null
2026-09-15 21:10:07.572 [Thread-28] WARN  FloatLine: Parameter is null
2026-09-15 21:10:10.311 [Thread-28] WARN  FloatLine: Parameter is null
2026-09-15 21:10:10.312 [Thread-28] WARN  FloatLine: Parameter is null
2026-09-15 21:10:10.313 [Thread-28] WARN  FloatLine: Parameter is null
2026-09-15 21:10:10.314 [Thread-28] WARN  FloatLine: Parameter is null
2026-09-15 21:10:10.317 [Thread-28] WARN  FloatLine: Parameter is null
2026-09-15 21:10:10.319 [Thread-28] WARN  FloatLine: Parameter is null
2026-09-15 21:10:12.726 [Thread-28] WARN  FloatLine: Parameter is null
2026-09-15 21:10:12.728 [Thread-28] WARN  FloatLine: Parameter is null
2026-09-15 21:10:12.730 [Thread-28] WARN  FloatLine: Parameter is null
2026-09-15 21:10:12.731 [Thread-28] WARN  FloatLine: Parameter is null
2026-09-15 21:10:12.732 [Thread-28] WARN  FloatLine: Parameter is null
2026-09-15 21:10:12.734 [Thread-28] WARN  FloatLine: Parameter is null
2026-09-15 21:10:12.763 [Thread-28] WARN  FloatLine: Parameter is null
2026-09-15 21:10:12.771 [Thread-28] WARN  FloatLine: Parameter is null
2026-09-15 21:10:12.776 [Thread-28] WARN  FloatLine: Parameter is null
2026-09-15 21:10:12.786 [Thread-28] WARN  FloatLine: Parameter is null
2026-09-15 21:10:12.788 [Thread-28] WARN  FloatLine: Parameter is null
2026-09-15 21:10:12.789 [Thread-28] WARN  FloatLine: Parameter is null
2026-09-15 21:10:12.790 [Thread-28] WARN  FloatLine: Parameter is null
2026-09-15 21:10:12.792 [Thread-28] WARN  FloatLine: Parameter is null
2026-09-15 21:10:14.378 [Thread-28] WARN  FloatLine: Parameter is null
2026-09-15 21:10:14.424 [Thread-28] WARN  FloatLine: Parameter is null
2026-09-15 21:10:14.511 [Thread-28] WARN  FloatLine: Parameter is null
2026-09-15 21:10:16.032 [Thread-28] WARN  FloatLine: Parameter is null
2026-09-15 21:10:16.033 [Thread-28] WARN  FloatLine: Parameter is null
2026-09-15 21:12:03.036 [Thread-28] WARN  FloatLine: Parameter is null
2026-09-15 21:12:03.245 [Thread-28] WARN  FloatLine: Parameter is null
2026-09-15 21:12:03.246 [Thread-28] WARN  FloatLine: Parameter is null
2026-09-15 21:12:03.247 [Thread-28] WARN  FloatLine: Parameter is null
2026-09-15 21:12:03.250 [Thread-28] WARN  FloatLine: Parameter is null
2026-09-15 21:12:03.251 [Thread-28] WARN  FloatLine: Parameter is null
2026-09-15 21:12:03.252 [Thread-28] WARN  FloatLine: Parameter is null
2026-09-15 21:12:04.748 [Thread-28] WARN  FloatLine: Parameter is null
2026-09-15 21:12:04.749 [Thread-28] WARN  FloatLine: Parameter is null
2026-09-15 21:12:04.749 [Thread-28] WARN  FloatLine: Parameter is null
2026-09-15 21:12:04.750 [Thread-28] WARN  FloatLine: Parameter is null
2026-09-15 21:12:04.751 [Thread-28] WARN  FloatLine: Parameter is null
2026-09-15 21:12:04.752 [Thread-28] WARN  FloatLine: Parameter is null
2026-09-15 21:12:04.780 [Thread-28] WARN  FloatLine: Parameter is null
2026-09-15 21:12:04.790 [Thread-28] WARN  FloatLine: Parameter is null
2026-09-15 21:12:04.802 [Thread-28] WARN  FloatLine: Parameter is null
2026-09-15 21:12:04.804 [Thread-28] WARN  FloatLine: Parameter is null
2026-09-15 21:12:04.806 [Thread-28] WARN  FloatLine: Parameter is null
2026-09-15 21:12:04.808 [Thread-28] WARN  FloatLine: Parameter is null
2026-09-15 21:12:04.811 [Thread-28] WARN  FloatLine: Parameter is null
2026-09-15 21:12:06.630 [Thread-28] WARN  FloatLine: Parameter is null
2026-09-15 21:12:06.705 [Thread-28] WARN  FloatLine: Parameter is null
2026-09-15 21:12:06.858 [Thread-28] WARN  FloatLine: Parameter is null
2026-09-15 21:12:08.491 [Thread-28] WARN  FloatLine: Parameter is null
2026-09-15 21:12:08.493 [Thread-28] WARN  FloatLine: Parameter is null
2026-09-15 21:13:51.205 [Thread-28] WARN  FloatLine: Parameter is null
2026-09-15 21:13:51.472 [Thread-28] WARN  FloatLine: Parameter is null
2026-09-15 21:13:51.474 [Thread-28] WARN  FloatLine: Parameter is null
2026-09-15 21:13:51.475 [Thread-28] WARN  FloatLine: Parameter is null
2026-09-15 21:13:51.476 [Thread-28] WARN  FloatLine: Parameter is null
2026-09-15 21:13:51.478 [Thread-28] WARN  FloatLine: Parameter is null
2026-09-15 21:13:51.479 [Thread-28] WARN  FloatLine: Parameter is null
2026-09-15 21:13:53.408 [Thread-28] WARN  FloatLine: Parameter is null
2026-09-15 21:13:53.409 [Thread-28] WARN  FloatLine: Parameter is null
2026-09-15 21:13:53.410 [Thread-28] WARN  FloatLine: Parameter is null
2026-09-15 21:13:53.411 [Thread-28] WARN  FloatLine: Parameter is null
2026-09-15 21:13:53.413 [Thread-28] WARN  FloatLine: Parameter is null
2026-09-15 21:13:53.415 [Thread-28] WARN  FloatLine: Parameter is null
2026-09-15 21:13:53.454 [Thread-28] WARN  FloatLine: Parameter is null
2026-09-15 21:13:53.465 [Thread-28] WARN  FloatLine: Parameter is null
2026-09-15 21:13:53.476 [Thread-28] WARN  FloatLine: Parameter is null
2026-09-15 21:13:53.477 [Thread-28] WARN  FloatLine: Parameter is null
2026-09-15 21:13:53.479 [Thread-28] WARN  FloatLine: Parameter is null
2026-09-15 21:13:53.481 [Thread-28] WARN  FloatLine: Parameter is null
2026-09-15 21:13:53.484 [Thread-28] WARN  FloatLine: Parameter is null
2026-09-15 21:13:54.987 [Thread-28] WARN  FloatLine: Parameter is null
2026-09-15 21:13:55.040 [Thread-28] WARN  FloatLine: Parameter is null
2026-09-15 21:13:55.145 [Thread-28] WARN  FloatLine: Parameter is null
2026-09-15 21:13:56.333 [Thread-28] WARN  FloatLine: Parameter is null
2026-09-15 21:13:56.334 [Thread-28] WARN  FloatLine: Parameter is null
2026-09-15 21:15:42.674 [Thread-28] WARN  FloatLine: Parameter is null
2026-09-15 21:15:42.926 [Thread-28] WARN  FloatLine: Parameter is null
2026-09-15 21:15:42.927 [Thread-28] WARN  FloatLine: Parameter is null
2026-09-15 21:15:42.928 [Thread-28] WARN  FloatLine: Parameter is null
2026-09-15 21:15:42.929 [Thread-28] WARN  FloatLine: Parameter is null
2026-09-15 21:15:42.930 [Thread-28] WARN  FloatLine: Parameter is null
2026-09-15 21:15:42.932 [Thread-28] WARN  FloatLine: Parameter is null
2026-09-15 21:15:44.691 [Thread-28] WARN  FloatLine: Parameter is null
2026-09-15 21:15:44.693 [Thread-28] WARN  FloatLine: Parameter is null
2026-09-15 21:15:44.694 [Thread-28] WARN  FloatLine: Parameter is null
2026-09-15 21:15:44.695 [Thread-28] WARN  FloatLine: Parameter is null
2026-09-15 21:15:44.696 [Thread-28] WARN  FloatLine: Parameter is null
2026-09-15 21:15:44.698 [Thread-28] WARN  FloatLine: Parameter is null
2026-09-15 21:15:44.727 [Thread-28] WARN  FloatLine: Parameter is null
2026-09-15 21:15:44.739 [Thread-28] WARN  FloatLine: Parameter is null
2026-09-15 21:15:44.748 [Thread-28] WARN  FloatLine: Parameter is null
2026-09-15 21:15:44.750 [Thread-28] WARN  FloatLine: Parameter is null
2026-09-15 21:15:44.752 [Thread-28] WARN  FloatLine: Parameter is null
2026-09-15 21:15:44.754 [Thread-28] WARN  FloatLine: Parameter is null
2026-09-15 21:15:44.758 [Thread-28] WARN  FloatLine: Parameter is null
2026-09-15 21:15:46.068 [Thread-28] WARN  FloatLine: Parameter is null
2026-09-15 21:15:46.116 [Thread-28] WARN  FloatLine: Parameter is null
2026-09-15 21:15:46.210 [Thread-28] WARN  FloatLine: Parameter is null
2026-09-15 21:15:47.429 [Thread-28] WARN  FloatLine: Parameter is null
2026-09-15 21:15:47.430 [Thread-28] WARN  FloatLine: Parameter is null
2026-09-15 21:17:33.932 [Thread-28] WARN  FloatLine: Parameter is null
2026-09-15 21:17:34.202 [Thread-28] WARN  FloatLine: Parameter is null
2026-09-15 21:17:34.203 [Thread-28] WARN  FloatLine: Parameter is null
2026-09-15 21:17:34.204 [Thread-28] WARN  FloatLine: Parameter is null
2026-09-15 21:17:34.205 [Thread-28] WARN  FloatLine: Parameter is null
2026-09-15 21:17:34.205 [Thread-28] WARN  FloatLine: Parameter is null
2026-09-15 21:17:34.206 [Thread-28] WARN  FloatLine: Parameter is null
2026-09-15 21:17:35.818 [Thread-28] WARN  FloatLine: Parameter is null
2026-09-15 21:17:35.819 [Thread-28] WARN  FloatLine: Parameter is null
2026-09-15 21:17:35.819 [Thread-28] WARN  FloatLine: Parameter is null
2026-09-15 21:17:35.820 [Thread-28] WARN  FloatLine: Parameter is null
2026-09-15 21:17:35.820 [Thread-28] WARN  FloatLine: Parameter is null
2026-09-15 21:17:35.821 [Thread-28] WARN  FloatLine: Parameter is null
2026-09-15 21:17:35.848 [Thread-28] WARN  FloatLine: Parameter is null
2026-09-15 21:17:35.856 [Thread-28] WARN  FloatLine: Parameter is null
2026-09-15 21:17:35.863 [Thread-28] WARN  FloatLine: Parameter is null
2026-09-15 21:17:35.864 [Thread-28] WARN  FloatLine: Parameter is null
2026-09-15 21:17:35.865 [Thread-28] WARN  FloatLine: Parameter is null
2026-09-15 21:17:35.866 [Thread-28] WARN  FloatLine: Parameter is null
2026-09-15 21:17:35.868 [Thread-28] WARN  FloatLine: Parameter is null
2026-09-15 21:17:37.217 [Thread-28] WARN  FloatLine: Parameter is null
2026-09-15 21:17:37.266 [Thread-28] WARN  FloatLine: Parameter is null
2026-09-15 21:17:37.362 [Thread-28] WARN  FloatLine: Parameter is null
2026-09-15 21:17:38.600 [Thread-28] WARN  FloatLine: Parameter is null
2026-09-15 21:17:38.603 [Thread-28] WARN  FloatLine: Parameter is null
2026-09-15 21:19:23.715 [Thread-28] WARN  FloatLine: Parameter is null
2026-09-15 21:19:23.888 [Thread-28] WARN  FloatLine: Parameter is null
2026-09-15 21:19:23.889 [Thread-28] WARN  FloatLine: Parameter is null
2026-09-15 21:19:23.889 [Thread-28] WARN  FloatLine: Parameter is null
2026-09-15 21:19:23.890 [Thread-28] WARN  FloatLine: Parameter is null
2026-09-15 21:19:23.890 [Thread-28] WARN  FloatLine: Parameter is null
2026-09-15 21:19:23.891 [Thread-28] WARN  FloatLine: Parameter is null
2026-09-15 21:19:25.578 [Thread-28] WARN  FloatLine: Parameter is null
2026-09-15 21:19:25.579 [Thread-28] WARN  FloatLine: Parameter is null
2026-09-15 21:19:25.581 [Thread-28] WARN  FloatLine: Parameter is null
2026-09-15 21:19:25.582 [Thread-28] WARN  FloatLine: Parameter is null
2026-09-15 21:19:25.583 [Thread-28] WARN  FloatLine: Parameter is null
2026-09-15 21:19:25.585 [Thread-28] WARN  FloatLine: Parameter is null
2026-09-15 21:19:25.622 [Thread-28] WARN  FloatLine: Parameter is null
2026-09-15 21:19:25.633 [Thread-28] WARN  FloatLine: Parameter is null
2026-09-15 21:19:25.644 [Thread-28] WARN  FloatLine: Parameter is null
2026-09-15 21:19:25.645 [Thread-28] WARN  FloatLine: Parameter is null
2026-09-15 21:19:25.646 [Thread-28] WARN  FloatLine: Parameter is null
2026-09-15 21:19:25.646 [Thread-28] WARN  FloatLine: Parameter is null
2026-09-15 21:19:25.649 [Thread-28] WARN  FloatLine: Parameter is null
2026-09-15 21:19:27.433 [Thread-28] WARN  FloatLine: Parameter is null
2026-09-15 21:19:27.503 [Thread-28] WARN  FloatLine: Parameter is null
2026-09-15 21:19:27.633 [Thread-28] WARN  FloatLine: Parameter is null
2026-09-15 21:19:29.201 [Thread-28] WARN  FloatLine: Parameter is null
2026-09-15 21:19:29.203 [Thread-28] WARN  FloatLine: Parameter is null
2026-09-15 21:21:14.325 [Thread-28] WARN  FloatLine: Parameter is null
2026-09-15 21:21:14.563 [Thread-28] WARN  FloatLine: Parameter is null
2026-09-15 21:21:14.564 [Thread-28] WARN  FloatLine: Parameter is null
2026-09-15 21:21:14.565 [Thread-28] WARN  FloatLine: Parameter is null
2026-09-15 21:21:14.566 [Thread-28] WARN  FloatLine: Parameter is null
2026-09-15 21:21:14.567 [Thread-28] WARN  FloatLine: Parameter is null
2026-09-15 21:21:14.567 [Thread-28] WARN  FloatLine: Parameter is null
2026-09-15 21:21:16.713 [Thread-28] WARN  FloatLine: Parameter is null
2026-09-15 21:21:16.715 [Thread-28] WARN  FloatLine: Parameter is null
2026-09-15 21:21:16.715 [Thread-28] WARN  FloatLine: Parameter is null
2026-09-15 21:21:16.716 [Thread-28] WARN  FloatLine: Parameter is null
2026-09-15 21:21:16.717 [Thread-28] WARN  FloatLine: Parameter is null
2026-09-15 21:21:16.718 [Thread-28] WARN  FloatLine: Parameter is null
2026-09-15 21:21:16.754 [Thread-28] WARN  FloatLine: Parameter is null
2026-09-15 21:21:16.765 [Thread-28] WARN  FloatLine: Parameter is null
2026-09-15 21:21:16.776 [Thread-28] WARN  FloatLine: Parameter is null
2026-09-15 21:21:16.777 [Thread-28] WARN  FloatLine: Parameter is null
2026-09-15 21:21:16.778 [Thread-28] WARN  FloatLine: Parameter is null
2026-09-15 21:21:16.779 [Thread-28] WARN  FloatLine: Parameter is null
2026-09-15 21:21:16.781 [Thread-28] WARN  FloatLine: Parameter is null
2026-09-15 21:21:18.724 [Thread-28] WARN  FloatLine: Parameter is null
2026-09-15 21:21:18.774 [Thread-28] WARN  FloatLine: Parameter is null
2026-09-15 21:21:18.867 [Thread-28] WARN  FloatLine: Parameter is null
2026-09-15 21:21:20.170 [Thread-28] WARN  FloatLine: Parameter is null
2026-09-15 21:21:20.172 [Thread-28] WARN  FloatLine: Parameter is null
2026-09-15 21:23:13.761 [Thread-28] WARN  FloatLine: Parameter is null
2026-09-15 21:23:13.939 [Thread-28] WARN  FloatLine: Parameter is null
2026-09-15 21:23:13.940 [Thread-28] WARN  FloatLine: Parameter is null
2026-09-15 21:23:13.940 [Thread-28] WARN  FloatLine: Parameter is null
2026-09-15 21:23:13.941 [Thread-28] WARN  FloatLine: Parameter is null
2026-09-15 21:23:13.941 [Thread-28] WARN  FloatLine: Parameter is null
2026-09-15 21:23:13.942 [Thread-28] WARN  FloatLine: Parameter is null
2026-09-15 21:23:15.345 [Thread-28] WARN  FloatLine: Parameter is null
2026-09-15 21:23:15.346 [Thread-28] WARN  FloatLine: Parameter is null
2026-09-15 21:23:15.347 [Thread-28] WARN  FloatLine: Parameter is null
2026-09-15 21:23:15.347 [Thread-28] WARN  FloatLine: Parameter is null
2026-09-15 21:23:15.348 [Thread-28] WARN  FloatLine: Parameter is null
2026-09-15 21:23:15.350 [Thread-28] WARN  FloatLine: Parameter is null
2026-09-15 21:23:15.375 [Thread-28] WARN  FloatLine: Parameter is null
2026-09-15 21:23:15.383 [Thread-28] WARN  FloatLine: Parameter is null
2026-09-15 21:23:15.390 [Thread-28] WARN  FloatLine: Parameter is null
2026-09-15 21:23:15.391 [Thread-28] WARN  FloatLine: Parameter is null
2026-09-15 21:23:15.392 [Thread-28] WARN  FloatLine: Parameter is null
2026-09-15 21:23:15.393 [Thread-28] WARN  FloatLine: Parameter is null
2026-09-15 21:23:15.395 [Thread-28] WARN  FloatLine: Parameter is null
2026-09-15 21:23:16.715 [Thread-28] WARN  FloatLine: Parameter is null
2026-09-15 21:23:16.764 [Thread-28] WARN  FloatLine: Parameter is null
2026-09-15 21:23:16.853 [Thread-28] WARN  FloatLine: Parameter is null
2026-09-15 21:23:18.202 [Thread-28] WARN  FloatLine: Parameter is null
2026-09-15 21:23:18.203 [Thread-28] WARN  FloatLine: Parameter is null
2026-09-15 21:25:07.483 [Thread-28] WARN  FloatLine: Parameter is null
2026-09-15 21:25:07.728 [Thread-28] WARN  FloatLine: Parameter is null
2026-09-15 21:25:07.729 [Thread-28] WARN  FloatLine: Parameter is null
2026-09-15 21:25:07.729 [Thread-28] WARN  FloatLine: Parameter is null
2026-09-15 21:25:07.730 [Thread-28] WARN  FloatLine: Parameter is null
2026-09-15 21:25:07.731 [Thread-28] WARN  FloatLine: Parameter is null
2026-09-15 21:25:07.731 [Thread-28] WARN  FloatLine: Parameter is null
2026-09-15 21:25:09.660 [Thread-28] WARN  FloatLine: Parameter is null
2026-09-15 21:25:09.661 [Thread-28] WARN  FloatLine: Parameter is null
2026-09-15 21:25:09.662 [Thread-28] WARN  FloatLine: Parameter is null
2026-09-15 21:25:09.662 [Thread-28] WARN  FloatLine: Parameter is null
2026-09-15 21:25:09.663 [Thread-28] WARN  FloatLine: Parameter is null
2026-09-15 21:25:09.665 [Thread-28] WARN  FloatLine: Parameter is null
2026-09-15 21:25:09.703 [Thread-28] WARN  FloatLine: Parameter is null
2026-09-15 21:25:09.714 [Thread-28] WARN  FloatLine: Parameter is null
2026-09-15 21:25:09.724 [Thread-28] WARN  FloatLine: Parameter is null
2026-09-15 21:25:09.725 [Thread-28] WARN  FloatLine: Parameter is null
2026-09-15 21:25:09.726 [Thread-28] WARN  FloatLine: Parameter is null
2026-09-15 21:25:09.727 [Thread-28] WARN  FloatLine: Parameter is null
2026-09-15 21:25:09.730 [Thread-28] WARN  FloatLine: Parameter is null
2026-09-15 21:25:11.541 [Thread-28] WARN  FloatLine: Parameter is null
2026-09-15 21:25:11.608 [Thread-28] WARN  FloatLine: Parameter is null
2026-09-15 21:25:11.739 [Thread-28] WARN  FloatLine: Parameter is null
2026-09-15 21:25:13.038 [Thread-28] WARN  FloatLine: Parameter is null
2026-09-15 21:25:13.039 [Thread-28] WARN  FloatLine: Parameter is null
2026-09-15 21:26:59.253 [Thread-28] WARN  FloatLine: Parameter is null
2026-09-15 21:26:59.438 [Thread-28] WARN  FloatLine: Parameter is null
2026-09-15 21:26:59.438 [Thread-28] WARN  FloatLine: Parameter is null
2026-09-15 21:26:59.439 [Thread-28] WARN  FloatLine: Parameter is null
2026-09-15 21:26:59.440 [Thread-28] WARN  FloatLine: Parameter is null
2026-09-15 21:26:59.441 [Thread-28] WARN  FloatLine: Parameter is null
2026-09-15 21:26:59.442 [Thread-28] WARN  FloatLine: Parameter is null
2026-09-15 21:27:00.926 [Thread-28] WARN  FloatLine: Parameter is null
2026-09-15 21:27:00.927 [Thread-28] WARN  FloatLine: Parameter is null
2026-09-15 21:27:00.927 [Thread-28] WARN  FloatLine: Parameter is null
2026-09-15 21:27:00.928 [Thread-28] WARN  FloatLine: Parameter is null
2026-09-15 21:27:00.930 [Thread-28] WARN  FloatLine: Parameter is null
2026-09-15 21:27:00.934 [Thread-28] WARN  FloatLine: Parameter is null
2026-09-15 21:27:00.964 [Thread-28] WARN  FloatLine: Parameter is null
2026-09-15 21:27:00.974 [Thread-28] WARN  FloatLine: Parameter is null
2026-09-15 21:27:00.983 [Thread-28] WARN  FloatLine: Parameter is null
2026-09-15 21:27:00.985 [Thread-28] WARN  FloatLine: Parameter is null
2026-09-15 21:27:00.987 [Thread-28] WARN  FloatLine: Parameter is null
2026-09-15 21:27:00.988 [Thread-28] WARN  FloatLine: Parameter is null
2026-09-15 21:27:00.990 [Thread-28] WARN  FloatLine: Parameter is null
2026-09-15 21:27:02.509 [Thread-28] WARN  FloatLine: Parameter is null
2026-09-15 21:27:02.581 [Thread-28] WARN  FloatLine: Parameter is null
2026-09-15 21:27:02.716 [Thread-28] WARN  FloatLine: Parameter is null
2026-09-15 21:27:04.507 [Thread-28] WARN  FloatLine: Parameter is null
2026-09-15 21:27:04.509 [Thread-28] WARN  FloatLine: Parameter is null
2026-09-15 21:28:58.516 [Thread-28] WARN  FloatLine: Parameter is null
2026-09-15 21:28:58.752 [Thread-28] WARN  FloatLine: Parameter is null
2026-09-15 21:28:58.752 [Thread-28] WARN  FloatLine: Parameter is null
2026-09-15 21:28:58.753 [Thread-28] WARN  FloatLine: Parameter is null
2026-09-15 21:28:58.754 [Thread-28] WARN  FloatLine: Parameter is null
2026-09-15 21:28:58.755 [Thread-28] WARN  FloatLine: Parameter is null
2026-09-15 21:28:58.756 [Thread-28] WARN  FloatLine: Parameter is null
2026-09-15 21:29:00.682 [Thread-28] WARN  FloatLine: Parameter is null
2026-09-15 21:29:00.683 [Thread-28] WARN  FloatLine: Parameter is null
2026-09-15 21:29:00.684 [Thread-28] WARN  FloatLine: Parameter is null
2026-09-15 21:29:00.685 [Thread-28] WARN  FloatLine: Parameter is null
2026-09-15 21:29:00.686 [Thread-28] WARN  FloatLine: Parameter is null
2026-09-15 21:29:00.687 [Thread-28] WARN  FloatLine: Parameter is null
2026-09-15 21:29:00.723 [Thread-28] WARN  FloatLine: Parameter is null
2026-09-15 21:29:00.733 [Thread-28] WARN  FloatLine: Parameter is null
2026-09-15 21:29:00.743 [Thread-28] WARN  FloatLine: Parameter is null
2026-09-15 21:29:00.744 [Thread-28] WARN  FloatLine: Parameter is null
2026-09-15 21:29:00.745 [Thread-28] WARN  FloatLine: Parameter is null
2026-09-15 21:29:00.746 [Thread-28] WARN  FloatLine: Parameter is null
2026-09-15 21:29:00.748 [Thread-28] WARN  FloatLine: Parameter is null
2026-09-15 21:29:02.185 [Thread-28] WARN  FloatLine: Parameter is null
2026-09-15 21:29:02.233 [Thread-28] WARN  FloatLine: Parameter is null
2026-09-15 21:29:02.323 [Thread-28] WARN  FloatLine: Parameter is null
2026-09-15 21:29:03.549 [Thread-28] WARN  FloatLine: Parameter is null
2026-09-15 21:29:03.550 [Thread-28] WARN  FloatLine: Parameter is null
2026-09-15 21:30:50.304 [Thread-28] WARN  FloatLine: Parameter is null
2026-09-15 21:30:50.500 [Thread-28] WARN  FloatLine: Parameter is null
2026-09-15 21:30:50.501 [Thread-28] WARN  FloatLine: Parameter is null
2026-09-15 21:30:50.502 [Thread-28] WARN  FloatLine: Parameter is null
2026-09-15 21:30:50.503 [Thread-28] WARN  FloatLine: Parameter is null
2026-09-15 21:30:50.504 [Thread-28] WARN  FloatLine: Parameter is null
2026-09-15 21:30:50.504 [Thread-28] WARN  FloatLine: Parameter is null
2026-09-15 21:30:52.056 [Thread-28] WARN  FloatLine: Parameter is null
2026-09-15 21:30:52.057 [Thread-28] WARN  FloatLine: Parameter is null
2026-09-15 21:30:52.058 [Thread-28] WARN  FloatLine: Parameter is null
2026-09-15 21:30:52.060 [Thread-28] WARN  FloatLine: Parameter is null
2026-09-15 21:30:52.061 [Thread-28] WARN  FloatLine: Parameter is null
2026-09-15 21:30:52.062 [Thread-28] WARN  FloatLine: Parameter is null
2026-09-15 21:30:52.102 [Thread-28] WARN  FloatLine: Parameter is null
2026-09-15 21:30:52.113 [Thread-28] WARN  FloatLine: Parameter is null
2026-09-15 21:30:52.124 [Thread-28] WARN  FloatLine: Parameter is null
2026-09-15 21:30:52.125 [Thread-28] WARN  FloatLine: Parameter is null
2026-09-15 21:30:52.127 [Thread-28] WARN  FloatLine: Parameter is null
2026-09-15 21:30:52.128 [Thread-28] WARN  FloatLine: Parameter is null
2026-09-15 21:30:52.131 [Thread-28] WARN  FloatLine: Parameter is null
2026-09-15 21:30:53.991 [Thread-28] WARN  FloatLine: Parameter is null
2026-09-15 21:30:54.061 [Thread-28] WARN  FloatLine: Parameter is null
2026-09-15 21:30:54.194 [Thread-28] WARN  FloatLine: Parameter is null
2026-09-15 21:30:55.855 [Thread-28] WARN  FloatLine: Parameter is null
2026-09-15 21:30:55.856 [Thread-28] WARN  FloatLine: Parameter is null
2026-09-15 21:32:40.023 [Thread-28] WARN  FloatLine: Parameter is null
2026-09-15 21:32:40.263 [Thread-28] WARN  FloatLine: Parameter is null
2026-09-15 21:32:40.264 [Thread-28] WARN  FloatLine: Parameter is null
2026-09-15 21:32:40.265 [Thread-28] WARN  FloatLine: Parameter is null
2026-09-15 21:32:40.266 [Thread-28] WARN  FloatLine: Parameter is null
2026-09-15 21:32:40.266 [Thread-28] WARN  FloatLine: Parameter is null
2026-09-15 21:32:40.267 [Thread-28] WARN  FloatLine: Parameter is null
2026-09-15 21:32:42.110 [Thread-28] WARN  FloatLine: Parameter is null
2026-09-15 21:32:42.111 [Thread-28] WARN  FloatLine: Parameter is null
2026-09-15 21:32:42.112 [Thread-28] WARN  FloatLine: Parameter is null
2026-09-15 21:32:42.113 [Thread-28] WARN  FloatLine: Parameter is null
2026-09-15 21:32:42.114 [Thread-28] WARN  FloatLine: Parameter is null
2026-09-15 21:32:42.115 [Thread-28] WARN  FloatLine: Parameter is null
2026-09-15 21:32:42.151 [Thread-28] WARN  FloatLine: Parameter is null
2026-09-15 21:32:42.162 [Thread-28] WARN  FloatLine: Parameter is null
2026-09-15 21:32:42.172 [Thread-28] WARN  FloatLine: Parameter is null
2026-09-15 21:32:42.173 [Thread-28] WARN  FloatLine: Parameter is null
2026-09-15 21:32:42.174 [Thread-28] WARN  FloatLine: Parameter is null
2026-09-15 21:32:42.175 [Thread-28] WARN  FloatLine: Parameter is null
2026-09-15 21:32:42.178 [Thread-28] WARN  FloatLine: Parameter is null
2026-09-15 21:32:43.860 [Thread-28] WARN  FloatLine: Parameter is null
2026-09-15 21:32:43.926 [Thread-28] WARN  FloatLine: Parameter is null
2026-09-15 21:32:44.054 [Thread-28] WARN  FloatLine: Parameter is null
2026-09-15 21:32:45.591 [Thread-28] WARN  FloatLine: Parameter is null
2026-09-15 21:32:45.592 [Thread-28] WARN  FloatLine: Parameter is null
2026-09-15 21:34:27.470 [Thread-28] WARN  FloatLine: Parameter is null
2026-09-15 21:34:27.681 [Thread-28] WARN  FloatLine: Parameter is null
2026-09-15 21:34:27.682 [Thread-28] WARN  FloatLine: Parameter is null
2026-09-15 21:34:27.683 [Thread-28] WARN  FloatLine: Parameter is null
2026-09-15 21:34:27.684 [Thread-28] WARN  FloatLine: Parameter is null
2026-09-15 21:34:27.684 [Thread-28] WARN  FloatLine: Parameter is null
2026-09-15 21:34:27.685 [Thread-28] WARN  FloatLine: Parameter is null
2026-09-15 21:34:29.136 [Thread-28] WARN  FloatLine: Parameter is null
2026-09-15 21:34:29.137 [Thread-28] WARN  FloatLine: Parameter is null
2026-09-15 21:34:29.138 [Thread-28] WARN  FloatLine: Parameter is null
2026-09-15 21:34:29.139 [Thread-28] WARN  FloatLine: Parameter is null
2026-09-15 21:34:29.139 [Thread-28] WARN  FloatLine: Parameter is null
2026-09-15 21:34:29.141 [Thread-28] WARN  FloatLine: Parameter is null
2026-09-15 21:34:29.171 [Thread-28] WARN  FloatLine: Parameter is null
2026-09-15 21:34:29.179 [Thread-28] WARN  FloatLine: Parameter is null
2026-09-15 21:34:29.187 [Thread-28] WARN  FloatLine: Parameter is null
2026-09-15 21:34:29.188 [Thread-28] WARN  FloatLine: Parameter is null
2026-09-15 21:34:29.189 [Thread-28] WARN  FloatLine: Parameter is null
2026-09-15 21:34:29.190 [Thread-28] WARN  FloatLine: Parameter is null
2026-09-15 21:34:29.193 [Thread-28] WARN  FloatLine: Parameter is null
2026-09-15 21:34:30.586 [Thread-28] WARN  FloatLine: Parameter is null
2026-09-15 21:34:30.638 [Thread-28] WARN  FloatLine: Parameter is null
2026-09-15 21:34:30.739 [Thread-28] WARN  FloatLine: Parameter is null
2026-09-15 21:34:32.143 [Thread-28] WARN  FloatLine: Parameter is null
2026-09-15 21:34:32.146 [Thread-28] WARN  FloatLine: Parameter is null
2026-09-15 21:36:15.999 [Thread-28] WARN  FloatLine: Parameter is null
2026-09-15 21:36:16.244 [Thread-28] WARN  FloatLine: Parameter is null
2026-09-15 21:36:16.245 [Thread-28] WARN  FloatLine: Parameter is null
2026-09-15 21:36:16.246 [Thread-28] WARN  FloatLine: Parameter is null
2026-09-15 21:36:16.247 [Thread-28] WARN  FloatLine: Parameter is null
2026-09-15 21:36:16.247 [Thread-28] WARN  FloatLine: Parameter is null
2026-09-15 21:36:16.248 [Thread-28] WARN  FloatLine: Parameter is null
2026-09-15 21:36:18.068 [Thread-28] WARN  FloatLine: Parameter is null
2026-09-15 21:36:18.069 [Thread-28] WARN  FloatLine: Parameter is null
2026-09-15 21:36:18.070 [Thread-28] WARN  FloatLine: Parameter is null
2026-09-15 21:36:18.070 [Thread-28] WARN  FloatLine: Parameter is null
2026-09-15 21:36:18.071 [Thread-28] WARN  FloatLine: Parameter is null
2026-09-15 21:36:18.072 [Thread-28] WARN  FloatLine: Parameter is null
2026-09-15 21:36:18.098 [Thread-28] WARN  FloatLine: Parameter is null
2026-09-15 21:36:18.105 [Thread-28] WARN  FloatLine: Parameter is null
2026-09-15 21:36:18.113 [Thread-28] WARN  FloatLine: Parameter is null
2026-09-15 21:36:18.113 [Thread-28] WARN  FloatLine: Parameter is null
2026-09-15 21:36:18.114 [Thread-28] WARN  FloatLine: Parameter is null
2026-09-15 21:36:18.115 [Thread-28] WARN  FloatLine: Parameter is null
2026-09-15 21:36:18.117 [Thread-28] WARN  FloatLine: Parameter is null
2026-09-15 21:36:19.458 [Thread-28] WARN  FloatLine: Parameter is null
2026-09-15 21:36:19.506 [Thread-28] WARN  FloatLine: Parameter is null
2026-09-15 21:36:19.595 [Thread-28] WARN  FloatLine: Parameter is null
2026-09-15 21:36:20.836 [Thread-28] WARN  FloatLine: Parameter is null
2026-09-15 21:36:20.837 [Thread-28] WARN  FloatLine: Parameter is null
2026-09-15 21:38:04.684 [Thread-28] WARN  FloatLine: Parameter is null
2026-09-15 21:38:04.869 [Thread-28] WARN  FloatLine: Parameter is null
2026-09-15 21:38:04.870 [Thread-28] WARN  FloatLine: Parameter is null
2026-09-15 21:38:04.870 [Thread-28] WARN  FloatLine: Parameter is null
2026-09-15 21:38:04.871 [Thread-28] WARN  FloatLine: Parameter is null
2026-09-15 21:38:04.871 [Thread-28] WARN  FloatLine: Parameter is null
2026-09-15 21:38:04.871 [Thread-28] WARN  FloatLine: Parameter is null
2026-09-15 21:38:06.299 [Thread-28] WARN  FloatLine: Parameter is null
2026-09-15 21:38:06.300 [Thread-28] WARN  FloatLine: Parameter is null
2026-09-15 21:38:06.301 [Thread-28] WARN  FloatLine: Parameter is null
2026-09-15 21:38:06.301 [Thread-28] WARN  FloatLine: Parameter is null
2026-09-15 21:38:06.302 [Thread-28] WARN  FloatLine: Parameter is null
2026-09-15 21:38:06.303 [Thread-28] WARN  FloatLine: Parameter is null
2026-09-15 21:38:06.334 [Thread-28] WARN  FloatLine: Parameter is null
2026-09-15 21:38:06.341 [Thread-28] WARN  FloatLine: Parameter is null
2026-09-15 21:38:06.349 [Thread-28] WARN  FloatLine: Parameter is null
2026-09-15 21:38:06.350 [Thread-28] WARN  FloatLine: Parameter is null
2026-09-15 21:38:06.351 [Thread-28] WARN  FloatLine: Parameter is null
2026-09-15 21:38:06.352 [Thread-28] WARN  FloatLine: Parameter is null
2026-09-15 21:38:06.354 [Thread-28] WARN  FloatLine: Parameter is null
2026-09-15 21:38:07.793 [Thread-28] WARN  FloatLine: Parameter is null
2026-09-15 21:38:07.863 [Thread-28] WARN  FloatLine: Parameter is null
2026-09-15 21:38:07.998 [Thread-28] WARN  FloatLine: Parameter is null
2026-09-15 21:38:09.777 [Thread-28] WARN  FloatLine: Parameter is null
2026-09-15 21:38:09.778 [Thread-28] WARN  FloatLine: Parameter is null
2026-09-15 21:40:00.957 [Thread-28] WARN  FloatLine: Parameter is null
2026-09-15 21:40:01.220 [Thread-28] WARN  FloatLine: Parameter is null
2026-09-15 21:40:01.221 [Thread-28] WARN  FloatLine: Parameter is null
2026-09-15 21:40:01.222 [Thread-28] WARN  FloatLine: Parameter is null
2026-09-15 21:40:01.223 [Thread-28] WARN  FloatLine: Parameter is null
2026-09-15 21:40:01.224 [Thread-28] WARN  FloatLine: Parameter is null
2026-09-15 21:40:01.225 [Thread-28] WARN  FloatLine: Parameter is null
2026-09-15 21:40:03.067 [Thread-28] WARN  FloatLine: Parameter is null
2026-09-15 21:40:03.068 [Thread-28] WARN  FloatLine: Parameter is null
2026-09-15 21:40:03.068 [Thread-28] WARN  FloatLine: Parameter is null
2026-09-15 21:40:03.069 [Thread-28] WARN  FloatLine: Parameter is null
2026-09-15 21:40:03.071 [Thread-28] WARN  FloatLine: Parameter is null
2026-09-15 21:40:03.073 [Thread-28] WARN  FloatLine: Parameter is null
2026-09-15 21:40:03.100 [Thread-28] WARN  FloatLine: Parameter is null
2026-09-15 21:40:03.109 [Thread-28] WARN  FloatLine: Parameter is null
2026-09-15 21:40:03.122 [Thread-28] WARN  FloatLine: Parameter is null
2026-09-15 21:40:03.124 [Thread-28] WARN  FloatLine: Parameter is null
2026-09-15 21:40:03.126 [Thread-28] WARN  FloatLine: Parameter is null
2026-09-15 21:40:03.127 [Thread-28] WARN  FloatLine: Parameter is null
2026-09-15 21:40:03.130 [Thread-28] WARN  FloatLine: Parameter is null
2026-09-15 21:40:04.571 [Thread-28] WARN  FloatLine: Parameter is null
2026-09-15 21:40:04.624 [Thread-28] WARN  FloatLine: Parameter is null
2026-09-15 21:40:04.721 [Thread-28] WARN  FloatLine: Parameter is null
2026-09-15 21:40:05.992 [Thread-28] WARN  FloatLine: Parameter is null
2026-09-15 21:40:05.994 [Thread-28] WARN  FloatLine: Parameter is null
2026-09-15 21:41:46.845 [Thread-28] WARN  FloatLine: Parameter is null
2026-09-15 21:41:47.078 [Thread-28] WARN  FloatLine: Parameter is null
2026-09-15 21:41:47.079 [Thread-28] WARN  FloatLine: Parameter is null
2026-09-15 21:41:47.080 [Thread-28] WARN  FloatLine: Parameter is null
2026-09-15 21:41:47.080 [Thread-28] WARN  FloatLine: Parameter is null
2026-09-15 21:41:47.081 [Thread-28] WARN  FloatLine: Parameter is null
2026-09-15 21:41:47.082 [Thread-28] WARN  FloatLine: Parameter is null
2026-09-15 21:41:48.942 [Thread-28] WARN  FloatLine: Parameter is null
2026-09-15 21:41:48.943 [Thread-28] WARN  FloatLine: Parameter is null
2026-09-15 21:41:48.944 [Thread-28] WARN  FloatLine: Parameter is null
2026-09-15 21:41:48.944 [Thread-28] WARN  FloatLine: Parameter is null
2026-09-15 21:41:48.945 [Thread-28] WARN  FloatLine: Parameter is null
2026-09-15 21:41:48.947 [Thread-28] WARN  FloatLine: Parameter is null
2026-09-15 21:41:48.983 [Thread-28] WARN  FloatLine: Parameter is null
2026-09-15 21:41:48.993 [Thread-28] WARN  FloatLine: Parameter is null
2026-09-15 21:41:49.004 [Thread-28] WARN  FloatLine: Parameter is null
2026-09-15 21:41:49.005 [Thread-28] WARN  FloatLine: Parameter is null
2026-09-15 21:41:49.006 [Thread-28] WARN  FloatLine: Parameter is null
2026-09-15 21:41:49.006 [Thread-28] WARN  FloatLine: Parameter is null
2026-09-15 21:41:49.008 [Thread-28] WARN  FloatLine: Parameter is null
2026-09-15 21:41:50.294 [Thread-28] WARN  FloatLine: Parameter is null
2026-09-15 21:41:50.341 [Thread-28] WARN  FloatLine: Parameter is null
2026-09-15 21:41:50.431 [Thread-28] WARN  FloatLine: Parameter is null
2026-09-15 21:41:51.601 [Thread-28] WARN  FloatLine: Parameter is null
2026-09-15 21:41:51.602 [Thread-28] WARN  FloatLine: Parameter is null
2026-09-15 21:43:36.542 [Thread-28] WARN  FloatLine: Parameter is null
2026-09-15 21:43:36.780 [Thread-28] WARN  FloatLine: Parameter is null
2026-09-15 21:43:36.781 [Thread-28] WARN  FloatLine: Parameter is null
2026-09-15 21:43:36.781 [Thread-28] WARN  FloatLine: Parameter is null
2026-09-15 21:43:36.782 [Thread-28] WARN  FloatLine: Parameter is null
2026-09-15 21:43:36.783 [Thread-28] WARN  FloatLine: Parameter is null
2026-09-15 21:43:36.783 [Thread-28] WARN  FloatLine: Parameter is null
2026-09-15 21:43:38.625 [Thread-28] WARN  FloatLine: Parameter is null
2026-09-15 21:43:38.626 [Thread-28] WARN  FloatLine: Parameter is null
2026-09-15 21:43:38.627 [Thread-28] WARN  FloatLine: Parameter is null
2026-09-15 21:43:38.628 [Thread-28] WARN  FloatLine: Parameter is null
2026-09-15 21:43:38.628 [Thread-28] WARN  FloatLine: Parameter is null
2026-09-15 21:43:38.630 [Thread-28] WARN  FloatLine: Parameter is null
2026-09-15 21:43:38.665 [Thread-28] WARN  FloatLine: Parameter is null
2026-09-15 21:43:38.675 [Thread-28] WARN  FloatLine: Parameter is null
2026-09-15 21:43:38.686 [Thread-28] WARN  FloatLine: Parameter is null
2026-09-15 21:43:38.687 [Thread-28] WARN  FloatLine: Parameter is null
2026-09-15 21:43:38.688 [Thread-28] WARN  FloatLine: Parameter is null
2026-09-15 21:43:38.688 [Thread-28] WARN  FloatLine: Parameter is null
2026-09-15 21:43:38.692 [Thread-28] WARN  FloatLine: Parameter is null
2026-09-15 21:43:40.023 [Thread-28] WARN  FloatLine: Parameter is null
2026-09-15 21:43:40.077 [Thread-28] WARN  FloatLine: Parameter is null
2026-09-15 21:43:40.174 [Thread-28] WARN  FloatLine: Parameter is null
2026-09-15 21:43:41.273 [Thread-28] WARN  FloatLine: Parameter is null
2026-09-15 21:43:41.273 [Thread-28] WARN  FloatLine: Parameter is null
2026-09-15 21:45:20.849 [Thread-28] WARN  FloatLine: Parameter is null
2026-09-15 21:45:21.094 [Thread-28] WARN  FloatLine: Parameter is null
2026-09-15 21:45:21.095 [Thread-28] WARN  FloatLine: Parameter is null
2026-09-15 21:45:21.096 [Thread-28] WARN  FloatLine: Parameter is null
2026-09-15 21:45:21.097 [Thread-28] WARN  FloatLine: Parameter is null
2026-09-15 21:45:21.097 [Thread-28] WARN  FloatLine: Parameter is null
2026-09-15 21:45:21.098 [Thread-28] WARN  FloatLine: Parameter is null
2026-09-15 21:45:23.007 [Thread-28] WARN  FloatLine: Parameter is null
2026-09-15 21:45:23.008 [Thread-28] WARN  FloatLine: Parameter is null
2026-09-15 21:45:23.008 [Thread-28] WARN  FloatLine: Parameter is null
2026-09-15 21:45:23.009 [Thread-28] WARN  FloatLine: Parameter is null
2026-09-15 21:45:23.010 [Thread-28] WARN  FloatLine: Parameter is null
2026-09-15 21:45:23.011 [Thread-28] WARN  FloatLine: Parameter is null
2026-09-15 21:45:23.052 [Thread-28] WARN  FloatLine: Parameter is null
2026-09-15 21:45:23.062 [Thread-28] WARN  FloatLine: Parameter is null
2026-09-15 21:45:23.073 [Thread-28] WARN  FloatLine: Parameter is null
2026-09-15 21:45:23.074 [Thread-28] WARN  FloatLine: Parameter is null
2026-09-15 21:45:23.075 [Thread-28] WARN  FloatLine: Parameter is null
2026-09-15 21:45:23.076 [Thread-28] WARN  FloatLine: Parameter is null
2026-09-15 21:45:23.078 [Thread-28] WARN  FloatLine: Parameter is null
2026-09-15 21:45:24.755 [Thread-28] WARN  FloatLine: Parameter is null
2026-09-15 21:45:24.804 [Thread-28] WARN  FloatLine: Parameter is null
2026-09-15 21:45:24.897 [Thread-28] WARN  FloatLine: Parameter is null
2026-09-15 21:45:26.276 [Thread-28] WARN  FloatLine: Parameter is null
2026-09-15 21:45:26.277 [Thread-28] WARN  FloatLine: Parameter is null
2026-09-15 21:47:16.859 [Thread-28] INFO  Auto-routing was completed in 37 minute(s) 10.09 seconds.
2026-09-15 21:47:16.961 [Thread-28] INFO  Starting route optimization on 1 thread...
2026-09-15 21:47:19.694 [Thread-28] INFO  Route optimization was completed in 2.73 seconds.
2026-09-15 21:47:19.750 [Thread-28] INFO  Saving '/home/david/pcb/.claude/worktrees/route-finish/autoroute.ses'...
